timestamp_utc,last_bar_date,gc_close,gvz,rv7,rv30,parkinson7,front_iv_manual,gap_gvz_rv30,gap_gvz_rv7,gap_gvz_pk7,gap_front_rv7,partial_bar,source
,2008-06-03,881.60,22.89,23.39,21.86,,,1.03,-0.50,,,0,backfill
,2008-06-04,879.90,22.69,21.52,21.67,,,1.02,1.17,,,0,backfill
,2008-06-05,871.80,22.78,19.87,21.27,,,1.51,2.91,,,0,backfill
,2008-06-06,895.40,23.60,27.63,21.86,21.97,,1.74,-4.03,1.63,,0,backfill
,2008-06-09,894.70,24.47,21.30,21.86,19.43,,2.61,3.17,5.04,,0,backfill
,2008-06-10,867.90,25.39,27.95,23.50,19.56,,1.89,-2.56,5.83,,0,backfill
,2008-06-11,879.70,25.36,29.28,23.06,19.13,,2.30,-3.92,6.23,,0,backfill
,2008-06-12,869.20,25.04,29.17,23.00,18.18,,2.04,-4.13,6.86,,0,backfill
,2008-06-13,870.30,24.94,29.24,22.46,18.17,,2.48,-4.30,6.77,,0,backfill
,2008-06-16,883.60,24.98,30.20,22.75,19.44,,2.23,-5.22,5.54,,0,backfill
,2008-06-17,884.30,24.45,24.78,22.12,17.55,,2.33,-0.33,6.90,,0,backfill
,2008-06-18,890.90,23.93,25.40,22.19,16.16,,1.74,-1.47,7.77,,0,backfill
,2008-06-19,901.70,24.33,15.21,22.30,15.53,,2.03,9.12,8.80,,0,backfill
,2008-06-20,901.30,26.22,14.39,22.04,14.87,,4.18,11.83,11.35,,0,backfill
,2008-06-23,884.80,27.18,17.50,22.70,16.60,,4.48,9.68,10.58,,0,backfill
,2008-06-24,889.20,26.79,17.53,22.74,16.26,,4.05,9.26,10.53,,0,backfill
,2008-06-25,880.00,26.78,16.81,22.36,13.96,,4.42,9.97,12.82,,0,backfill
,2008-06-26,913.10,27.33,28.19,24.69,13.31,,2.64,-0.86,14.02,,0,backfill
,2008-06-27,929.30,26.47,29.26,24.79,14.61,,1.68,-2.79,11.86,,0,backfill
,2008-06-30,926.20,26.92,29.38,24.04,13.47,,2.88,-2.46,13.45,,0,backfill
,2008-07-01,942.50,27.64,30.24,24.46,13.57,,3.18,-2.60,14.07,,0,backfill
,2008-07-02,944.80,27.54,25.20,24.08,10.42,,3.46,2.34,17.12,,0,backfill
,2008-07-03,931.90,26.85,28.82,24.31,12.04,,2.54,-1.97,14.81,,0,backfill
,2008-07-07,927.30,26.59,27.62,24.13,13.22,,2.46,-1.03,13.37,,0,backfill
,2008-07-08,921.90,26.12,19.06,24.07,13.24,,2.05,7.06,12.88,,0,backfill
,2008-07-09,927.30,26.09,15.91,23.41,11.92,,2.68,10.18,14.17,,0,backfill
,2008-07-10,940.90,26.79,17.97,23.59,12.32,,3.20,8.82,14.47,,0,backfill
,2008-07-11,959.50,33.32,18.75,22.64,13.65,,10.68,14.57,19.67,,0,backfill
,2008-07-14,972.70,31.09,19.90,22.72,14.82,,8.37,11.19,16.27,,0,backfill
,2008-07-15,977.70,30.40,15.50,22.71,13.85,,7.69,14.90,16.55,,0,backfill
,2008-07-16,961.80,28.41,20.02,22.95,,,5.46,8.39,,,0,backfill
,2008-07-17,970.00,27.28,18.49,22.96,,,4.32,8.79,,,0,backfill
,2008-07-18,957.30,27.05,22.24,23.17,,,3.88,4.81,,,0,backfill
,2008-07-21,963.10,26.61,21.19,22.09,,,4.52,5.42,,,0,backfill
,2008-07-22,948.00,25.81,20.42,22.70,,,3.11,5.39,,,0,backfill
,2008-07-23,922.40,25.64,22.20,22.34,,,3.30,3.44,,,0,backfill
,2008-07-24,922.00,26.15,21.09,22.08,,,4.07,5.06,,,0,backfill
,2008-07-25,926.60,26.06,21.57,21.72,9.06,,4.34,4.49,17.00,,0,backfill
,2008-07-28,927.60,26.45,19.98,21.72,5.92,,4.73,6.47,20.53,,0,backfill
,2008-07-29,916.40,25.46,19.84,21.74,5.95,,3.72,5.62,19.51,,0,backfill
,2008-07-30,902.90,24.92,18.31,22.23,11.85,,2.69,6.61,13.07,,0,backfill
,2008-07-31,913.90,22.94,21.48,22.40,14.10,,0.54,1.46,8.84,,0,backfill
,2008-08-01,909.00,24.73,15.04,22.21,14.56,,2.52,9.69,10.17,,0,backfill
,2008-08-04,900.10,25.42,15.66,22.40,16.64,,3.02,9.76,8.78,,0,backfill
,2008-08-05,878.60,26.54,18.58,22.86,18.66,,3.68,7.96,7.88,,0,backfill
,2008-08-06,875.60,25.67,17.88,22.83,19.09,,2.84,7.79,6.58,,0,backfill
,2008-08-07,870.70,24.84,17.71,22.69,19.87,,2.15,7.13,4.97,,0,backfill
,2008-08-08,857.80,26.56,17.72,20.12,18.68,,6.44,8.84,7.88,,0,backfill
,2008-08-11,821.50,31.79,22.66,22.53,25.87,,9.26,9.13,5.92,,0,backfill
,2008-08-12,808.20,32.18,21.59,22.80,27.20,,9.38,10.59,4.98,,0,backfill
,2008-08-13,825.00,28.78,31.25,23.08,27.10,,5.70,-2.47,1.68,,0,backfill
,2008-08-14,808.20,29.01,30.76,23.45,28.17,,5.56,-1.75,0.84,,0,backfill
,2008-08-15,786.00,32.58,31.40,24.24,29.06,,8.34,1.18,3.52,,0,backfill
,2008-08-18,799.70,32.06,36.92,25.13,28.86,,6.93,-4.86,3.20,,0,backfill
,2008-08-19,811.10,30.89,40.00,25.73,29.98,,5.16,-9.11,0.91,,0,backfill
,2008-08-20,810.30,29.61,31.50,25.57,23.25,,4.04,-1.89,6.36,,0,backfill
,2008-08-21,833.00,29.47,34.02,26.68,21.38,,2.79,-4.55,8.09,,0,backfill
,2008-08-22,827.40,28.12,32.45,25.73,20.67,,2.39,-4.33,7.45,,0,backfill
,2008-08-25,819.80,28.71,29.98,25.14,,,3.57,-1.27,,,0,backfill
,2008-08-26,822.20,28.55,21.62,25.06,,,3.49,6.93,,,0,backfill
,2008-08-27,828.10,27.91,20.30,25.12,,,2.79,7.61,,,0,backfill
,2008-08-28,830.90,27.50,19.26,24.93,,,2.57,8.24,,,0,backfill
,2008-08-29,829.30,27.37,19.36,24.83,,,2.54,8.01,,,0,backfill
,2008-09-02,805.00,29.52,19.69,25.62,,,3.90,9.83,,,0,backfill
,2008-09-03,802.70,29.59,19.67,25.47,,,4.12,9.92,,,0,backfill
,2008-09-04,797.90,29.79,19.43,24.61,,,5.18,10.36,,,0,backfill
,2008-09-05,797.60,29.87,19.04,24.61,26.05,,5.26,10.83,3.82,,0,backfill
,2008-09-08,797.50,30.90,17.65,24.48,27.03,,6.42,13.25,3.87,,0,backfill
,2008-09-09,787.10,33.08,16.97,24.52,27.74,,8.56,16.11,5.34,,0,backfill
,2008-09-10,757.90,33.96,24.01,26.20,30.74,,7.76,9.95,3.22,,0,backfill
,2008-09-11,741.30,35.95,22.12,26.49,23.04,,9.46,13.83,12.91,,0,backfill
,2008-09-12,760.30,35.08,31.40,27.55,22.31,,7.53,3.68,12.77,,0,backfill
,2008-09-15,783.10,38.46,38.64,29.43,22.44,,9.03,-0.18,16.02,,0,backfill
,2008-09-16,776.50,40.18,38.75,29.41,21.40,,10.77,1.43,18.78,,0,backfill
,2008-09-17,846.60,50.36,66.84,39.02,23.04,,11.34,-16.48,27.32,,0,backfill
,2008-09-18,892.70,54.65,69.57,42.06,37.23,,12.59,-14.92,17.42,,0,backfill
,2008-09-19,860.60,47.26,69.17,43.40,,,3.86,-21.91,,,0,backfill
,2008-09-22,903.90,52.36,64.81,45.45,,,6.91,-12.45,,,0,backfill
,2008-09-23,885.50,49.03,71.23,43.95,,,5.08,-22.20,,,0,backfill
,2008-09-24,889.00,43.31,71.71,43.59,,,-0.28,-28.40,,,0,backfill
,2008-09-25,877.70,43.94,72.43,43.50,,,0.44,-28.49,,,0,backfill
,2008-09-26,882.90,45.28,54.02,42.98,,,2.30,-8.74,,,0,backfill
,2008-09-29,888.20,50.57,43.09,41.98,,,8.59,7.48,,,0,backfill
,2008-09-30,874.20,48.92,37.23,42.17,33.54,,6.75,11.69,15.38,,0,backfill
,2008-10-01,880.70,47.20,19.26,42.06,33.64,,5.14,27.94,13.56,,0,backfill
,2008-10-02,839.00,52.54,32.37,44.61,37.53,,7.93,20.17,15.01,,0,backfill
,2008-10-03,828.90,50.05,31.36,44.04,38.34,,6.01,18.69,11.71,,0,backfill
,2008-10-06,862.70,54.58,43.15,45.49,42.35,,9.09,11.43,12.23,,0,backfill
,2008-10-07,878.40,51.51,44.72,45.63,43.51,,5.88,6.79,8.00,,0,backfill
,2008-10-08,903.10,50.93,47.88,46.22,40.90,,4.71,3.05,10.03,,0,backfill
,2008-10-09,883.10,52.46,49.07,46.78,36.58,,5.68,3.39,15.88,,0,backfill
,2008-10-10,855.40,64.53,52.60,47.81,49.08,,16.72,11.93,15.45,,0,backfill
,2008-10-13,838.90,61.23,44.59,48.17,47.72,,13.06,16.64,13.51,,0,backfill
,2008-10-14,836.30,55.11,43.89,47.33,47.24,,7.78,11.22,7.87,,0,backfill
,2008-10-15,835.50,55.80,34.63,47.32,44.20,,8.48,21.17,11.60,,0,backfill
,2008-10-16,801.50,54.91,36.68,48.90,49.57,,6.01,18.23,5.34,,0,backfill
,2008-10-17,785.10,55.32,23.00,49.27,49.56,,6.05,32.32,5.76,,0,backfill
,2008-10-20,787.60,49.36,26.70,49.28,47.91,,0.08,22.66,1.45,,0,backfill
,2008-10-21,766.10,47.95,25.78,49.78,36.08,,-1.83,22.17,11.87,,0,backfill
,2008-10-22,733.30,57.82,30.87,50.20,41.58,,7.62,26.95,16.24,,0,backfill
,2008-10-23,713.30,54.21,28.94,50.42,41.79,,3.79,25.27,12.42,,0,backfill
,2008-10-24,729.10,57.90,38.00,50.27,49.26,,7.63,19.90,8.64,,0,backfill
,2008-10-27,741.70,59.43,39.94,49.74,45.57,,9.69,19.49,13.86,,0,backfill
,2008-10-28,739.30,60.20,39.55,49.70,43.89,,10.50,20.65,16.31,,0,backfill
,2008-10-29,752.80,59.65,42.33,42.62,,,17.03,17.32,,,0,backfill
,2008-10-30,737.20,58.25,41.08,39.29,,,18.96,17.17,,,0,backfill
,2008-10-31,716.80,55.61,35.66,38.80,,,16.81,19.95,,,0,backfill
,2008-11-03,725.40,52.80,32.01,35.56,,,17.24,20.79,,,0,backfill
,2008-11-04,756.00,50.56,38.45,38.00,,,12.56,12.11,,,0,backfill
,2008-11-05,741.30,47.62,39.94,38.12,,,9.50,7.68,,,0,backfill
,2008-11-06,731.20,46.71,40.78,38.13,,,8.58,5.93,,,0,backfill
,2008-11-07,733.20,44.37,38.65,38.06,30.60,,6.31,5.72,13.77,,0,backfill
,2008-11-10,745.60,44.79,38.24,38.48,25.84,,6.31,6.55,18.95,,0,backfill
,2008-11-11,732.00,44.50,35.42,38.55,24.49,,5.95,9.08,20.01,,0,backfill
,2008-11-12,717.70,45.65,37.12,38.53,25.18,,7.12,8.53,20.47,,0,backfill
,2008-11-13,704.90,48.36,22.59,36.63,19.51,,11.73,25.77,28.85,,0,backfill
,2008-11-14,742.40,50.31,42.08,40.19,20.09,,10.12,8.23,30.22,,0,backfill
,2008-11-17,741.90,48.52,40.98,38.03,,,10.49,7.54,,,0,backfill
,2008-11-18,732.60,46.22,41.90,37.44,,,8.78,4.32,,,0,backfill
,2008-11-19,735.90,44.95,40.44,36.21,,,8.74,4.51,,,0,backfill
,2008-11-20,748.60,46.02,39.95,36.54,,,9.48,6.07,,,0,backfill
,2008-11-21,791.70,53.09,46.92,39.76,,,13.33,6.17,,,0,backfill
,2008-11-24,819.40,54.34,42.19,40.82,,,13.52,12.15,,,0,backfill
,2008-11-25,818.40,52.14,37.97,40.82,,,11.32,14.17,,,0,backfill
,2008-11-26,808.50,49.74,40.38,40.95,,,8.79,9.36,,,0,backfill
,2008-11-28,816.20,48.81,36.66,39.21,,,9.60,12.15,,,0,backfill
,2008-12-01,774.60,49.86,55.03,41.69,,,8.17,-5.17,,,0,backfill
,2008-12-02,781.30,48.06,54.63,41.76,,,6.30,-6.57,,,0,backfill
,2008-12-03,768.80,47.22,42.84,41.23,,,5.99,4.38,,,0,backfill
,2008-12-04,763.80,46.49,33.35,39.15,,,7.34,13.14,,,0,backfill
,2008-12-05,750.50,46.24,32.97,38.61,33.45,,7.63,13.27,12.79,,0,backfill
,2008-12-08,767.40,45.46,38.99,38.62,34.97,,6.84,6.47,10.49,,0,backfill
,2008-12-09,772.40,44.40,38.48,38.38,35.27,,6.02,5.92,9.13,,0,backfill
,2008-12-10,807.10,45.46,34.98,40.27,29.28,,5.19,10.48,16.18,,0,backfill
,2008-12-11,824.90,46.49,36.29,40.41,29.93,,6.08,10.20,16.56,,0,backfill
,2008-12-12,818.90,46.02,34.17,39.90,29.17,,6.12,11.85,16.85,,0,backfill
,2008-12-15,835.40,48.54,32.78,39.01,28.89,,9.53,15.76,19.65,,0,backfill
,2008-12-16,841.70,46.77,25.71,38.97,27.78,,7.80,21.06,18.99,,0,backfill
,2008-12-17,867.50,46.92,26.88,38.19,28.19,,8.73,20.04,18.73,,0,backfill
,2008-12-18,859.60,44.61,30.91,37.73,28.76,,6.88,13.70,15.85,,0,backfill
,2008-12-19,836.40,42.33,32.70,38.52,27.07,,3.81,9.63,15.26,,0,backfill
,2008-12-22,846.20,41.71,31.04,38.57,23.52,,3.14,10.67,18.19,,0,backfill
,2008-12-23,837.20,39.71,31.61,38.65,23.47,,1.06,8.10,16.24,,0,backfill
,2008-12-24,847.10,39.62,30.13,38.12,22.58,,1.50,9.49,17.04,,0,backfill
,2008-12-26,870.40,41.93,33.72,37.91,22.31,,4.02,8.21,19.62,,0,backfill
,2008-12-29,874.60,44.33,28.77,37.21,18.34,,7.12,15.56,25.99,,0,backfill
,2008-12-30,869.30,43.61,28.36,34.88,16.80,,8.73,15.25,26.81,,0,backfill
,2008-12-31,883.60,42.89,20.70,34.98,18.06,,7.91,22.19,24.83,,0,backfill
,2009-01-02,878.80,41.86,21.89,34.71,18.55,,7.15,19.97,23.31,,0,backfill
,2009-01-05,857.20,40.31,27.27,35.85,23.33,,4.46,13.04,16.98,,0,backfill
,2009-01-06,865.40,39.87,27.01,35.70,25.70,,4.17,12.86,14.17,,0,backfill
,2009-01-07,841.10,39.72,26.80,33.51,26.26,,6.21,12.92,13.46,,0,backfill
,2009-01-08,853.90,39.68,28.98,32.33,27.84,,7.35,10.70,11.84,,0,backfill
,2009-01-09,854.30,37.82,29.00,32.33,27.54,,5.49,8.82,10.28,,0,backfill
,2009-01-12,820.30,36.93,33.29,34.35,28.44,,2.58,3.64,8.49,,0,backfill
,2009-01-13,820.10,35.24,33.78,34.25,28.29,,0.99,1.46,6.95,,0,backfill
,2009-01-14,808.20,35.03,32.39,30.80,24.55,,4.23,2.64,10.48,,0,backfill
,2009-01-15,806.70,35.25,30.41,30.73,21.65,,4.52,4.84,13.60,,0,backfill
,2009-01-16,839.30,34.45,39.23,32.23,18.13,,2.22,-4.78,16.32,,0,backfill
,2009-01-20,854.60,37.81,39.75,32.40,22.50,,5.41,-1.94,15.31,,0,backfill
,2009-01-21,849.60,35.95,39.91,31.90,22.66,,4.05,-3.96,13.29,,0,backfill
,2009-01-22,858.20,35.18,28.67,31.49,19.83,,3.69,6.51,15.35,,0,backfill
,2009-01-23,895.30,39.56,35.14,33.42,21.69,,6.14,4.42,17.87,,0,backfill
,2009-01-26,908.50,40.27,29.59,31.47,21.32,,8.80,10.68,18.95,,0,backfill
,2009-01-27,899.20,37.28,32.14,31.26,21.50,,6.02,5.14,15.78,,0,backfill
,2009-01-28,888.10,37.77,30.89,31.44,21.64,,6.33,6.88,16.13,,0,backfill
,2009-01-29,905.10,38.70,31.01,31.39,20.01,,7.31,7.69,18.69,,0,backfill
,2009-01-30,927.30,39.90,30.53,31.98,22.59,,7.92,9.37,17.31,,0,backfill
,2009-02-02,906.70,40.17,37.15,31.77,24.11,,8.40,3.02,16.06,,0,backfill
,2009-02-03,892.00,39.20,30.34,32.04,23.96,,7.16,8.86,15.24,,0,backfill
,2009-02-04,901.60,38.81,29.59,30.97,24.09,,7.84,9.22,14.72,,0,backfill
,2009-02-05,913.60,38.56,29.88,31.02,25.16,,7.54,8.68,13.40,,0,backfill
,2009-02-06,913.90,37.90,28.18,30.77,25.02,,7.13,9.72,12.88,,0,backfill
,2009-02-09,892.40,37.24,30.31,31.60,21.89,,5.64,6.93,15.35,,0,backfill
,2009-02-10,913.70,37.04,30.07,31.37,21.41,,5.67,6.97,15.63,,0,backfill
,2009-02-11,943.80,39.18,32.41,32.61,23.08,,6.57,6.77,16.10,,0,backfill
,2009-02-12,948.50,39.50,28.61,32.51,21.99,,6.99,10.89,17.51,,0,backfill
,2009-02-13,941.50,37.51,30.12,32.39,22.03,,5.12,7.39,15.48,,0,backfill
,2009-02-17,967.00,42.83,32.45,33.07,24.75,,9.76,10.38,18.08,,0,backfill
,2009-02-18,977.70,43.09,32.00,32.04,26.28,,11.05,11.09,16.81,,0,backfill
,2009-02-19,976.10,39.21,24.04,32.05,25.68,,7.16,15.17,13.53,,0,backfill
,2009-02-20,1001.80,40.73,24.53,31.12,26.52,,9.61,16.20,14.21,,0,backfill
,2009-02-23,994.60,42.23,22.93,31.22,23.57,,11.01,19.30,18.66,,0,backfill
,2009-02-24,969.10,40.87,30.60,32.47,25.02,,8.40,10.27,15.85,,0,backfill
,2009-02-25,965.70,41.15,30.12,29.68,26.15,,11.47,11.03,15.00,,0,backfill
,2009-02-26,941.80,39.95,29.46,30.94,23.91,,9.01,10.49,16.04,,0,backfill
,2009-02-27,941.50,39.06,27.81,30.44,25.68,,8.62,11.25,13.38,,0,backfill
,2009-03-02,939.00,41.41,27.76,30.46,29.16,,10.95,13.65,12.25,,0,backfill
,2009-03-03,912.90,38.27,19.82,30.11,28.32,,8.16,18.45,9.95,,0,backfill
,2009-03-04,906.00,37.05,19.77,29.90,29.15,,7.15,17.28,7.90,,0,backfill
,2009-03-05,927.00,37.80,27.06,30.41,28.74,,7.39,10.74,9.06,,0,backfill
,2009-03-06,942.10,38.90,30.30,30.58,27.69,,8.32,8.60,11.21,,0,backfill
,2009-03-09,917.70,37.71,30.66,29.37,28.14,,8.34,7.05,9.57,,0,backfill
,2009-03-10,895.60,35.95,32.86,29.95,27.42,,6.00,3.09,8.53,,0,backfill
,2009-03-11,910.40,35.58,35.81,30.19,24.23,,5.39,-0.23,11.35,,0,backfill
,2009-03-12,923.70,33.85,32.95,30.20,23.38,,3.65,0.90,10.47,,0,backfill
,2009-03-13,929.80,33.65,32.37,29.78,22.06,,3.87,1.28,11.59,,0,backfill
,2009-03-16,921.60,35.27,29.98,29.07,20.64,,6.20,5.29,14.63,,0,backfill
,2009-03-17,916.40,22.58,27.54,28.35,20.60,,-5.77,-4.96,1.98,,0,backfill
,2009-03-18,888.70,25.69,29.14,29.37,29.38,,-3.68,-3.45,-3.69,,0,backfill
,2009-03-19,958.30,41.52,52.67,36.55,28.80,,4.97,-11.15,12.72,,0,backfill
,2009-03-20,955.80,38.90,52.89,36.42,27.97,,2.48,-13.99,10.93,,0,backfill
,2009-03-23,952.10,29.76,52.94,36.45,27.48,,-6.69,-23.18,2.28,,0,backfill
,2009-03-24,923.30,36.28,56.85,36.91,,,-0.63,-20.57,,,0,backfill
,2009-03-25,935.40,36.28,57.10,36.48,,,-0.20,-20.82,,,0,backfill
,2009-03-26,939.60,35.19,56.84,35.25,,,-0.06,-21.65,,,0,backfill
,2009-03-27,923.00,33.25,54.04,35.58,,,-2.33,-20.79,,,0,backfill
,2009-03-30,915.50,33.62,22.83,35.60,,,-1.98,10.79,,,0,backfill
,2009-03-31,922.60,31.39,24.37,34.73,,,-3.34,7.02,,,0,backfill
,2009-04-01,926.10,32.33,24.95,34.56,,,-2.23,7.38,,,0,backfill
,2009-04-02,907.40,34.39,20.71,34.98,,,-0.59,13.68,,,0,backfill
,2009-04-03,895.60,36.42,18.28,34.04,,,2.38,18.14,,,0,backfill
,2009-04-06,871.50,32.95,20.30,34.71,,,-1.76,12.65,,,0,backfill
,2009-04-07,882.20,32.07,23.63,34.41,24.07,,-2.34,8.44,8.00,,0,backfill
,2009-04-08,884.80,30.42,24.22,34.46,22.56,,-4.04,6.20,7.86,,0,backfill
,2009-04-09,882.20,28.00,22.69,33.81,22.47,,-5.81,5.31,5.53,,0,backfill
,2009-04-13,894.70,29.09,25.31,34.14,22.69,,-5.05,3.78,6.40,,0,backfill
,2009-04-14,890.90,28.88,22.91,34.14,18.36,,-5.26,5.97,10.52,,0,backfill
,2009-04-15,892.80,27.47,21.78,33.22,16.91,,-5.75,5.69,10.56,,0,backfill
,2009-04-16,879.30,27.42,15.98,33.43,14.38,,-6.01,11.44,13.04,,0,backfill
,2009-04-17,867.40,27.41,16.07,32.83,14.14,,-5.42,11.34,13.27,,0,backfill
,2009-04-20,887.00,28.45,21.93,33.18,16.48,,-4.73,6.52,11.97,,0,backfill
,2009-04-21,882.10,29.00,22.15,32.40,16.85,,-3.40,6.85,12.15,,0,backfill
,2009-04-22,891.80,28.67,21.38,31.83,15.93,,-3.16,7.29,12.74,,0,backfill
,2009-04-23,905.90,29.92,23.17,31.80,16.70,,-1.88,6.75,13.22,,0,backfill
,2009-04-24,913.60,30.08,23.45,31.60,16.73,,-1.52,6.63,13.35,,0,backfill
,2009-04-27,907.40,30.24,21.08,31.59,15.18,,-1.35,9.16,15.06,,0,backfill
,2009-04-28,892.80,28.53,22.05,31.82,15.03,,-3.29,6.48,13.50,,0,backfill
,2009-04-29,899.80,27.98,18.44,31.89,13.13,,-3.91,9.54,14.85,,0,backfill
,2009-04-30,890.70,26.70,19.42,30.74,13.75,,-4.04,7.28,12.95,,0,backfill
,2009-05-01,887.60,26.44,18.34,20.86,13.51,,5.58,8.10,12.93,,0,backfill
,2009-05-04,901.60,28.26,18.32,21.52,14.68,,6.74,9.94,13.58,,0,backfill
,2009-05-05,903.70,27.49,17.38,21.54,14.99,,5.95,10.11,12.50,,0,backfill
,2009-05-06,910.50,26.77,17.68,19.86,14.78,,6.91,9.09,11.99,,0,backfill
,2009-05-07,915.00,26.75,13.30,19.51,15.24,,7.24,13.45,11.51,,0,backfill
,2009-05-08,914.40,25.93,13.12,19.45,14.19,,6.48,12.81,11.74,,0,backfill
,2009-05-11,913.00,23.60,10.42,18.78,12.28,,4.82,13.18,11.32,,0,backfill
,2009-05-12,923.50,23.80,10.04,18.93,12.22,,4.87,13.76,11.58,,0,backfill
,2009-05-13,925.50,25.41,7.28,18.81,9.18,,6.60,18.13,16.23,,0,backfill
,2009-05-14,928.00,23.08,7.26,18.80,,,4.28,15.82,,,0,backfill
,2009-05-15,930.90,22.60,6.78,17.78,,,4.82,15.82,,,0,backfill
,2009-05-18,921.30,22.46,10.37,17.61,,,4.85,12.09,,,0,backfill
,2009-05-19,926.30,22.41,10.60,15.48,,,6.93,11.81,,,0,backfill
,2009-05-20,937.00,24.74,11.68,15.44,,,9.30,13.06,,,0,backfill
,2009-05-21,950.80,27.94,12.68,15.86,,,12.08,15.26,,,0,backfill
,2009-05-22,958.50,28.34,12.78,15.86,,,12.48,15.56,,,0,backfill
,2009-05-26,953.10,26.33,14.31,15.67,,,10.66,12.02,,,0,backfill
,2009-05-27,953.20,25.82,14.48,15.57,,,10.25,11.34,,,0,backfill
,2009-05-28,961.50,26.70,10.97,15.68,,,11.02,15.73,,,0,backfill
,2009-05-29,978.80,28.44,12.99,15.36,13.03,,13.08,15.45,15.41,,0,backfill
,2009-06-01,978.60,29.50,13.51,14.52,13.68,,14.98,15.99,15.82,,0,backfill
,2009-06-02,983.20,28.69,12.16,13.45,14.79,,15.24,16.53,13.90,,0,backfill
,2009-06-03,964.50,27.64,18.45,14.76,18.31,,12.88,9.19,9.33,,0,backfill
,2009-06-04,981.20,28.16,20.06,15.16,19.59,,13.00,8.10,8.57,,0,backfill
,2009-06-05,961.70,26.82,24.85,16.11,22.11,,10.71,1.97,4.71,,0,backfill
,2009-06-08,951.70,27.09,25.11,16.38,21.49,,10.71,1.98,5.60,,0,backfill
,2009-06-09,954.00,25.03,21.59,16.19,20.78,,8.84,3.44,4.25,,0,backfill
,2009-06-10,954.00,24.78,21.60,15.29,21.00,,9.49,3.18,3.78,,0,backfill
,2009-06-11,961.30,24.44,22.14,15.29,21.31,,9.15,2.30,3.13,,0,backfill
,2009-06-12,940.10,24.79,23.13,16.50,19.97,,8.29,1.66,4.82,,0,backfill
,2009-06-15,926.90,25.31,18.45,17.07,18.91,,8.24,6.86,6.40,,0,backfill
,2009-06-16,931.60,23.12,17.77,16.58,15.82,,6.54,5.35,7.30,,0,backfill
,2009-06-17,935.40,22.80,17.87,16.60,14.93,,6.20,4.93,7.87,,0,backfill
,2009-06-18,934.00,22.43,17.58,16.50,14.41,,5.93,4.85,8.02,,0,backfill
,2009-06-19,935.60,21.64,17.73,16.46,13.07,,5.18,3.91,8.57,,0,backfill
,2009-06-22,920.60,22.10,17.61,17.17,11.32,,4.93,4.49,10.78,,0,backfill
,2009-06-23,923.90,21.93,14.17,17.19,8.88,,4.74,7.76,13.05,,0,backfill
,2009-06-24,934.10,22.74,13.49,17.17,10.83,,5.57,9.25,11.91,,0,backfill
,2009-06-25,939.10,22.72,13.53,17.22,10.74,,5.50,9.19,11.98,,0,backfill
,2009-06-26,940.70,21.97,13.39,17.21,10.64,,4.76,8.58,11.33,,0,backfill
,2009-06-29,940.40,21.72,13.32,17.19,10.19,,4.53,8.40,11.53,,0,backfill
,2009-06-30,927.10,20.90,16.10,17.44,12.34,,3.46,4.80,8.56,,0,backfill
,2009-07-01,941.00,20.29,14.79,17.89,13.54,,2.40,5.50,6.75,,0,backfill
,2009-07-02,930.70,19.93,17.02,17.88,14.26,,2.05,2.91,5.67,,0,backfill
,2009-07-06,924.00,20.60,16.04,17.42,13.10,,3.18,4.56,7.50,,0,backfill
,2009-07-07,928.80,20.71,16.01,17.31,13.47,,3.40,4.70,7.24,,0,backfill
,2009-07-08,909.00,23.58,19.67,18.27,14.36,,5.31,3.91,9.22,,0,backfill
,2009-07-09,915.90,21.02,20.96,18.45,14.61,,2.57,0.06,6.41,,0,backfill
,2009-07-10,912.20,20.79,19.68,18.22,12.89,,2.57,1.11,7.90,,0,backfill
,2009-07-13,922.20,19.27,18.32,17.68,12.52,,1.59,0.95,6.75,,0,backfill
,2009-07-14,922.50,18.80,17.45,17.68,11.36,,1.12,1.35,7.44,,0,backfill
,2009-07-15,939.10,19.36,20.12,18.50,11.24,,0.86,-0.76,8.12,,0,backfill
,2009-07-16,935.10,18.26,20.36,17.75,10.56,,0.51,-2.10,7.70,,0,backfill
,2009-07-17,937.20,18.10,12.97,16.93,9.29,,1.17,5.13,8.81,,0,backfill
,2009-07-20,948.50,18.55,13.68,16.42,8.49,,2.13,4.87,10.06,,0,backfill
,2009-07-21,946.60,18.05,13.16,16.16,8.32,,1.89,4.89,9.73,,0,backfill
,2009-07-22,953.00,17.46,12.64,16.27,6.78,,1.19,4.82,10.68,,0,backfill
,2009-07-23,954.50,18.44,12.48,16.27,6.58,,2.17,5.96,11.86,,0,backfill
,2009-07-24,952.80,18.04,8.98,16.12,4.49,,1.92,9.06,13.55,,0,backfill
,2009-07-27,953.30,18.72,7.96,14.71,4.51,,4.01,10.76,14.21,,0,backfill
,2009-07-28,939.00,19.26,13.39,14.79,6.00,,4.47,5.87,13.26,,0,backfill
,2009-07-29,927.20,19.39,12.47,15.20,,,4.19,6.92,,,0,backfill
,2009-07-30,934.90,18.85,14.29,15.34,,,3.51,4.56,,,0,backfill
,2009-07-31,953.70,20.51,18.99,16.38,,,4.13,1.52,,,0,backfill
,2009-08-03,956.60,21.11,19.06,16.40,,,4.71,2.05,,,0,backfill
,2009-08-04,967.50,23.58,20.05,15.86,,,7.72,3.53,,,0,backfill
,2009-08-05,964.20,22.12,20.33,15.92,,,6.20,1.79,,,0,backfill
,2009-08-06,960.70,21.13,17.30,15.72,,,5.41,3.83,,,0,backfill
,2009-08-07,957.30,20.95,14.40,15.71,15.20,,5.24,6.55,5.75,,0,backfill
,2009-08-10,945.00,20.33,17.42,16.19,15.58,,4.14,2.91,4.75,,0,backfill
,2009-08-11,945.80,19.61,11.83,16.19,12.25,,3.42,7.78,7.36,,0,backfill
,2009-08-12,950.70,19.83,12.21,15.66,11.90,,4.17,7.62,7.93,,0,backfill
,2009-08-13,954.70,19.97,9.71,15.12,10.05,,4.85,10.26,9.92,,0,backfill
,2009-08-14,947.00,19.56,10.40,14.95,11.18,,4.61,9.16,8.38,,0,backfill
,2009-08-17,934.30,19.83,12.33,15.34,11.51,,4.49,7.50,8.32,,0,backfill
,2009-08-18,937.70,18.93,13.16,15.31,10.98,,3.62,5.77,7.95,,0,backfill
,2009-08-19,943.30,19.38,11.97,13.90,10.83,,5.48,7.41,8.55,,0,backfill
,2009-08-20,940.30,18.12,12.06,13.83,10.75,,4.29,6.06,7.37,,0,backfill
,2009-08-21,953.20,19.11,14.62,14.22,10.42,,4.89,4.49,8.69,,0,backfill
,2009-08-24,942.30,19.65,15.88,14.41,11.64,,5.24,3.77,8.01,,0,backfill
,2009-08-25,944.50,19.56,15.38,14.42,10.92,,5.14,4.18,8.64,,0,backfill
,2009-08-26,944.30,19.60,12.40,13.48,9.54,,6.12,7.20,10.06,,0,backfill
,2009-08-27,945.50,19.52,12.31,13.42,9.79,,6.10,7.21,9.73,,0,backfill
,2009-08-28,957.00,19.32,13.77,13.84,10.23,,5.48,5.55,9.09,,0,backfill
,2009-08-31,951.70,20.43,14.22,13.52,11.45,,6.91,6.21,8.98,,0,backfill
,2009-09-01,954.70,21.40,11.70,13.53,11.67,,7.87,9.70,9.73,,0,backfill
,2009-09-02,976.60,25.58,14.86,14.91,13.64,,10.67,10.72,11.94,,0,backfill
,2009-09-03,995.80,28.86,16.93,15.86,14.51,,13.00,11.93,14.35,,0,backfill
,2009-09-04,994.90,27.23,17.07,15.85,14.61,,11.38,10.16,12.62,,0,backfill
,2009-09-08,997.90,26.97,16.83,15.85,15.22,,11.12,10.14,11.75,,0,backfill
,2009-09-09,995.30,24.71,17.52,15.11,15.13,,9.60,7.19,9.58,,0,backfill
,2009-09-10,995.40,24.22,16.29,14.48,14.52,,9.74,7.93,9.70,,0,backfill
,2009-09-11,1004.90,25.67,16.20,14.53,14.88,,11.14,9.47,10.79,,0,backfill
,2009-09-14,999.90,24.78,13.46,13.69,11.81,,11.09,11.32,12.97,,0,backfill
,2009-09-15,1005.00,24.43,7.82,13.72,10.95,,10.71,16.61,13.48,,0,backfill
,2009-09-16,1018.90,25.09,10.54,13.89,10.54,,11.20,14.55,14.55,,0,backfill
,2009-09-17,1012.30,23.53,12.11,14.01,9.73,,9.52,11.42,13.80,,0,backfill
,2009-09-18,1009.20,22.62,12.19,14.00,8.83,,8.62,10.43,13.79,,0,backfill
,2009-09-21,1003.70,23.22,12.98,14.07,8.32,,9.15,10.24,14.90,,0,backfill
,2009-09-22,1014.20,24.53,13.24,13.59,7.61,,10.94,11.29,16.92,,0,backfill
,2009-09-23,1013.00,23.98,12.66,13.63,7.78,,10.35,11.32,16.20,,0,backfill
,2009-09-24,997.50,22.00,16.00,14.53,9.78,,7.47,6.00,12.22,,0,backfill
,2009-09-25,990.20,21.79,12.40,14.73,10.37,,7.06,9.39,11.42,,0,backfill
,2009-09-28,992.50,20.40,12.80,14.46,10.00,,5.94,7.60,10.40,,0,backfill
,2009-09-29,993.10,20.45,12.96,13.75,10.35,,6.70,7.49,10.10,,0,backfill
,2009-09-30,1008.00,21.54,16.22,14.24,11.76,,7.30,5.32,9.78,,0,backfill
,2009-10-01,999.50,21.46,15.36,14.54,12.06,,6.92,6.10,9.40,,0,backfill
,2009-10-02,1003.20,21.38,15.76,14.46,13.93,,6.92,5.62,7.45,,0,backfill
,2009-10-05,1016.70,22.78,14.40,14.45,12.80,,8.33,8.38,9.98,,0,backfill
,2009-10-06,1038.60,25.36,16.14,14.88,15.11,,10.48,9.22,10.25,,0,backfill
,2009-10-07,1043.30,24.01,15.94,14.88,15.48,,9.13,8.07,8.53,,0,backfill
,2009-10-08,1055.40,24.88,15.40,15.03,15.84,,9.85,9.48,9.04,,0,backfill
,2009-10-09,1047.80,23.19,17.26,15.34,14.91,,7.85,5.93,8.28,,0,backfill
,2009-10-12,1056.70,22.47,14.22,15.20,14.75,,7.27,8.25,7.72,,0,backfill
,2009-10-13,1064.20,22.34,13.93,15.00,13.38,,7.34,8.41,8.96,,0,backfill
,2009-10-14,1063.90,20.57,14.30,15.04,13.04,,5.53,6.27,7.53,,0,backfill
,2009-10-15,1049.80,20.35,14.33,14.70,10.68,,5.65,6.02,9.67,,0,backfill
,2009-10-16,1050.70,20.76,14.18,13.78,10.99,,6.98,6.58,9.77,,0,backfill
,2009-10-19,1057.30,20.90,12.82,13.81,10.50,,7.09,8.08,10.40,,0,backfill
,2009-10-20,1057.80,20.09,11.72,13.82,10.99,,6.27,8.37,9.10,,0,backfill
,2009-10-21,1063.70,21.53,11.09,13.79,11.92,,7.74,10.44,9.61,,0,backfill
,2009-10-22,1057.80,19.75,10.75,13.96,11.70,,5.79,9.00,8.05,,0,backfill
,2009-10-23,1055.60,19.98,10.76,13.82,12.13,,6.16,9.22,7.85,,0,backfill
,2009-10-26,1042.10,20.87,10.54,14.33,12.36,,6.54,10.33,8.51,,0,backfill
,2009-10-27,1034.70,20.52,11.01,14.49,11.87,,6.03,9.51,8.65,,0,backfill
,2009-10-28,1029.90,21.19,9.30,14.06,12.18,,7.13,11.89,9.01,,0,backfill
,2009-10-29,1046.40,20.72,15.06,14.60,12.56,,6.12,5.66,8.16,,0,backfill
,2009-10-30,1039.70,21.20,14.39,14.71,11.77,,6.49,6.81,9.43,,0,backfill
,2009-11-02,1053.40,22.30,17.21,14.99,12.92,,7.31,5.09,9.38,,0,backfill
,2009-11-03,1084.30,25.25,24.56,16.78,15.53,,8.47,0.69,9.72,,0,backfill
,2009-11-04,1086.70,25.13,21.76,16.75,15.41,,8.38,3.37,9.72,,0,backfill
,2009-11-05,1088.70,22.76,20.09,15.88,15.33,,6.88,2.67,7.43,,0,backfill
,2009-11-06,1095.10,21.45,18.39,15.60,14.88,,5.85,3.06,6.57,,0,backfill
,2009-11-09,1100.80,21.92,17.76,15.61,14.39,,6.31,4.16,7.53,,0,backfill
,2009-11-10,1101.90,22.04,15.82,15.60,14.35,,6.44,6.22,7.69,,0,backfill
,2009-11-11,1114.00,22.45,15.59,15.39,13.42,,7.06,6.86,9.03,,0,backfill
,2009-11-12,1106.00,23.06,8.83,15.31,10.37,,7.75,14.23,12.69,,0,backfill
,2009-11-13,1116.10,21.90,9.56,15.40,10.02,,6.50,12.34,11.88,,0,backfill
,2009-11-16,1138.60,24.34,13.40,15.88,10.68,,8.46,10.94,13.66,,0,backfill
,2009-11-17,1138.80,23.03,13.92,15.00,10.58,,8.03,9.11,12.45,,0,backfill
,2009-11-18,1140.70,24.10,14.12,15.00,10.78,,9.10,9.98,13.32,,0,backfill
,2009-11-19,1141.40,23.96,14.17,14.79,10.65,,9.17,9.79,13.31,,0,backfill
,2009-11-20,1146.40,24.65,13.56,14.50,10.54,,10.15,11.09,14.11,,0,backfill
,2009-11-23,1164.30,25.64,12.40,14.87,,,10.77,13.24,,,0,backfill
,2009-11-24,1165.50,23.56,12.86,14.84,,,8.72,10.70,,,0,backfill
,2009-11-25,1186.90,25.39,12.09,15.44,,,9.95,13.30,,,0,backfill
,2009-11-27,1174.20,27.14,15.56,15.20,,,11.94,11.58,,,0,backfill
,2009-11-30,1181.10,26.27,15.45,15.19,,,11.08,10.82,,,0,backfill
,2009-12-01,1199.10,26.69,16.17,15.53,,,11.16,10.52,,,0,backfill
,2009-12-02,1212.00,26.74,16.18,15.59,,,11.15,10.56,,,0,backfill
,2009-12-03,1217.40,26.81,15.35,15.59,,,11.22,11.46,,,0,backfill
,2009-12-04,1168.80,29.82,32.42,20.21,,,9.61,-2.60,,,0,backfill
,2009-12-07,1163.40,29.12,29.96,20.29,32.52,,8.83,-0.84,-3.40,,0,backfill
,2009-12-08,1142.80,29.20,31.03,20.68,29.05,,8.52,-1.83,0.15,,0,backfill
,2009-12-09,1120.40,28.99,31.47,21.53,30.01,,7.46,-2.48,-1.02,,0,backfill
,2009-12-10,1125.70,27.86,28.83,21.42,29.18,,6.44,-0.97,-1.32,,0,backfill
,2009-12-11,1119.40,27.82,25.62,21.20,30.13,,6.62,2.20,-2.31,,0,backfill
,2009-12-14,1123.30,25.48,25.38,21.04,29.73,,4.44,0.10,-4.25,,0,backfill
,2009-12-15,1122.40,26.05,15.40,20.82,22.96,,5.23,10.65,3.09,,0,backfill
,2009-12-16,1135.50,24.90,18.65,19.45,21.80,,5.45,6.25,3.10,,0,backfill
,2009-12-17,1106.80,27.16,21.51,20.98,22.40,,6.18,5.65,4.76,,0,backfill
,2009-12-18,1110.80,26.59,18.99,20.99,20.97,,5.60,7.60,5.62,,0,backfill
,2009-12-21,1095.40,25.88,19.83,21.35,22.57,,4.53,6.05,3.31,,0,backfill
,2009-12-22,1086.00,25.22,20.02,21.43,21.65,,3.79,5.20,3.57,,0,backfill
,2009-12-23,1093.30,23.36,20.63,21.53,21.78,,1.83,2.73,1.58,,0,backfill
,2009-12-24,1104.10,23.10,22.22,21.48,21.56,,1.62,0.88,1.54,,0,backfill
,2009-12-28,1107.20,26.02,20.45,21.40,21.03,,4.62,5.57,4.99,,0,backfill
,2009-12-29,1097.00,24.85,14.58,21.38,15.22,,3.47,10.27,9.63,,0,backfill
,2009-12-30,1091.50,24.53,14.28,20.51,14.59,,4.02,10.25,9.94,,0,backfill
,2009-12-31,1095.20,23.71,12.06,20.55,11.95,,3.16,11.65,11.76,,0,backfill
,2010-01-04,1117.70,24.59,15.43,21.47,12.43,,3.12,9.16,12.16,,0,backfill
,2010-01-05,1118.10,23.34,15.45,21.47,12.03,,1.87,7.89,11.31,,0,backfill
,2010-01-06,1135.90,23.90,16.88,21.96,12.67,,1.94,7.02,11.23,,0,backfill
,2010-01-07,1133.10,23.32,17.33,21.45,12.38,,1.87,5.99,10.94,,0,backfill
,2010-01-08,1138.20,22.04,14.95,21.50,13.06,,0.54,7.09,8.98,,0,backfill
,2010-01-11,1150.70,20.97,13.31,21.04,13.77,,-0.07,7.66,7.20,,0,backfill
,2010-01-12,1128.90,21.97,20.93,21.51,16.23,,0.46,1.04,5.74,,0,backfill
,2010-01-13,1136.40,20.63,17.93,21.53,14.85,,-0.90,2.70,5.78,,0,backfill
,2010-01-14,1142.60,21.34,17.95,21.07,14.97,,0.27,3.39,6.37,,0,backfill
,2010-01-15,1130.10,21.48,17.17,20.90,13.90,,0.58,4.31,7.58,,0,backfill
,2010-01-19,1139.70,21.31,17.94,21.05,14.15,,0.26,3.37,7.16,,0,backfill
,2010-01-20,1112.30,22.85,23.07,18.86,15.21,,3.99,-0.22,7.64,,0,backfill
,2010-01-21,1102.70,24.82,20.90,18.95,15.20,,5.87,3.92,9.62,,0,backfill
,2010-01-22,1089.20,26.01,19.46,18.61,12.58,,7.40,6.55,13.43,,0,backfill
,2010-01-25,1095.20,24.73,19.19,17.89,,,6.84,5.54,,,0,backfill
,2010-01-26,1097.90,24.35,18.56,17.84,,,6.51,5.79,,,0,backfill
,2010-01-27,1084.40,24.08,18.74,18.10,,,5.98,5.34,,,0,backfill
,2010-01-28,1083.60,23.35,16.46,18.05,,,5.30,6.89,,,0,backfill
,2010-01-29,1083.00,23.87,11.51,18.05,,,5.82,12.36,,,0,backfill
,2010-02-01,1104.30,23.84,17.40,18.67,,,5.17,6.44,,,0,backfill
,2010-02-02,1117.40,22.75,16.07,17.49,,,5.26,6.68,,,0,backfill
,2010-02-03,1111.40,22.09,16.86,17.53,,,4.56,5.23,,,0,backfill
,2010-02-04,1062.40,27.19,32.92,21.55,,,5.64,-5.73,,,0,backfill
,2010-02-05,1052.20,27.59,32.69,21.59,24.65,,6.00,-5.10,2.94,,0,backfill
,2010-02-08,1065.70,26.88,34.27,21.84,23.83,,5.04,-7.39,3.05,,0,backfill
,2010-02-09,1076.70,25.45,35.12,21.86,24.05,,3.59,-9.67,1.40,,0,backfill
,2010-02-10,1075.80,26.02,32.18,21.84,22.65,,4.18,-6.16,3.37,,0,backfill
,2010-02-11,1094.20,25.48,33.35,22.29,22.99,,3.19,-7.87,2.49,,0,backfill
,2010-02-12,1089.50,24.29,33.33,22.27,22.75,,2.02,-9.04,1.54,,0,backfill
,2010-02-16,1119.30,25.38,20.57,23.60,17.48,,1.78,4.81,7.90,,0,backfill
,2010-02-17,1119.50,24.88,17.79,22.86,16.67,,2.02,7.09,8.21,,0,backfill
,2010-02-18,1118.00,24.00,18.49,22.86,17.81,,1.14,5.51,6.19,,0,backfill
,2010-02-19,1121.30,24.05,18.45,22.39,18.72,,1.66,5.60,5.33,,0,backfill
,2010-02-22,1112.60,23.53,19.91,22.48,18.60,,1.05,3.62,4.93,,0,backfill
,2010-02-23,1102.70,23.89,19.33,22.56,17.92,,1.33,4.56,5.97,,0,backfill
,2010-02-24,1096.50,22.68,19.50,22.30,,,0.38,3.18,,,0,backfill
,2010-02-25,1107.80,21.85,10.70,21.92,,,-0.07,11.15,,,0,backfill
,2010-02-26,1118.30,21.31,12.58,22.01,,,-0.70,8.73,,,0,backfill
,2010-03-01,1117.80,21.13,12.56,21.94,,,-0.81,8.57,,,0,backfill
,2010-03-02,1136.90,21.76,16.22,22.30,,,-0.54,5.54,,,0,backfill
,2010-03-03,1142.70,21.37,14.74,22.21,,,-0.84,6.63,,,0,backfill
,2010-03-04,1132.60,20.06,14.72,21.16,,,-1.10,5.34,,,0,backfill
,2010-03-05,1134.80,19.29,13.30,20.98,,,-1.69,5.99,,,0,backfill
,2010-03-08,1123.60,19.89,15.26,20.86,,,-0.97,4.63,,,0,backfill
,2010-03-09,1122.00,19.88,14.41,20.82,,,-0.94,5.47,,,0,backfill
,2010-03-10,1107.80,20.93,16.48,21.18,,,-0.25,4.45,,,0,backfill
,2010-03-11,1108.00,20.19,10.78,20.84,,,-0.65,9.41,,,0,backfill
,2010-03-12,1101.50,20.16,8.87,20.92,,,-0.76,11.29,,,0,backfill
,2010-03-15,1105.10,20.90,9.73,20.93,,,-0.03,11.17,,,0,backfill
,2010-03-16,1122.20,20.32,14.86,20.65,,,-0.33,5.46,,,0,backfill
,2010-03-17,1124.00,19.80,13.72,20.37,,,-0.57,6.08,,,0,backfill
,2010-03-18,1127.40,19.23,13.77,20.32,,,-1.09,5.46,,,0,backfill
,2010-03-19,1107.40,19.71,16.05,16.11,,,3.60,3.66,,,0,backfill
,2010-03-22,1099.30,19.06,16.63,15.99,,,3.07,2.43,,,0,backfill
,2010-03-23,1103.50,18.52,16.48,15.65,,,2.87,2.04,,,0,backfill
,2010-03-24,1088.60,20.81,18.20,15.96,,,4.85,2.61,,,0,backfill
,2010-03-25,1092.70,20.27,14.46,15.99,,,4.28,5.81,,,0,backfill
,2010-03-26,1104.20,19.73,16.67,15.51,,,4.22,3.06,,,0,backfill
,2010-03-29,1110.30,19.07,17.08,15.52,,,3.55,1.99,,,0,backfill
,2010-03-30,1104.50,18.16,13.50,13.44,,,4.72,4.66,,,0,backfill
,2010-03-31,1113.30,18.14,13.30,13.65,,,4.49,4.84,,,0,backfill
,2010-04-01,1125.10,17.49,14.30,14.00,,,3.49,3.19,,,0,backfill
,2010-04-05,1132.90,18.06,8.60,14.11,,,3.95,9.46,,,0,backfill
,2010-04-06,1135.10,17.93,8.84,13.90,,,4.03,9.09,,,0,backfill
,2010-04-07,1152.30,19.13,10.24,14.20,,,4.93,8.89,,,0,backfill
,2010-04-08,1152.20,18.86,10.91,14.05,12.80,,4.81,7.95,6.06,,0,backfill
,2010-04-09,1161.10,19.40,8.05,13.93,13.00,,5.47,11.35,6.40,,0,backfill
,2010-04-12,1161.60,18.27,8.95,13.73,12.63,,4.54,9.32,5.64,,0,backfill
,2010-04-13,1152.80,17.51,11.42,13.96,12.07,,3.55,6.09,5.44,,0,backfill
,2010-04-14,1159.00,17.31,11.26,13.20,11.66,,4.11,6.05,5.65,,0,backfill
,2010-04-15,1159.70,17.44,11.35,13.13,10.87,,4.31,6.09,6.57,,0,backfill
,2010-04-16,1136.30,18.85,14.98,14.22,12.79,,4.63,3.87,6.06,,0,backfill
,2010-04-19,1135.20,18.94,14.94,14.21,13.20,,4.73,4.00,5.74,,0,backfill
,2010-04-20,1138.60,17.69,13.87,13.92,12.80,,3.77,3.82,4.89,,0,backfill
,2010-04-21,1148.20,17.80,15.39,14.10,12.54,,3.70,2.41,5.26,,0,backfill
,2010-04-22,1142.30,17.77,15.05,13.63,12.41,,4.14,2.72,5.36,,0,backfill
,2010-04-23,1153.10,17.90,15.97,13.84,,,4.06,1.93,,,0,backfill
,2010-04-26,1153.50,17.73,15.97,13.67,,,4.06,1.76,,,0,backfill
,2010-04-27,1161.70,20.90,8.60,13.76,,,7.14,12.30,,,0,backfill
,2010-04-28,1171.30,20.13,8.51,13.29,,,6.84,11.62,,,0,backfill
,2010-04-29,1168.40,19.35,9.49,13.34,,,6.01,9.86,,,0,backfill
,2010-04-30,1180.10,20.42,9.86,13.57,,,6.85,10.56,,,0,backfill
,2010-05-03,1182.70,20.93,7.78,12.25,,,8.68,13.15,,,0,backfill
,2010-05-04,1168.60,21.71,12.07,12.64,,,9.07,9.64,,,0,backfill
,2010-05-05,1174.60,21.79,12.15,12.66,,,9.13,9.64,,,0,backfill
,2010-05-06,1196.90,26.31,15.53,12.65,,,13.66,10.78,,,0,backfill
,2010-05-07,1210.00,26.24,15.90,12.85,15.57,,13.39,10.34,10.67,,0,backfill
,2010-05-10,1200.40,24.35,17.21,13.08,16.02,,11.27,7.14,8.33,,0,backfill
,2010-05-11,1219.90,25.96,18.48,13.62,18.29,,12.34,7.48,7.67,,0,backfill
,2010-05-12,1242.70,25.34,20.06,14.08,18.89,,11.26,5.28,6.45,,0,backfill
,2010-05-13,1228.80,24.41,19.77,14.69,17.78,,9.72,4.64,6.63,,0,backfill
,2010-05-14,1227.40,26.21,20.39,14.58,,,11.63,5.82,,,0,backfill
,2010-05-17,1227.70,26.46,18.56,14.55,,,11.91,7.90,,,0,backfill
,2010-05-18,1214.30,26.25,19.58,15.08,,,11.17,6.67,,,0,backfill
,2010-05-19,1192.60,27.05,22.17,15.68,,,11.37,4.88,,,0,backfill
,2010-05-20,1187.80,30.73,18.68,15.74,,,14.99,12.05,,,0,backfill
,2010-05-21,1175.70,27.78,10.36,15.94,,,11.84,17.42,,,0,backfill
,2010-05-24,1193.80,25.72,16.93,16.51,,,9.21,8.79,,,0,backfill
,2010-05-25,1197.80,25.72,17.46,16.33,,,9.39,8.26,,,0,backfill
,2010-05-26,1213.30,24.74,20.05,16.63,,,8.11,4.69,,,0,backfill
,2010-05-27,1211.90,23.00,18.97,16.65,,,6.35,4.03,,,0,backfill
,2010-05-28,1212.20,22.28,14.41,15.31,,,6.97,7.87,,,0,backfill
,2010-06-01,1224.80,23.15,14.33,15.46,,,7.69,8.82,,,0,backfill
,2010-06-02,1220.60,21.55,11.76,15.56,,,5.99,9.79,,,0,backfill
,2010-06-03,1208.30,21.70,12.61,15.85,,,5.85,9.09,,,0,backfill
,2010-06-04,1216.20,23.15,12.92,15.78,,,7.37,10.23,,,0,backfill
,2010-06-07,1239.30,24.95,15.27,16.38,16.45,,8.57,9.68,8.50,,0,backfill
,2010-06-08,1244.00,24.98,14.98,16.37,16.81,,8.61,10.00,8.17,,0,backfill
,2010-06-09,1228.50,24.58,17.91,16.88,16.98,,7.70,6.67,7.60,,0,backfill
,2010-06-10,1220.80,23.29,17.39,16.92,16.93,,6.37,5.90,6.36,,0,backfill
,2010-06-11,1228.90,21.62,17.72,16.95,16.86,,4.67,3.90,4.76,,0,backfill
,2010-06-14,1223.30,21.79,16.53,16.86,16.03,,4.93,5.26,5.76,,0,backfill
,2010-06-15,1233.20,21.26,16.74,16.97,14.96,,4.29,4.52,6.30,,0,backfill
,2010-06-16,1229.30,20.85,11.97,16.55,,,4.30,8.88,,,0,backfill
,2010-06-17,1247.50,22.78,15.22,16.95,,,5.83,7.56,,,0,backfill
,2010-06-18,1257.20,22.04,12.62,16.29,,,5.75,9.42,,,0,backfill
,2010-06-21,1239.70,22.25,15.59,16.66,,,5.59,6.66,,,0,backfill
,2010-06-22,1239.90,22.37,15.30,16.45,,,5.92,7.07,,,0,backfill
,2010-06-23,1234.10,22.38,15.31,15.89,,,6.49,7.07,,,0,backfill
,2010-06-24,1245.50,22.27,15.54,15.18,,,7.09,6.73,,,0,backfill
,2010-06-25,1255.80,22.06,15.63,14.97,14.87,,7.09,6.43,7.19,,0,backfill
,2010-06-28,1238.20,22.80,16.16,15.57,,,7.23,6.64,,,0,backfill
,2010-06-29,1242.00,24.07,15.31,15.59,,,8.48,8.76,,,0,backfill
,2010-06-30,1245.50,23.46,12.76,15.23,,,8.23,10.70,,,0,backfill
,2010-07-01,1206.30,25.13,23.42,17.14,,,7.99,1.71,,,0,backfill
,2010-07-02,1207.40,22.95,23.58,17.09,,,5.86,-0.63,,,0,backfill
,2010-07-06,1194.80,23.70,22.18,17.11,,,6.59,1.52,,,0,backfill
,2010-07-07,1198.60,22.00,21.00,16.55,,,5.45,1.00,,,0,backfill
,2010-07-08,1195.80,20.26,20.42,16.54,,,3.72,-0.16,,,0,backfill
,2010-07-09,1209.60,19.68,22.35,16.45,,,3.23,-2.67,,,0,backfill
,2010-07-12,1198.50,18.51,22.02,16.66,,,1.85,-3.51,,,0,backfill
,2010-07-13,1213.30,18.99,14.33,17.06,,,1.93,4.66,,,0,backfill
,2010-07-14,1206.80,18.99,14.80,16.84,,,2.15,4.19,,,0,backfill
,2010-07-15,1208.10,17.18,12.89,16.82,,,0.36,4.29,,,0,backfill
,2010-07-16,1188.00,20.13,16.81,17.26,,,2.87,3.32,,,0,backfill
,2010-07-19,1181.70,20.31,16.99,17.18,,,3.13,3.32,,,0,backfill
,2010-07-20,1191.50,20.41,16.02,16.38,,,4.03,4.39,,,0,backfill
,2010-07-21,1191.60,20.50,15.25,16.31,,,4.19,5.25,,,0,backfill
,2010-07-22,1195.50,19.81,12.76,16.02,,,3.79,7.05,,,0,backfill
,2010-07-23,1187.70,20.28,12.90,16.03,,,4.25,7.38,,,0,backfill
,2010-07-26,1183.00,20.98,12.70,15.89,,,5.09,8.28,,,0,backfill
,2010-07-27,1158.00,22.12,14.90,16.90,,,5.22,7.22,,,0,backfill
,2010-07-28,1160.40,21.29,15.21,16.69,,,4.60,6.08,,,0,backfill
,2010-07-29,1168.40,19.74,14.81,16.88,,,2.86,4.93,,,0,backfill
,2010-07-30,1181.70,18.86,17.09,16.62,,,2.24,1.77,,,0,backfill
,2010-08-02,1183.40,18.79,16.92,16.40,,,2.39,1.87,,,0,backfill
,2010-08-03,1185.20,18.42,16.59,16.03,,,2.39,1.83,,,0,backfill
,2010-08-04,1193.70,18.11,16.90,16.22,,,1.89,1.21,,,0,backfill
,2010-08-05,1197.20,18.00,5.99,16.23,,,1.77,12.01,,,0,backfill
,2010-08-06,1203.40,17.82,5.68,16.05,11.43,,1.77,12.14,6.39,,0,backfill
,2010-08-09,1200.70,17.61,7.03,15.80,11.34,,1.81,10.58,6.27,,0,backfill
,2010-08-10,1196.20,18.11,6.10,15.37,11.08,,2.74,12.01,7.03,,0,backfill
,2010-08-11,1197.50,19.00,6.11,15.33,10.77,,3.67,12.89,8.23,,0,backfill
,2010-08-12,1214.80,18.74,9.73,15.94,11.40,,2.80,9.01,7.34,,0,backfill
,2010-08-13,1214.90,18.37,9.55,12.92,,,5.45,8.82,,,0,backfill
,2010-08-16,1224.50,18.50,10.08,13.11,,,5.39,8.42,,,0,backfill
,2010-08-17,1226.60,17.37,10.02,12.69,,,4.68,7.35,,,0,backfill
,2010-08-18,1229.70,17.79,9.41,12.69,,,5.10,8.38,,,0,backfill
,2010-08-19,1233.80,18.14,8.00,12.67,,,5.47,10.14,,,0,backfill
,2010-08-20,1227.20,18.87,9.85,12.40,,,6.47,9.02,,,0,backfill
,2010-08-23,1226.90,18.42,6.39,12.06,,,6.36,12.03,,,0,backfill
,2010-08-24,1231.80,19.11,6.47,11.60,9.15,,7.51,12.64,9.96,,0,backfill
,2010-08-25,1239.50,19.60,5.90,11.58,9.35,,8.02,13.70,10.25,,0,backfill
,2010-08-26,1235.40,18.81,6.63,11.64,9.61,,7.17,12.18,9.20,,0,backfill
,2010-08-27,1236.00,18.39,6.55,10.39,,,8.00,11.84,,,0,backfill
,2010-08-30,1237.10,18.52,6.30,10.20,,,8.32,12.22,,,0,backfill
,2010-08-31,1248.30,19.39,6.69,10.25,,,9.14,12.70,,,0,backfill
,2010-09-01,1246.30,17.98,6.96,10.28,,,7.70,11.02,,,0,backfill
,2010-09-02,1251.50,17.83,6.98,10.30,,,7.53,10.85,,,0,backfill
,2010-09-03,1249.20,17.51,6.73,10.06,,,7.45,10.78,,,0,backfill
,2010-09-07,1257.30,17.77,6.58,10.01,,,7.76,11.19,,,0,backfill
,2010-09-08,1255.60,17.88,6.91,7.25,6.80,,10.63,10.97,11.08,,0,backfill
,2010-09-09,1248.90,17.41,8.30,7.61,7.53,,9.80,9.11,9.88,,0,backfill
,2010-09-10,1244.50,17.30,6.69,7.68,,,9.62,10.61,,,0,backfill
,2010-09-13,1245.10,16.69,6.66,7.18,,,9.51,10.03,,,0,backfill
,2010-09-14,1269.70,18.24,13.61,8.84,,,9.40,4.63,,,0,backfill
,2010-09-15,1266.70,17.56,13.68,8.94,,,8.62,3.88,,,0,backfill
,2010-09-16,1271.90,18.26,13.43,8.84,,,9.42,4.83,,,0,backfill
,2010-09-17,1275.60,18.08,13.27,8.84,,,9.24,4.81,,,0,backfill
,2010-09-20,1279.00,17.92,12.16,8.80,,,9.12,5.76,,,0,backfill
,2010-09-21,1272.40,17.94,12.59,8.96,,,8.98,5.35,,,0,backfill
,2010-09-22,1290.20,17.36,13.89,9.43,,,7.93,3.47,,,0,backfill
,2010-09-23,1294.30,17.56,9.51,9.42,,,8.14,8.05,,,0,backfill
,2010-09-24,1296.00,17.81,8.91,8.74,,,9.07,8.90,,,0,backfill
,2010-09-27,1296.70,18.22,9.03,8.74,,,9.48,9.19,,,0,backfill
,2010-09-28,1306.60,18.20,9.49,8.72,,,9.48,8.71,,,0,backfill
,2010-09-29,1308.50,18.65,9.56,8.72,,,9.93,9.09,,,0,backfill
,2010-09-30,1307.80,18.65,8.14,8.76,,,9.89,10.51,,,0,backfill
,2010-10-01,1316.10,18.41,4.85,8.84,,,9.57,13.56,,,0,backfill
,2010-10-04,1315.40,18.88,5.23,8.59,,,10.29,13.65,,,0,backfill
,2010-10-05,1338.90,19.58,10.51,9.64,,,9.94,9.07,,,0,backfill
,2010-10-06,1346.40,19.84,10.11,9.66,12.09,,10.18,9.73,7.75,,0,backfill
,2010-10-07,1333.90,21.43,13.18,10.24,14.56,,11.19,8.25,6.87,,0,backfill
,2010-10-08,1344.20,20.65,13.41,10.20,15.73,,10.45,7.24,4.92,,0,backfill
,2010-10-11,1353.30,20.13,13.12,10.24,15.01,,9.89,7.01,5.12,,0,backfill
,2010-10-12,1345.70,20.01,14.46,10.52,14.88,,9.49,5.55,5.13,,0,backfill
,2010-10-13,1369.50,20.85,16.44,11.23,15.57,,9.62,4.41,5.28,,0,backfill
,2010-10-14,1376.70,22.61,14.18,11.15,13.95,,11.46,8.43,8.66,,0,backfill
,2010-10-15,1371.10,21.05,14.89,11.35,14.46,,9.70,6.16,6.59,,0,backfill
,2010-10-18,1371.20,20.89,12.62,11.30,11.13,,9.59,8.27,9.76,,0,backfill
,2010-10-19,1335.10,21.16,21.82,14.16,14.49,,7.00,-0.66,6.67,,0,backfill
,2010-10-20,1343.30,20.51,21.73,14.17,14.59,,6.34,-1.22,5.92,,0,backfill
,2010-10-21,1324.70,21.11,23.00,14.78,16.37,,6.33,-1.89,4.74,,0,backfill
,2010-10-22,1324.40,20.45,18.65,14.70,15.79,,5.75,1.80,4.66,,0,backfill
,2010-10-25,1338.30,20.06,20.03,14.89,16.03,,5.17,0.03,4.03,,0,backfill
,2010-10-26,1338.00,20.16,20.16,13.99,15.73,,6.17,0.00,4.43,,0,backfill
,2010-10-27,1322.20,20.42,20.54,14.49,16.17,,5.93,-0.12,4.25,,0,backfill
,2010-10-28,1342.10,20.81,17.16,15.00,12.59,,5.81,3.65,8.22,,0,backfill
,2010-10-29,1357.10,21.24,18.06,15.24,13.53,,6.00,3.18,7.71,,0,backfill
,2010-11-01,1350.20,22.45,15.49,15.38,11.38,,7.07,6.96,11.07,,0,backfill
,2010-11-02,1356.40,21.87,15.37,15.25,11.11,,6.62,6.50,10.76,,0,backfill
,2010-11-03,1337.10,20.68,17.63,15.55,13.31,,5.13,3.05,7.37,,0,backfill
,2010-11-04,1382.70,21.48,26.80,18.16,14.28,,3.32,-5.32,7.20,,0,backfill
,2010-11-05,1397.30,21.06,24.23,18.31,14.19,,2.75,-3.17,6.87,,0,backfill
,2010-11-08,1402.80,22.38,23.78,18.31,14.53,,4.07,-1.40,7.85,,0,backfill
,2010-11-09,1409.80,24.65,23.55,18.26,16.85,,6.39,1.10,7.80,,0,backfill
,2010-11-10,1399.10,24.02,24.06,18.50,17.78,,5.52,-0.04,6.24,,0,backfill
,2010-11-11,1403.10,23.22,24.10,18.48,18.25,,4.74,-0.88,4.97,,0,backfill
,2010-11-12,1365.40,23.67,29.13,20.32,20.39,,3.35,-5.46,3.28,,0,backfill
,2010-11-15,1368.40,23.32,19.95,20.31,19.94,,3.01,3.37,3.38,,0,backfill
,2010-11-16,1338.30,23.56,21.32,20.81,20.75,,2.75,2.24,2.81,,0,backfill
,2010-11-17,1336.80,22.09,20.51,20.74,20.15,,1.35,1.58,1.94,,0,backfill
,2010-11-18,1352.90,21.31,22.54,20.85,17.35,,0.46,-1.23,3.96,,0,backfill
,2010-11-19,1352.20,20.13,22.71,20.74,16.32,,-0.61,-2.58,3.81,,0,backfill
,2010-11-22,1357.70,20.23,22.90,20.68,,,-0.45,-2.67,,,0,backfill
,2010-11-23,1377.50,21.33,19.00,21.01,,,0.32,2.33,,,0,backfill
,2010-11-24,1372.90,20.59,19.17,20.43,,,0.16,1.42,,,0,backfill
,2010-11-26,1362.30,15.92,12.91,20.49,,,-4.57,3.01,,,0,backfill
,2010-11-29,1366.00,21.51,12.66,20.48,,,1.03,8.85,,,0,backfill
,2010-11-30,1385.00,22.61,13.24,20.87,,,1.74,9.37,,,0,backfill
,2010-12-01,1387.30,22.64,13.03,19.24,,,3.40,9.61,,,0,backfill
,2010-12-02,1388.50,21.69,13.13,19.18,,,2.51,8.56,,,0,backfill
,2010-12-03,1405.40,20.95,12.33,18.89,,,2.06,8.62,,,0,backfill
,2010-12-06,1415.30,20.74,11.69,18.93,,,1.81,9.05,,,0,backfill
,2010-12-07,1408.30,20.97,10.54,18.88,15.89,,2.09,10.43,5.08,,0,backfill
,2010-12-08,1382.50,21.13,17.58,19.76,17.36,,1.37,3.55,3.77,,0,backfill
,2010-12-09,1392.10,20.04,16.00,19.44,16.21,,0.60,4.04,3.83,,0,backfill
,2010-12-10,1384.30,19.63,16.42,19.13,16.53,,0.50,3.21,3.10,,0,backfill
,2010-12-13,1397.30,17.35,17.43,19.06,16.50,,-1.71,-0.08,0.85,,0,backfill
,2010-12-14,1403.60,16.77,15.91,18.99,15.11,,-2.22,0.86,1.66,,0,backfill
,2010-12-15,1385.50,16.87,16.62,19.41,14.86,,-2.54,0.25,2.01,,0,backfill
,2010-12-16,1370.40,17.31,17.28,19.20,13.58,,-1.89,0.03,3.73,,0,backfill
,2010-12-17,1378.60,16.41,14.64,16.61,11.29,,-0.20,1.77,5.12,,0,backfill
,2010-12-20,1385.50,16.30,14.27,16.38,11.04,,-0.08,2.03,5.26,,0,backfill
,2010-12-21,1388.20,16.66,13.89,16.35,10.10,,0.31,2.77,6.56,,0,backfill
,2010-12-22,1386.80,16.32,12.40,16.27,9.43,,0.05,3.92,6.89,,0,backfill
,2010-12-23,1380.00,16.23,11.90,16.18,9.36,,0.05,4.33,6.87,,0,backfill
,2010-12-27,1382.40,17.31,9.43,16.17,9.01,,1.14,7.88,8.30,,0,backfill
,2010-12-28,1405.20,18.70,10.65,14.78,8.09,,3.92,8.05,10.61,,0,backfill
,2010-12-29,1413.10,19.54,10.62,14.84,7.74,,4.70,8.92,11.80,,0,backfill
,2010-12-30,1405.60,19.67,11.77,13.25,7.77,,6.42,7.90,11.90,,0,backfill
,2010-12-31,1421.10,19.53,12.92,13.50,8.45,,6.03,6.61,11.08,,0,backfill
,2011-01-03,1422.60,18.95,12.69,13.16,8.76,,5.79,6.26,10.19,,0,backfill
,2011-01-04,1378.50,18.84,24.62,16.30,12.02,,2.54,-5.78,6.82,,0,backfill
,2011-01-05,1373.40,18.83,24.66,16.31,12.79,,2.52,-5.83,6.04,,0,backfill
,2011-01-06,1371.40,19.24,21.53,15.76,12.19,,3.48,-2.29,7.05,,0,backfill
,2011-01-07,1368.50,18.50,20.64,15.74,13.26,,2.76,-2.14,5.24,,0,backfill
,2011-01-10,1373.70,18.32,21.22,15.61,13.15,,2.71,-2.90,5.17,,0,backfill
,2011-01-11,1384.00,17.52,20.32,15.74,12.85,,1.78,-2.80,4.67,,0,backfill
,2011-01-12,1385.70,16.92,20.34,15.22,12.74,,1.70,-3.42,4.18,,0,backfill
,2011-01-13,1386.90,18.46,6.06,15.22,10.50,,3.24,12.40,7.96,,0,backfill
,2011-01-14,1360.40,18.72,13.57,16.20,10.45,,2.52,5.15,8.27,,0,backfill
,2011-01-18,1368.10,17.66,14.20,15.87,10.72,,1.79,3.46,6.94,,0,backfill
,2011-01-19,1370.20,17.95,14.18,15.71,9.38,,2.24,3.77,8.57,,0,backfill
,2011-01-20,1346.50,18.53,17.29,16.38,10.94,,2.15,1.24,7.59,,0,backfill
,2011-01-21,1341.00,19.06,15.71,15.59,10.74,,3.47,3.35,8.32,,0,backfill
,2011-01-24,1344.50,18.99,15.94,15.45,10.93,,3.54,3.05,8.06,,0,backfill
,2011-01-25,1332.30,18.73,15.70,15.57,9.69,,3.16,3.03,9.04,,0,backfill
,2011-01-26,1333.00,18.86,12.74,15.26,8.57,,3.60,6.12,10.29,,0,backfill
,2011-01-27,1318.40,18.87,11.94,15.38,10.23,,3.49,6.93,8.64,,0,backfill
,2011-01-28,1340.70,18.65,17.70,15.96,14.50,,2.69,0.95,4.15,,0,backfill
,2011-01-31,1333.80,18.33,14.83,15.73,14.53,,2.60,3.50,3.80,,0,backfill
,2011-02-01,1339.60,17.70,15.03,15.68,15.17,,2.02,2.67,2.53,,0,backfill
,2011-02-02,1331.50,17.22,15.26,15.64,15.60,,1.58,1.96,1.62,,0,backfill
,2011-02-03,1352.30,17.74,17.07,16.36,17.54,,1.38,0.67,0.20,,0,backfill
,2011-02-04,1348.30,17.00,17.33,16.37,17.84,,0.63,-0.33,-0.84,,0,backfill
,2011-02-07,1347.60,16.14,15.12,16.33,16.87,,-0.19,1.02,-0.73,,0,backfill
,2011-02-08,1363.40,15.61,13.39,16.71,13.90,,-1.10,2.22,1.71,,0,backfill
,2011-02-09,1364.80,15.84,12.41,15.95,12.63,,-0.11,3.43,3.21,,0,backfill
,2011-02-10,1361.90,15.49,12.78,15.83,12.18,,-0.34,2.71,3.31,,0,backfill
,2011-02-11,1359.90,15.87,11.76,15.78,11.84,,0.09,4.11,4.03,,0,backfill
,2011-02-14,1364.60,15.56,8.01,15.43,8.77,,0.13,7.55,6.79,,0,backfill
,2011-02-15,1373.60,15.23,7.93,15.58,8.68,,-0.35,7.30,6.55,,0,backfill
,2011-02-16,1374.70,15.13,7.74,12.66,8.79,,2.47,7.39,6.34,,0,backfill
,2011-02-17,1384.70,15.30,5.86,12.78,7.81,,2.52,9.44,7.49,,0,backfill
,2011-02-18,1388.20,16.17,5.80,12.79,8.02,,3.38,10.37,8.15,,0,backfill
,2011-02-22,1400.50,16.83,5.91,12.99,8.07,,3.84,10.92,8.76,,0,backfill
,2011-02-23,1413.40,18.02,5.18,13.19,8.30,,4.83,12.84,9.72,,0,backfill
,2011-02-24,1415.30,16.62,5.66,13.05,8.15,,3.57,10.96,8.47,,0,backfill
,2011-02-25,1408.70,15.69,8.05,13.14,7.66,,2.55,7.64,8.03,,0,backfill
,2011-02-28,1409.30,15.98,8.10,13.14,7.33,,2.84,7.88,8.65,,0,backfill
,2011-03-01,1430.70,17.46,10.58,12.39,8.55,,5.07,6.88,8.91,,0,backfill
,2011-03-02,1437.20,17.91,10.48,12.36,8.66,,5.55,7.43,9.25,,0,backfill
,2011-03-03,1416.00,17.56,15.32,13.26,8.94,,4.30,2.24,8.62,,0,backfill
,2011-03-04,1428.20,17.50,15.20,12.20,8.60,,5.30,2.30,8.90,,0,backfill
,2011-03-07,1434.10,17.79,15.28,12.07,9.27,,5.72,2.51,8.52,,0,backfill
,2011-03-08,1426.90,17.35,15.35,12.25,9.15,,5.10,2.00,8.20,,0,backfill
,2011-03-09,1429.30,16.65,15.32,11.80,9.24,,4.85,1.33,7.41,,0,backfill
,2011-03-10,1412.20,17.18,14.21,12.50,10.28,,4.68,2.97,6.90,,0,backfill
,2011-03-11,1421.50,17.65,14.64,11.95,10.84,,5.70,3.01,6.81,,0,backfill
,2011-03-14,1424.60,17.95,11.34,11.16,10.20,,6.79,6.61,7.75,,0,backfill
,2011-03-15,1392.60,19.04,16.69,13.13,12.02,,5.91,2.35,7.02,,0,backfill
,2011-03-16,1396.00,18.74,16.39,13.10,11.66,,5.64,2.35,7.08,,0,backfill
,2011-03-17,1404.00,18.16,17.30,12.96,11.57,,5.20,0.86,6.59,,0,backfill
,2011-03-18,1415.90,18.10,18.40,12.47,11.78,,5.63,-0.30,6.32,,0,backfill
,2011-03-21,1426.20,17.01,17.30,12.50,9.77,,4.51,-0.29,7.24,,0,backfill
,2011-03-22,1427.50,16.63,16.92,12.48,,,4.15,-0.29,,,0,backfill
,2011-03-23,1437.90,16.83,17.39,12.25,,,4.58,-0.56,,,0,backfill
,2011-03-24,1434.80,17.61,6.26,12.30,,,5.31,11.35,,,0,backfill
,2011-03-25,1426.10,16.95,8.85,12.46,,,4.49,8.10,,,0,backfill
,2011-03-28,1419.80,17.09,9.63,12.55,,,4.54,7.46,,,0,backfill
,2011-03-29,1416.00,16.40,8.56,12.59,,,3.81,7.84,,,0,backfill
,2011-03-30,1423.80,15.91,7.98,12.55,,,3.36,7.93,,,0,backfill
,2011-03-31,1438.90,17.16,10.32,12.84,,,4.32,6.84,,,0,backfill
,2011-04-01,1428.10,16.24,10.45,12.98,,,3.26,5.79,,,0,backfill
,2011-04-04,1432.20,15.82,10.64,12.98,,,2.84,5.18,,,0,backfill
,2011-04-05,1451.80,16.41,12.51,13.30,,,3.11,3.90,,,0,backfill
,2011-04-06,1457.70,16.05,11.51,13.12,,,2.93,4.54,,,0,backfill
,2011-04-07,1458.50,15.74,10.90,13.12,12.03,,2.62,4.84,3.71,,0,backfill
,2011-04-08,1473.40,15.59,11.48,13.26,11.94,,2.33,4.11,3.65,,0,backfill
,2011-04-11,1467.40,15.26,11.80,13.36,11.62,,1.90,3.46,3.64,,0,backfill
,2011-04-12,1452.90,15.65,12.73,13.09,11.47,,2.56,2.92,4.18,,0,backfill
,2011-04-13,1454.90,14.72,12.74,13.04,11.35,,1.68,1.98,3.37,,0,backfill
,2011-04-14,1471.70,15.06,11.99,12.58,10.73,,2.48,3.07,4.33,,0,backfill
,2011-04-15,1485.30,15.78,12.75,12.62,10.99,,3.16,3.03,4.79,,0,backfill
,2011-04-18,1492.30,16.73,12.70,12.63,11.80,,4.10,4.03,4.93,,0,backfill
,2011-04-19,1494.50,16.31,11.75,12.48,11.23,,3.83,4.56,5.08,,0,backfill
,2011-04-20,1498.30,16.38,10.95,12.49,10.84,,3.89,5.43,5.54,,0,backfill
,2011-04-21,1503.20,15.70,6.29,11.81,9.39,,3.89,9.41,6.31,,0,backfill
,2011-04-25,1508.60,18.32,5.90,11.74,9.87,,6.58,12.42,8.45,,0,backfill
,2011-04-26,1503.00,17.30,6.13,11.86,8.48,,5.44,11.17,8.82,,0,backfill
,2011-04-27,1516.70,17.76,6.08,9.49,7.94,,8.27,11.68,9.82,,0,backfill
,2011-04-28,1530.80,17.82,7.14,9.67,6.71,,8.15,10.68,11.11,,0,backfill
,2011-04-29,1556.00,20.25,10.17,10.38,9.57,,9.87,10.08,10.68,,0,backfill
,2011-05-02,1556.70,21.11,10.51,10.31,12.01,,10.80,10.60,9.10,,0,backfill
,2011-05-03,1540.10,19.61,14.38,10.98,12.75,,8.63,5.23,6.86,,0,backfill
,2011-05-04,1514.90,19.80,18.71,12.29,14.48,,7.51,1.09,5.32,,0,backfill
,2011-05-05,1480.90,22.06,23.42,14.11,18.59,,7.95,-1.36,3.47,,0,backfill
,2011-05-06,1491.20,21.40,23.02,14.18,19.29,,7.22,-1.62,2.11,,0,backfill
,2011-05-09,1502.90,19.95,22.73,14.12,19.36,,5.83,-2.78,0.59,,0,backfill
,2011-05-10,1516.60,19.14,20.49,14.15,18.05,,4.99,-1.35,1.09,,0,backfill
,2011-05-11,1501.10,19.47,20.60,14.54,17.71,,4.93,-1.13,1.76,,0,backfill
,2011-05-12,1506.60,19.23,20.79,14.51,17.43,,4.72,-1.56,1.80,,0,backfill
,2011-05-13,1493.40,19.77,19.16,14.59,16.40,,5.18,0.61,3.37,,0,backfill
,2011-05-16,1490.40,19.33,12.73,14.39,11.29,,4.94,6.60,8.04,,0,backfill
,2011-05-17,1479.80,19.00,12.74,14.59,10.89,,4.41,6.26,8.11,,0,backfill
,2011-05-18,1495.60,18.15,13.64,14.40,10.54,,3.75,4.51,7.61,,0,backfill
,2011-05-19,1492.20,17.44,11.80,14.40,,,3.04,5.64,,,0,backfill
,2011-05-20,1508.80,17.55,12.67,14.70,,,2.85,4.88,,,0,backfill
,2011-05-23,1515.30,18.30,12.74,14.48,,,3.82,5.56,,,0,backfill
,2011-05-24,1523.20,17.84,10.94,14.45,,,3.39,6.90,,,0,backfill
,2011-05-25,1526.60,17.53,10.44,14.06,,,3.47,7.09,,,0,backfill
,2011-05-26,1522.80,16.66,8.69,14.11,,,2.55,7.97,,,0,backfill
,2011-05-27,1536.30,16.62,8.18,13.97,,,2.65,8.44,,,0,backfill
,2011-05-31,1535.90,16.74,7.61,13.78,7.95,,2.96,9.13,8.79,,0,backfill
,2011-06-01,1542.40,17.74,5.91,13.77,7.34,,3.97,11.83,10.40,,0,backfill
,2011-06-02,1532.00,17.38,8.26,13.96,9.25,,3.42,9.12,8.13,,0,backfill
,2011-06-03,1541.70,16.79,8.49,14.04,10.44,,2.75,8.30,6.35,,0,backfill
,2011-06-06,1546.50,18.12,8.53,14.04,10.80,,4.08,9.59,7.32,,0,backfill
,2011-06-07,1543.30,16.84,8.45,14.04,11.19,,2.80,8.39,5.65,,0,backfill
,2011-06-08,1538.10,16.56,7.35,14.03,10.58,,2.53,9.21,5.98,,0,backfill
,2011-06-09,1542.10,16.06,7.48,13.82,10.91,,2.24,8.58,5.15,,0,backfill
,2011-06-10,1528.60,16.51,8.78,13.83,10.58,,2.68,7.73,5.93,,0,backfill
,2011-06-13,1515.00,16.95,9.42,13.15,10.26,,3.80,7.53,6.69,,0,backfill
,2011-06-14,1523.80,15.33,9.24,13.29,9.48,,2.04,6.09,5.85,,0,backfill
,2011-06-15,1525.60,17.32,8.89,12.95,10.05,,4.37,8.43,7.27,,0,backfill
,2011-06-16,1529.30,17.61,9.26,12.02,9.85,,5.59,8.35,7.76,,0,backfill
,2011-06-17,1538.60,17.03,10.07,9.95,10.34,,7.08,6.96,6.69,,0,backfill
,2011-06-20,1541.50,16.64,10.00,9.81,10.09,,6.83,6.64,6.55,,0,backfill
,2011-06-21,1546.00,15.99,7.97,9.62,9.38,,6.37,8.02,6.61,,0,backfill
,2011-06-22,1552.90,16.10,3.05,9.37,8.50,,6.73,13.05,7.60,,0,backfill
,2011-06-23,1520.10,16.97,14.93,10.92,11.01,,6.05,2.04,5.96,,0,backfill
,2011-06-24,1500.50,17.79,16.64,11.54,11.92,,6.25,1.15,5.87,,0,backfill
,2011-06-27,1496.00,17.52,16.30,11.28,12.12,,6.24,1.22,5.40,,0,backfill
,2011-06-28,1499.70,16.84,15.57,11.29,11.50,,5.55,1.27,5.34,,0,backfill
,2011-06-29,1509.90,15.79,16.55,11.22,11.40,,4.57,-0.76,4.39,,0,backfill
,2011-06-30,1502.30,15.34,16.05,10.93,11.84,,4.41,-0.71,3.50,,0,backfill
,2011-07-01,1482.30,15.06,15.62,11.60,12.58,,3.46,-0.56,2.48,,0,backfill
,2011-07-05,1512.30,15.15,18.70,12.60,11.61,,2.55,-3.55,3.54,,0,backfill
,2011-07-06,1528.70,15.81,17.56,12.93,10.96,,2.88,-1.75,4.85,,0,backfill
,2011-07-07,1530.20,15.29,17.18,12.85,10.80,,2.44,-1.89,4.49,,0,backfill
,2011-07-08,1541.20,15.18,17.33,13.00,11.23,,2.18,-2.15,3.95,,0,backfill
,2011-07-11,1548.80,16.30,17.23,13.03,11.42,,3.27,-0.93,4.88,,0,backfill
,2011-07-12,1561.90,17.63,16.25,13.01,12.07,,4.62,1.38,5.56,,0,backfill
,2011-07-13,1585.20,18.22,10.06,13.65,11.32,,4.57,8.16,6.90,,0,backfill
,2011-07-14,1589.00,17.90,7.64,13.62,9.88,,4.28,10.26,8.02,,0,backfill
,2011-07-15,1589.80,16.91,8.02,13.42,8.79,,3.49,8.89,8.12,,0,backfill
,2011-07-18,1602.10,18.96,7.39,13.48,8.88,,5.48,11.57,10.08,,0,backfill
,2011-07-19,1600.90,18.14,8.55,13.48,9.90,,4.66,9.59,8.24,,0,backfill
,2011-07-20,1596.70,17.91,9.84,13.49,10.03,,4.42,8.07,7.88,,0,backfill
,2011-07-21,1586.80,17.40,11.13,13.60,9.14,,3.80,6.27,8.26,,0,backfill
,2011-07-22,1601.30,16.98,8.69,13.79,9.41,,3.19,8.29,7.57,,0,backfill
,2011-07-25,1612.00,18.69,9.24,13.54,9.42,,5.15,9.45,9.27,,0,backfill
,2011-07-26,1616.60,18.58,9.18,13.15,9.35,,5.43,9.40,9.23,,0,backfill
,2011-07-27,1615.00,19.24,8.53,13.14,8.95,,6.10,10.71,10.29,,0,backfill
,2011-07-28,1613.40,18.99,8.55,13.16,7.93,,5.83,10.44,11.06,,0,backfill
,2011-07-29,1628.30,19.53,9.29,13.33,9.03,,6.20,10.24,10.50,,0,backfill
,2011-08-01,1619.00,19.58,9.09,13.46,10.02,,6.12,10.49,9.56,,0,backfill
,2011-08-02,1641.90,20.09,10.83,13.93,13.29,,6.16,9.26,6.80,,0,backfill
,2011-08-03,1663.40,19.95,12.18,14.29,13.87,,5.66,7.77,6.08,,0,backfill
,2011-08-04,1656.20,22.28,13.30,14.40,16.46,,7.88,8.98,5.82,,0,backfill
,2011-08-05,1648.80,21.74,13.94,12.75,17.22,,8.99,7.80,4.52,,0,backfill
,2011-08-08,1710.20,28.21,24.03,15.28,18.97,,12.93,4.18,9.24,,0,backfill
,2011-08-09,1740.00,31.13,24.63,15.56,21.86,,15.57,6.50,9.27,,0,backfill
,2011-08-10,1781.30,32.20,23.25,16.43,23.87,,15.77,8.95,8.33,,0,backfill
,2011-08-11,1748.80,29.76,30.15,17.85,27.25,,11.91,-0.39,2.51,,0,backfill
,2011-08-12,1740.20,25.91,31.06,17.84,28.15,,8.07,-5.15,-2.24,,0,backfill
,2011-08-15,1755.50,24.81,30.13,17.00,27.59,,7.81,-5.32,-2.78,,0,backfill
,2011-08-16,1782.40,26.68,28.91,16.70,27.61,,9.98,-2.23,-0.93,,0,backfill
,2011-08-17,1791.20,25.12,22.81,16.63,26.26,,8.49,2.31,-1.14,,0,backfill
,2011-08-18,1818.90,26.81,22.45,16.83,24.82,,9.98,4.36,1.99,,0,backfill
,2011-08-19,1848.90,28.91,20.50,17.10,24.31,,11.81,8.41,4.60,,0,backfill
,2011-08-22,1888.70,33.09,14.01,17.66,19.36,,15.43,19.08,13.73,,0,backfill
,2011-08-23,1858.30,33.42,19.83,18.84,23.93,,14.58,13.59,9.49,,0,backfill
,2011-08-24,1754.10,33.29,44.93,26.14,30.35,,7.15,-11.64,2.94,,0,backfill
,2011-08-25,1759.80,34.42,43.77,26.13,32.80,,8.29,-9.35,1.62,,0,backfill
,2011-08-26,1794.10,33.03,45.52,26.52,34.90,,6.51,-12.49,-1.87,,0,backfill
,2011-08-29,1788.40,32.55,44.27,26.57,34.40,,5.98,-11.72,-1.85,,0,backfill
,2011-08-30,1826.70,32.12,45.22,27.01,34.82,,5.11,-13.10,-2.70,,0,backfill
,2011-08-31,1828.50,30.42,42.43,26.95,34.50,,3.47,-12.01,-4.08,,0,backfill
,2011-09-01,1826.00,28.06,41.65,26.82,30.53,,1.24,-13.59,-2.47,,0,backfill
,2011-09-02,1873.70,30.16,19.32,27.49,25.47,,2.67,10.84,4.69,,0,backfill
,2011-09-06,1869.90,34.17,20.26,27.56,23.43,,6.61,13.91,10.74,,0,backfill
,2011-09-07,1814.20,34.11,29.18,29.39,25.56,,4.72,4.93,8.55,,0,backfill
,2011-09-08,1854.40,34.43,31.27,29.81,25.71,,4.62,3.16,8.72,,0,backfill
,2011-09-09,1856.40,37.58,29.20,29.78,25.18,,7.80,8.38,12.40,,0,backfill
,2011-09-12,1809.90,37.20,33.65,30.99,26.27,,6.21,3.55,10.93,,0,backfill
,2011-09-13,1826.80,32.49,34.26,30.90,26.65,,1.59,-1.77,5.84,,0,backfill
,2011-09-14,1823.50,29.83,29.18,30.80,25.27,,-0.97,0.65,4.56,,0,backfill
,2011-09-15,1778.50,29.46,31.71,31.73,24.94,,-2.27,-2.25,4.52,,0,backfill
,2011-09-16,1812.10,28.86,30.32,32.02,21.74,,-3.16,-1.46,7.12,,0,backfill
,2011-09-19,1776.40,30.70,27.81,32.64,21.55,,-1.94,2.89,9.15,,0,backfill
,2011-09-20,1806.60,30.63,30.96,31.32,20.15,,-0.69,-0.33,10.48,,0,backfill
,2011-09-21,1805.50,29.68,27.06,30.99,18.87,,-1.31,2.62,10.81,,0,backfill
,2011-09-22,1739.20,32.19,33.76,32.19,20.07,,-0.00,-1.57,12.12,,0,backfill
,2011-09-23,1637.50,39.17,45.97,36.21,28.70,,2.96,-6.80,10.47,,0,backfill
,2011-09-26,1592.50,39.86,46.26,36.97,35.37,,2.89,-6.40,4.49,,0,backfill
,2011-09-27,1650.60,36.55,52.36,38.51,33.98,,-1.96,-15.81,2.57,,0,backfill
,2011-09-28,1616.30,39.95,52.42,38.53,,,1.42,-12.47,,,0,backfill
,2011-09-29,1615.50,37.08,49.13,38.46,,,-1.38,-12.05,,,0,backfill
,2011-09-30,1620.40,37.03,49.65,38.10,,,-1.07,-12.62,,,0,backfill
,2011-10-03,1656.00,36.92,51.32,38.38,,,-1.46,-14.40,,,0,backfill
,2011-10-04,1614.70,37.74,38.85,38.12,,,-0.38,-1.11,,,0,backfill
,2011-10-05,1640.30,36.94,35.30,38.44,,,-1.50,1.64,,,0,backfill
,2011-10-06,1651.90,35.22,27.93,35.04,,,0.18,7.29,,,0,backfill
,2011-10-07,1634.50,33.16,25.19,35.09,26.58,,-1.93,7.97,6.58,,0,backfill
,2011-10-10,1669.60,31.26,27.69,35.20,25.16,,-3.94,3.57,6.10,,0,backfill
,2011-10-11,1659.70,30.62,28.43,35.21,24.97,,-4.59,2.19,5.65,,0,backfill
,2011-10-12,1681.30,29.51,26.47,34.81,24.43,,-5.30,3.04,5.08,,0,backfill
,2011-10-13,1667.30,28.48,20.35,34.82,17.29,,-6.34,8.13,11.19,,0,backfill
,2011-10-14,1681.80,26.61,19.13,34.99,15.21,,-8.38,7.48,11.40,,0,backfill
,2011-10-17,1675.50,28.93,19.40,33.93,15.77,,-5.00,9.53,13.16,,0,backfill
,2011-10-18,1651.70,29.17,20.51,34.06,15.73,,-4.89,8.66,13.44,,0,backfill
,2011-10-19,1646.00,31.13,15.19,33.15,14.74,,-2.02,15.94,16.39,,0,backfill
,2011-10-20,1611.90,32.08,18.99,32.64,15.52,,-0.56,13.09,16.56,,0,backfill
,2011-10-21,1635.10,28.89,19.52,33.07,15.38,,-4.18,9.37,13.51,,0,backfill
,2011-10-24,1651.50,26.98,20.85,32.69,14.80,,-5.71,6.13,12.18,,0,backfill
,2011-10-25,1699.60,29.92,27.35,33.79,19.53,,-3.87,2.57,10.39,,0,backfill
,2011-10-26,1722.70,30.79,27.91,34.11,18.96,,-3.32,2.88,11.83,,0,backfill
,2011-10-27,1746.70,27.58,25.14,33.67,17.38,,-6.09,2.44,10.20,,0,backfill
,2011-10-28,1746.20,25.84,24.60,33.17,17.38,,-7.33,1.24,8.46,,0,backfill
,2011-10-31,1724.20,27.45,20.64,32.89,16.45,,-5.44,6.81,11.00,,0,backfill
,2011-11-01,1711.00,29.70,22.67,32.50,17.66,,-2.80,7.03,12.04,,0,backfill
,2011-11-02,1728.70,30.16,22.69,32.68,17.89,,-2.52,7.47,12.27,,0,backfill
,2011-11-03,1764.20,30.12,19.59,31.42,14.47,,-1.30,10.53,15.65,,0,backfill
,2011-11-04,1755.30,28.37,19.50,25.70,14.20,,2.67,8.87,14.17,,0,backfill
,2011-11-07,1790.30,30.24,21.17,24.52,16.11,,5.72,9.07,14.13,,0,backfill
,2011-11-08,1798.40,29.21,21.01,22.58,15.83,,6.63,8.20,13.38,,0,backfill
,2011-11-09,1790.90,29.85,18.62,21.54,15.43,,8.31,11.23,14.42,,0,backfill
,2011-11-10,1758.90,28.81,22.34,22.40,13.44,,6.41,6.47,15.37,,0,backfill
,2011-11-11,1787.50,27.85,23.29,22.73,13.13,,5.12,4.56,14.72,,0,backfill
,2011-11-14,1777.80,27.85,21.10,22.17,,,5.68,6.75,,,0,backfill
,2011-11-15,1781.70,26.75,20.65,20.57,,,6.18,6.10,,,0,backfill
,2011-11-16,1773.80,26.94,16.71,20.34,,,6.60,10.23,,,0,backfill
,2011-11-17,1719.80,28.86,23.61,22.48,,,6.38,5.25,,,0,backfill
,2011-11-18,1724.70,27.59,24.25,22.19,,,5.40,3.34,,,0,backfill
,2011-11-21,1678.30,30.07,26.78,22.94,,,7.13,3.29,,,0,backfill
,2011-11-22,1702.20,27.56,26.09,23.21,,,4.35,1.47,,,0,backfill
,2011-11-23,1695.70,27.81,26.14,22.96,14.55,,4.85,1.67,13.26,,0,backfill
,2011-11-25,1685.50,20.46,25.42,22.89,14.39,,-2.43,-4.96,6.07,,0,backfill
,2011-11-28,1710.80,26.61,28.94,23.16,,,3.45,-2.33,,,0,backfill
,2011-11-29,1713.40,25.74,22.68,23.13,,,2.61,3.06,,,0,backfill
,2011-11-30,1745.50,25.32,25.46,23.23,,,2.09,-0.14,,,0,backfill
,2011-12-01,1735.30,24.55,17.08,23.29,,,1.26,7.47,,,0,backfill
,2011-12-02,1747.00,23.51,15.91,22.30,,,1.21,7.60,,,0,backfill
,2011-12-05,1730.70,24.97,17.30,22.29,,,2.68,7.67,,,0,backfill
,2011-12-06,1727.90,24.52,16.53,22.17,,,2.35,7.99,,,0,backfill
,2011-12-07,1740.90,24.15,14.91,20.72,16.01,,3.43,9.24,8.14,,0,backfill
,2011-12-08,1709.80,25.18,19.39,21.05,18.51,,4.13,5.79,6.67,,0,backfill
,2011-12-09,1712.80,23.13,14.54,20.64,15.70,,2.49,8.59,7.43,,0,backfill
,2011-12-12,1664.20,23.66,21.48,22.19,18.57,,1.47,2.18,5.09,,0,backfill
,2011-12-13,1659.90,24.10,19.83,21.94,20.42,,2.16,4.27,3.68,,0,backfill
,2011-12-14,1584.30,28.63,30.94,25.54,25.34,,3.09,-2.31,3.29,,0,backfill
,2011-12-15,1574.60,27.28,30.38,25.26,25.38,,2.02,-3.10,1.90,,0,backfill
,2011-12-16,1595.60,24.80,32.17,24.77,25.07,,0.03,-7.37,-0.27,,0,backfill
,2011-12-19,1594.40,23.42,32.58,24.77,23.29,,-1.35,-9.16,0.13,,0,backfill
,2011-12-20,1615.60,21.33,34.95,24.32,23.53,,-2.99,-13.62,-2.20,,0,backfill
,2011-12-21,1611.90,21.22,31.93,24.20,21.81,,-2.98,-10.71,-0.59,,0,backfill
,2011-12-22,1608.90,20.23,31.95,24.21,19.69,,-3.98,-11.72,0.54,,0,backfill
,2011-12-23,1604.70,19.67,12.64,23.82,10.78,,-4.15,7.03,8.89,,0,backfill
,2011-12-27,1594.20,20.81,12.76,23.13,8.93,,-2.32,8.05,11.88,,0,backfill
,2011-12-28,1562.90,24.33,15.41,23.58,10.67,,0.75,8.92,13.66,,0,backfill
,2011-12-29,1539.90,23.12,16.82,23.69,12.98,,-0.57,6.30,10.14,,0,backfill
,2011-12-30,1565.80,23.24,18.44,24.50,14.15,,-1.26,4.80,9.09,,0,backfill
,2012-01-03,1599.70,22.90,24.21,24.23,15.52,,-1.33,-1.31,7.38,,0,backfill
,2012-01-04,1611.90,22.08,24.74,24.36,16.33,,-2.28,-2.66,5.75,,0,backfill
,2012-01-05,1619.40,22.34,24.77,23.24,17.26,,-0.90,-2.43,5.08,,0,backfill
,2012-01-06,1616.10,21.30,24.31,22.78,17.40,,-1.48,-3.01,3.90,,0,backfill
,2012-01-09,1607.50,21.47,20.03,22.80,16.48,,-1.33,1.44,4.99,,0,backfill
,2012-01-10,1631.00,21.51,15.71,23.24,14.95,,-1.73,5.80,6.56,,0,backfill
,2012-01-11,1639.20,22.34,14.59,22.82,13.30,,-0.48,7.75,9.04,,0,backfill
,2012-01-12,1647.30,21.60,10.23,22.88,10.33,,-1.28,11.37,11.27,,0,backfill
,2012-01-13,1630.40,21.20,12.99,22.22,9.26,,-1.02,8.21,11.94,,0,backfill
,2012-01-17,1655.20,21.60,15.32,22.75,7.93,,-1.15,6.28,13.67,,0,backfill
,2012-01-18,1659.50,21.14,14.91,22.65,7.61,,-1.51,6.23,13.53,,0,backfill
,2012-01-19,1654.10,20.34,14.42,22.54,7.46,,-2.20,5.92,12.88,,0,backfill
,2012-01-20,1663.70,19.58,12.60,22.64,6.77,,-3.06,6.98,12.81,,0,backfill
,2012-01-23,1678.00,20.18,13.03,22.68,6.64,,-2.50,7.15,13.54,,0,backfill
,2012-01-24,1664.20,20.08,14.66,22.22,6.26,,-2.14,5.42,13.82,,0,backfill
,2012-01-25,1699.80,22.24,16.14,23.12,9.18,,-0.88,6.10,13.06,,0,backfill
,2012-01-26,1726.30,21.71,16.23,21.90,8.67,,-0.19,5.48,13.04,,0,backfill
,2012-01-27,1731.80,20.82,16.18,21.87,8.69,,-1.05,4.64,12.13,,0,backfill
,2012-01-30,1731.00,21.23,15.58,16.50,9.77,,4.73,5.65,11.46,,0,backfill
,2012-01-31,1737.80,20.93,15.65,16.27,10.55,,4.66,5.28,10.38,,0,backfill
,2012-02-01,1747.10,21.54,15.57,16.01,10.91,,5.53,5.97,10.63,,0,backfill
,2012-02-02,1756.80,21.93,12.18,15.98,11.51,,5.95,9.75,10.42,,0,backfill
,2012-02-03,1737.90,21.05,12.48,16.20,11.71,,4.85,8.57,9.34,,0,backfill
,2012-02-06,1722.80,21.20,10.79,16.46,12.71,,4.74,10.41,8.49,,0,backfill
,2012-02-07,1746.40,20.45,13.64,16.74,14.55,,3.71,6.81,5.90,,0,backfill
,2012-02-08,1729.30,20.69,15.19,17.07,14.48,,3.62,5.50,6.21,,0,backfill
,2012-02-09,1739.00,20.03,15.41,16.87,14.54,,3.16,4.62,5.49,,0,backfill
,2012-02-10,1723.30,19.73,15.77,15.87,15.27,,3.86,3.96,4.46,,0,backfill
,2012-02-13,1723.00,19.07,14.99,14.96,15.12,,4.11,4.08,3.95,,0,backfill
,2012-02-14,1715.90,19.24,13.98,14.61,13.23,,4.63,5.26,6.01,,0,backfill
,2012-02-15,1726.30,19.28,13.72,13.57,12.47,,5.71,5.56,6.81,,0,backfill
,2012-02-16,1726.80,19.21,10.16,13.50,11.10,,5.71,9.05,8.11,,0,backfill
,2012-02-17,1724.50,18.61,8.40,13.52,10.56,,5.09,10.21,8.05,,0,backfill
,2012-02-21,1757.10,19.94,14.10,14.29,10.82,,5.65,5.84,9.12,,0,backfill
,2012-02-22,1770.00,19.84,12.25,14.13,11.19,,5.71,7.59,8.65,,0,backfill
,2012-02-23,1784.90,19.76,12.16,13.81,11.08,,5.95,7.60,8.68,,0,backfill
,2012-02-24,1775.10,19.01,12.61,14.02,11.05,,4.99,6.40,7.96,,0,backfill
,2012-02-27,1773.60,19.10,13.01,14.03,10.80,,5.07,6.09,8.30,,0,backfill
,2012-02-28,1787.00,20.12,12.90,13.57,10.75,,6.55,7.22,9.37,,0,backfill
,2012-02-29,1709.90,22.90,32.38,18.83,27.28,,4.07,-9.48,-4.38,,0,backfill
,2012-03-01,1721.10,19.53,29.97,18.89,27.28,,0.64,-10.44,-7.75,,0,backfill
,2012-03-02,1708.80,18.96,29.13,19.01,26.76,,-0.05,-10.17,-7.80,,0,backfill
,2012-03-05,1703.00,19.40,27.67,19.00,26.79,,0.40,-8.27,-7.39,,0,backfill
,2012-03-06,1671.40,20.23,28.55,19.66,28.24,,0.57,-8.32,-8.01,,0,backfill
,2012-03-07,1683.30,19.18,29.83,19.61,28.30,,-0.43,-10.65,-9.12,,0,backfill
,2012-03-08,1698.10,19.26,30.10,18.78,28.16,,0.48,-10.84,-8.90,,0,backfill
,2012-03-09,1710.90,19.41,16.39,18.35,13.94,,1.06,3.02,5.47,,0,backfill
,2012-03-12,1699.20,19.21,16.15,18.41,13.12,,0.80,3.06,6.09,,0,backfill
,2012-03-13,1693.70,20.47,15.77,18.43,12.89,,2.04,4.70,7.58,,0,backfill
,2012-03-14,1642.50,20.60,23.79,20.30,15.71,,0.30,-3.19,4.89,,0,backfill
,2012-03-15,1659.10,18.24,23.15,20.49,13.54,,-2.25,-4.91,4.70,,0,backfill
,2012-03-16,1655.50,18.99,22.44,20.38,14.03,,-1.39,-3.45,4.96,,0,backfill
,2012-03-19,1666.90,17.83,22.07,20.36,14.05,,-2.53,-4.24,3.78,,0,backfill
,2012-03-20,1646.70,18.42,21.42,20.49,12.70,,-2.07,-3.00,5.72,,0,backfill
,2012-03-21,1650.00,18.04,21.83,20.02,12.75,,-1.98,-3.79,5.29,,0,backfill
,2012-03-22,1642.30,18.51,21.82,19.89,12.89,,-1.38,-3.31,5.62,,0,backfill
,2012-03-23,1662.30,18.30,13.80,20.19,9.66,,-1.89,4.50,8.64,,0,backfill
,2012-03-26,1685.50,19.22,14.91,20.53,11.44,,-1.31,4.31,7.78,,0,backfill
,2012-03-27,1684.80,18.62,14.73,20.53,10.65,,-1.91,3.89,7.97,,0,backfill
,2012-03-28,1657.90,18.18,17.96,20.99,10.42,,-2.81,0.22,7.76,,0,backfill
,2012-03-29,1652.20,17.43,16.32,20.89,11.08,,-3.46,1.11,6.35,,0,backfill
,2012-03-30,1669.30,17.01,17.37,21.16,10.92,,-4.15,-0.36,6.09,,0,backfill
,2012-04-02,1677.50,17.10,16.84,21.23,11.30,,-4.13,0.26,5.80,,0,backfill
,2012-04-03,1670.00,18.05,16.01,20.42,13.77,,-2.37,2.04,4.28,,0,backfill
,2012-04-04,1612.30,18.88,24.04,22.40,13.83,,-3.52,-5.16,5.05,,0,backfill
,2012-04-05,1628.50,18.02,25.86,22.48,14.05,,-4.46,-7.84,3.97,,0,backfill
,2012-04-09,1642.50,19.21,25.59,22.72,13.97,,-3.51,-6.38,5.24,,0,backfill
,2012-04-10,1659.50,19.94,26.43,23.02,14.39,,-3.08,-6.49,5.55,,0,backfill
,2012-04-11,1659.00,20.02,25.55,22.84,14.23,,-2.82,-5.53,5.79,,0,backfill
,2012-04-12,1679.50,18.64,26.61,19.52,14.99,,-0.88,-7.97,3.65,,0,backfill
,2012-04-13,1659.10,18.44,27.57,19.68,13.24,,-1.24,-9.13,5.20,,0,backfill
,2012-04-16,1648.70,18.80,15.17,19.65,11.31,,-0.85,3.63,7.49,,0,backfill
,2012-04-17,1650.30,18.03,14.42,19.65,11.49,,-1.62,3.61,6.54,,0,backfill
,2012-04-18,1638.80,17.54,14.42,19.02,11.76,,-1.48,3.12,5.78,,0,backfill
,2012-04-19,1640.60,17.33,12.50,18.89,11.35,,-1.56,4.83,5.98,,0,backfill
,2012-04-20,1642.10,16.72,12.58,18.67,11.34,,-1.95,4.14,5.38,,0,backfill
,2012-04-23,1631.90,17.11,8.24,18.55,10.04,,-1.44,8.87,7.07,,0,backfill
,2012-04-24,1643.00,17.64,8.26,18.63,9.03,,-0.99,9.38,8.61,,0,backfill
,2012-04-25,1641.40,17.45,7.52,18.62,9.16,,-1.17,9.93,8.29,,0,backfill
,2012-04-26,1659.60,16.94,10.32,16.67,8.47,,0.27,6.62,8.47,,0,backfill
,2012-04-27,1664.00,16.61,8.77,16.43,8.28,,0.18,7.84,8.33,,0,backfill
,2012-04-30,1663.40,16.93,8.89,16.42,7.40,,0.51,8.04,9.53,,0,backfill
,2012-05-01,1661.70,16.47,9.06,16.30,7.57,,0.17,7.41,8.90,,0,backfill
,2012-05-02,1653.40,16.55,8.63,15.96,6.95,,0.59,7.92,9.60,,0,backfill
,2012-05-03,1634.20,17.45,11.00,16.31,7.73,,1.14,6.45,9.72,,0,backfill
,2012-05-04,1644.70,16.32,11.80,16.37,7.65,,-0.05,4.52,8.67,,0,backfill
,2012-05-07,1638.60,16.38,9.20,16.00,7.82,,0.38,7.18,8.56,,0,backfill
,2012-05-08,1604.00,17.93,14.20,16.50,11.65,,1.43,3.73,6.28,,0,backfill
,2012-05-09,1593.70,19.32,13.79,16.56,11.50,,2.76,5.53,7.82,,0,backfill
,2012-05-10,1595.10,18.25,14.13,16.01,11.35,,2.24,4.12,6.90,,0,backfill
,2012-05-11,1583.60,18.46,14.13,16.09,11.19,,2.37,4.33,7.27,,0,backfill
,2012-05-14,1560.60,20.05,14.72,16.14,10.35,,3.91,5.33,9.70,,0,backfill
,2012-05-15,1556.80,20.75,12.17,15.99,10.40,,4.76,8.58,10.35,,0,backfill
,2012-05-16,1536.20,22.20,12.17,16.29,10.71,,5.91,10.03,11.49,,0,backfill
,2012-05-17,1574.50,22.59,20.99,15.14,9.33,,7.45,1.60,13.26,,0,backfill
,2012-05-18,1591.60,23.29,22.20,15.19,10.55,,8.10,1.09,12.74,,0,backfill
,2012-05-21,1588.40,20.69,22.21,14.93,10.62,,5.76,-1.52,10.07,,0,backfill
,2012-05-22,1576.30,20.04,22.26,14.65,10.76,,5.39,-2.22,9.28,,0,backfill
,2012-05-23,1548.10,21.79,23.24,15.38,11.09,,6.41,-1.45,10.70,,0,backfill
,2012-05-24,1557.30,21.93,23.58,14.96,11.24,,6.97,-1.65,10.69,,0,backfill
,2012-05-25,1568.80,21.11,21.86,14.94,11.15,,6.17,-0.75,9.96,,0,backfill
,2012-05-29,1548.60,21.72,17.43,15.23,11.42,,6.49,4.29,10.30,,0,backfill
,2012-05-30,1563.40,23.46,17.03,15.58,13.51,,7.88,6.43,9.95,,0,backfill
,2012-05-31,1562.60,23.11,17.07,15.50,14.28,,7.61,6.04,8.83,,0,backfill
,2012-06-01,1620.50,25.30,28.16,19.01,23.81,,6.29,-2.86,1.49,,0,backfill
,2012-06-04,1612.20,25.36,24.79,19.05,23.96,,6.31,0.57,1.40,,0,backfill
,2012-06-05,1615.20,23.99,24.90,18.99,23.70,,5.00,-0.91,0.29,,0,backfill
,2012-06-06,1632.80,23.14,25.11,19.16,24.11,,3.98,-1.97,-0.97,,0,backfill
,2012-06-07,1586.60,22.92,31.09,20.86,24.98,,2.06,-8.17,-2.06,,0,backfill
,2012-06-08,1590.10,22.03,30.80,20.57,24.13,,1.46,-8.77,-2.10,,0,backfill
,2012-06-11,1595.50,22.19,30.74,20.59,24.31,,1.60,-8.55,-2.12,,0,backfill
,2012-06-12,1612.70,22.90,21.49,20.88,15.91,,2.02,1.41,6.99,,0,backfill
,2012-06-13,1618.10,23.96,21.35,20.92,15.67,,3.04,2.61,8.29,,0,backfill
,2012-06-14,1618.40,24.10,21.33,20.89,15.94,,3.21,2.77,8.16,,0,backfill
,2012-06-15,1627.00,22.94,20.42,20.69,15.20,,2.25,2.52,7.74,,0,backfill
,2012-06-18,1625.70,20.64,6.03,20.60,11.64,,0.04,14.61,9.00,,0,backfill
,2012-06-19,1622.20,20.51,6.92,20.58,10.01,,-0.07,13.59,10.50,,0,backfill
,2012-06-20,1614.80,19.88,8.19,19.65,9.10,,0.23,11.69,10.78,,0,backfill
,2012-06-21,1564.50,21.07,19.82,21.65,11.43,,-0.58,1.25,9.64,,0,backfill
,2012-06-22,1566.00,20.29,19.48,21.65,11.15,,-1.36,0.81,9.14,,0,backfill
,2012-06-25,1587.50,20.46,22.35,21.93,11.20,,-1.47,-1.89,9.26,,0,backfill
,2012-06-26,1574.00,20.47,21.79,21.65,11.62,,-1.18,-1.32,8.85,,0,backfill
,2012-06-27,1577.50,19.96,22.09,21.64,11.75,,-1.68,-2.13,8.21,,0,backfill
,2012-06-28,1549.70,20.56,23.41,21.92,12.98,,-1.36,-2.85,7.58,,0,backfill
,2012-06-29,1603.50,19.53,33.92,22.99,15.61,,-3.46,-14.39,3.92,,0,backfill
,2012-07-02,1597.20,19.34,26.72,22.81,13.02,,-3.47,-7.38,6.32,,0,backfill
,2012-07-03,1621.30,25.23,27.59,23.21,13.65,,2.02,-2.36,11.58,,0,backfill
,2012-07-05,1608.90,18.94,27.74,23.21,13.95,,-4.27,-8.80,4.99,,0,backfill
,2012-07-06,1578.40,19.46,30.05,23.28,13.92,,-3.82,-10.59,5.54,,0,backfill
,2012-07-09,1588.60,19.04,30.26,23.29,13.63,,-4.25,-11.22,5.41,,0,backfill
,2012-07-10,1579.30,20.28,27.91,23.28,14.33,,-3.00,-7.63,5.95,,0,backfill
,2012-07-11,1575.20,19.22,17.18,22.96,10.80,,-3.74,2.04,8.42,,0,backfill
,2012-07-12,1564.90,19.31,17.34,22.89,11.36,,-3.58,1.97,7.95,,0,backfill
,2012-07-13,1591.60,18.52,18.20,23.41,12.03,,-4.89,0.32,6.49,,0,backfill
,2012-07-16,1591.20,18.03,17.88,20.80,11.12,,-2.77,0.15,6.91,,0,backfill
,2012-07-17,1589.10,17.70,13.08,20.76,11.46,,-3.06,4.62,6.24,,0,backfill
,2012-07-18,1570.40,17.35,14.40,21.01,11.76,,-3.66,2.95,5.59,,0,backfill
,2012-07-19,1580.10,16.83,14.72,20.82,9.40,,-3.99,2.11,7.43,,0,backfill
,2012-07-20,1582.50,16.88,14.61,19.11,9.54,,-2.23,2.27,7.34,,0,backfill
,2012-07-23,1577.10,18.34,14.07,19.12,8.81,,-0.78,4.27,9.53,,0,backfill
,2012-07-24,1576.00,19.60,8.71,19.09,6.70,,0.51,10.89,12.90,,0,backfill
,2012-07-25,1608.00,19.64,15.64,19.75,8.63,,-0.11,4.00,11.01,,0,backfill
,2012-07-26,1615.00,19.37,15.58,19.76,7.38,,-0.39,3.79,11.99,,0,backfill
,2012-07-27,1617.90,19.11,12.15,19.77,6.75,,-0.66,6.96,12.36,,0,backfill
,2012-07-30,1619.70,19.43,12.20,19.71,7.06,,-0.28,7.23,12.37,,0,backfill
,2012-07-31,1610.50,19.51,13.41,19.78,7.83,,-0.27,6.10,11.68,,0,backfill
,2012-08-01,1603.70,19.01,13.57,19.80,9.52,,-0.79,5.44,9.49,,0,backfill
,2012-08-02,1587.40,18.05,15.54,19.97,11.79,,-1.92,2.51,6.26,,0,backfill
,2012-08-03,1606.00,16.65,11.48,17.96,11.41,,-1.31,5.17,5.24,,0,backfill
,2012-08-06,1612.90,16.35,11.47,17.99,11.67,,-1.64,4.88,4.68,,0,backfill
,2012-08-07,1609.70,16.48,11.42,17.60,11.71,,-1.12,5.06,4.77,,0,backfill
,2012-08-08,1612.90,16.25,11.49,17.39,11.67,,-1.14,4.76,4.58,,0,backfill
,2012-08-09,1617.10,16.19,11.01,17.40,11.11,,-1.21,5.18,5.08,,0,backfill
,2012-08-10,1619.70,16.16,10.48,16.48,10.47,,-0.32,5.68,5.69,,0,backfill
,2012-08-13,1609.60,15.13,8.76,13.39,8.45,,1.74,6.37,6.68,,0,backfill
,2012-08-14,1599.40,14.96,6.88,13.47,8.90,,1.49,8.08,6.06,,0,backfill
,2012-08-15,1603.70,14.87,6.46,12.74,9.01,,2.13,8.41,5.86,,0,backfill
,2012-08-16,1616.10,15.17,8.12,12.75,9.59,,2.42,7.05,5.58,,0,backfill
,2012-08-17,1616.30,14.70,8.06,11.37,9.32,,3.33,6.64,5.38,,0,backfill
,2012-08-20,1620.10,14.78,8.03,11.25,9.44,,3.53,6.75,5.34,,0,backfill
,2012-08-21,1639.90,16.29,10.79,11.55,9.51,,4.74,5.50,6.78,,0,backfill
,2012-08-22,1637.40,17.15,9.62,11.52,9.63,,5.63,7.53,7.52,,0,backfill
,2012-08-23,1669.60,17.94,11.91,12.42,8.53,,5.52,6.03,9.41,,0,backfill
,2012-08-24,1669.80,16.88,12.31,11.61,8.21,,5.27,4.57,8.67,,0,backfill
,2012-08-27,1672.40,16.90,12.46,11.60,7.77,,5.30,4.44,9.13,,0,backfill
,2012-08-28,1666.50,16.54,13.22,11.67,8.05,,4.87,3.32,8.49,,0,backfill
,2012-08-29,1659.80,16.50,14.15,11.09,7.92,,5.41,2.35,8.58,,0,backfill
,2012-08-30,1653.50,17.14,13.24,11.13,7.03,,6.01,3.90,10.11,,0,backfill
,2012-08-31,1684.60,17.89,16.61,12.19,11.10,,5.70,1.28,6.79,,0,backfill
,2012-09-04,1692.90,17.97,12.79,12.10,10.86,,5.87,5.18,7.11,,0,backfill
,2012-09-05,1690.80,18.18,12.90,12.11,10.75,,6.07,5.28,7.43,,0,backfill
,2012-09-06,1702.60,17.80,13.26,10.98,11.02,,6.82,4.54,6.78,,0,backfill
,2012-09-07,1737.50,18.95,16.07,12.20,13.81,,6.75,2.88,5.14,,0,backfill
,2012-09-10,1728.70,19.08,16.36,12.39,13.77,,6.69,2.72,5.31,,0,backfill
,2012-09-11,1731.80,19.59,15.28,12.38,13.58,,7.21,4.31,6.01,,0,backfill
,2012-09-12,1730.60,20.15,13.15,12.19,10.05,,7.96,7.00,10.10,,0,backfill
,2012-09-13,1769.10,19.03,17.13,13.27,12.86,,5.76,1.90,6.17,,0,backfill
,2012-09-14,1769.80,17.87,16.85,12.68,12.96,,5.19,1.02,4.91,,0,backfill
,2012-09-17,1767.70,18.08,17.46,12.52,13.23,,5.56,0.62,4.85,,0,backfill
,2012-09-18,1768.40,17.89,14.06,12.54,9.97,,5.35,3.83,7.92,,0,backfill
,2012-09-19,1769.00,17.69,13.18,12.48,10.11,,5.21,4.51,7.58,,0,backfill
,2012-09-20,1767.70,17.29,13.39,12.52,10.30,,4.77,3.90,6.99,,0,backfill
,2012-09-21,1775.50,17.09,13.16,12.53,10.35,,4.56,3.93,6.74,,0,backfill
,2012-09-24,1762.10,16.94,5.68,12.90,,,4.04,11.26,,,0,backfill
,2012-09-25,1763.80,16.74,5.73,12.63,,,4.11,11.01,,,0,backfill
,2012-09-26,1750.60,16.31,7.14,12.71,,,3.60,9.17,,,0,backfill
,2012-09-27,1777.60,17.02,12.38,13.20,,,3.82,4.64,,,0,backfill
,2012-09-28,1771.10,16.76,12.67,13.29,,,3.47,4.09,,,0,backfill
,2012-10-01,1780.50,16.90,13.00,13.27,,,3.63,3.90,,,0,backfill
,2012-10-02,1772.70,16.34,13.11,13.45,,,2.89,3.23,,,0,backfill
,2012-10-03,1777.30,16.59,12.10,13.17,10.17,,3.42,4.49,6.42,,0,backfill
,2012-10-04,1794.10,17.27,13.05,13.25,10.26,,4.02,4.22,7.01,,0,backfill
,2012-10-05,1778.60,15.88,13.43,12.72,9.81,,3.16,2.45,6.07,,0,backfill
,2012-10-08,1773.50,16.13,10.01,12.79,8.07,,3.34,6.12,8.06,,0,backfill
,2012-10-09,1763.00,15.72,10.42,12.99,8.05,,2.73,5.30,7.67,,0,backfill
,2012-10-10,1763.20,15.53,9.61,12.91,5.91,,2.62,5.92,9.62,,0,backfill
,2012-10-11,1768.80,15.31,9.69,12.79,6.06,,2.52,5.62,9.25,,0,backfill
,2012-10-12,1758.00,15.72,9.99,12.90,6.69,,2.82,5.73,9.03,,0,backfill
,2012-10-15,1736.00,15.47,8.45,12.58,7.54,,2.89,7.02,7.93,,0,backfill
,2012-10-16,1744.70,15.12,9.65,12.58,7.05,,2.54,5.47,8.07,,0,backfill
,2012-10-17,1751.50,14.64,10.44,12.59,6.77,,2.05,4.20,7.87,,0,backfill
,2012-10-18,1743.30,14.73,10.25,12.58,6.36,,2.15,4.48,8.37,,0,backfill
,2012-10-19,1722.80,15.10,11.80,11.66,7.51,,3.44,3.30,7.59,,0,backfill
,2012-10-22,1725.10,14.88,11.42,11.58,7.77,,3.30,3.46,7.11,,0,backfill
,2012-10-23,1708.30,15.80,11.96,11.90,8.04,,3.90,3.84,7.76,,0,backfill
,2012-10-24,1700.50,15.70,10.44,11.96,7.19,,3.74,5.26,8.51,,0,backfill
,2012-10-25,1712.00,15.36,11.03,10.13,7.07,,5.23,4.33,8.29,,0,backfill
,2012-10-26,1710.90,14.92,10.20,10.13,7.29,,4.79,4.72,7.63,,0,backfill
,2012-10-31,1717.50,14.99,10.99,10.23,7.38,,4.76,4.00,7.61,,0,backfill
,2012-11-01,1714.10,14.49,8.68,10.22,6.50,,4.27,5.81,7.99,,0,backfill
,2012-11-02,1674.10,16.20,16.01,12.12,9.86,,4.08,0.19,6.34,,0,backfill
,2012-11-05,1682.20,17.48,16.30,12.27,9.28,,5.21,1.18,8.20,,0,backfill
,2012-11-06,1714.10,18.00,20.38,13.53,10.79,,4.47,-2.38,7.21,,0,backfill
,2012-11-07,1713.20,16.69,20.01,13.40,11.76,,3.29,-3.32,4.93,,0,backfill
,2012-11-08,1725.40,17.02,20.42,13.59,11.80,,3.43,-3.40,5.22,,0,backfill
,2012-11-09,1730.30,16.07,20.38,13.47,11.69,,2.60,-4.31,4.38,,0,backfill
,2012-11-12,1730.30,15.66,20.29,12.62,11.48,,3.04,-4.63,4.18,,0,backfill
,2012-11-13,1724.20,14.54,11.65,12.62,8.56,,1.92,2.89,5.98,,0,backfill
,2012-11-14,1729.50,14.94,11.66,12.54,8.49,,2.40,3.28,6.45,,0,backfill
,2012-11-15,1713.30,14.26,8.43,12.75,7.25,,1.51,5.83,7.01,,0,backfill
,2012-11-16,1714.30,13.28,8.43,12.71,5.66,,0.57,4.85,7.62,,0,backfill
,2012-11-19,1734.00,13.61,10.16,12.87,5.74,,0.74,3.45,7.87,,0,backfill
,2012-11-20,1723.20,13.52,10.81,12.76,5.86,,0.76,2.71,7.66,,0,backfill
,2012-11-21,1727.90,13.22,10.99,12.80,5.84,,0.42,2.23,7.38,,0,backfill
,2012-11-23,1751.30,15.48,13.31,13.35,6.43,,2.13,2.17,9.05,,0,backfill
,2012-11-26,1749.50,13.18,13.42,13.35,6.24,,-0.17,-0.24,6.94,,0,backfill
,2012-11-27,1742.20,13.68,11.89,13.36,4.95,,0.32,1.79,8.73,,0,backfill
,2012-11-28,1716.50,13.70,15.84,13.91,6.76,,-0.21,-2.14,6.94,,0,backfill
,2012-11-29,1727.20,12.67,14.54,13.58,6.69,,-0.91,-1.87,5.98,,0,backfill
,2012-11-30,1710.90,13.24,15.18,13.75,8.02,,-0.51,-1.94,5.22,,0,backfill
,2012-12-03,1719.60,13.40,15.49,13.79,8.16,,-0.39,-2.09,5.24,,0,backfill
,2012-12-04,1694.40,13.95,13.84,14.35,9.14,,-0.40,0.11,4.81,,0,backfill
,2012-12-05,1692.40,14.00,13.82,13.97,10.17,,0.03,0.18,3.83,,0,backfill
,2012-12-06,1700.30,14.07,14.94,14.05,10.67,,0.02,-0.87,3.40,,0,backfill
,2012-12-07,1704.00,13.87,12.84,13.78,10.45,,0.09,1.03,3.42,,0,backfill
,2012-12-10,1713.00,14.20,12.62,13.80,10.53,,0.40,1.58,3.67,,0,backfill
,2012-12-11,1708.20,14.16,11.35,13.69,9.55,,0.47,2.81,4.61,,0,backfill
,2012-12-12,1716.60,13.34,11.32,13.76,9.89,,-0.42,2.02,3.45,,0,backfill
,2012-12-13,1695.60,13.01,10.02,14.17,9.10,,-1.16,2.99,3.91,,0,backfill
,2012-12-14,1695.80,12.60,9.98,14.16,8.00,,-1.56,2.62,4.60,,0,backfill
,2012-12-17,1697.00,11.97,9.52,12.33,7.51,,-0.36,2.45,4.46,,0,backfill
,2012-12-18,1669.50,13.69,13.26,13.17,10.85,,0.52,0.43,2.84,,0,backfill
,2012-12-19,1666.50,13.73,12.05,11.87,10.79,,1.86,1.68,2.94,,0,backfill
,2012-12-20,1644.90,14.53,13.17,12.38,12.90,,2.15,1.36,1.63,,0,backfill
,2012-12-21,1659.10,13.82,14.50,12.48,13.54,,1.34,-0.68,0.28,,0,backfill
,2012-12-24,1658.60,13.21,13.68,12.42,13.18,,0.79,-0.47,0.03,,0,backfill
,2012-12-26,1659.80,13.56,13.74,12.43,13.40,,1.13,-0.18,0.16,,0,backfill
,2012-12-27,1662.60,14.83,13.87,12.44,13.34,,2.39,0.96,1.49,,0,backfill
,2012-12-28,1654.90,15.30,10.48,12.41,10.13,,2.89,4.82,5.17,,0,backfill
,2012-12-31,1674.80,14.38,13.10,12.76,10.89,,1.62,1.28,3.49,,0,backfill
,2013-01-02,1687.90,13.43,9.33,13.00,9.57,,0.43,4.10,3.86,,0,backfill
,2013-01-03,1673.70,13.72,11.02,12.68,9.71,,1.04,2.70,4.01,,0,backfill
,2013-01-04,1648.10,13.78,14.94,13.27,11.90,,0.51,-1.16,1.88,,0,backfill
,2013-01-07,1645.50,14.51,14.90,13.21,12.12,,1.30,-0.39,2.39,,0,backfill
,2013-01-08,1661.50,14.08,16.27,12.87,12.41,,1.21,-2.19,1.67,,0,backfill
,2013-01-09,1654.80,14.16,16.20,12.89,12.41,,1.27,-2.04,1.75,,0,backfill
,2013-01-10,1677.30,13.27,16.70,13.61,11.53,,-0.34,-3.43,1.74,,0,backfill
,2013-01-11,1660.00,13.79,16.80,13.28,11.13,,0.51,-3.01,2.66,,0,backfill
,2013-01-14,1668.90,13.78,16.74,13.24,9.98,,0.54,-2.96,3.80,,0,backfill
,2013-01-15,1683.40,13.76,13.62,13.29,7.48,,0.47,0.14,6.28,,0,backfill
,2013-01-16,1682.70,14.49,13.47,13.18,6.84,,1.31,1.02,7.65,,0,backfill
,2013-01-17,1690.40,14.90,12.77,12.57,7.95,,2.33,2.13,6.95,,0,backfill
,2013-01-18,1686.60,13.80,12.43,12.58,7.73,,1.22,1.37,6.07,,0,backfill
,2013-01-22,1692.80,12.71,10.01,12.55,7.80,,0.16,2.70,4.91,,0,backfill
,2013-01-23,1686.30,12.46,7.17,12.58,6.88,,-0.12,5.29,5.58,,0,backfill
,2013-01-24,1669.50,13.03,9.82,12.76,7.18,,0.27,3.21,5.85,,0,backfill
,2013-01-25,1656.40,14.08,8.68,12.91,6.80,,1.17,5.40,7.28,,0,backfill
,2013-01-28,1652.40,14.39,8.58,12.79,6.62,,1.60,5.81,7.77,,0,backfill
,2013-01-29,1660.70,13.59,8.74,12.48,4.27,,1.11,4.85,9.32,,0,backfill
,2013-01-30,1679.90,13.21,12.15,12.97,6.15,,0.24,1.06,7.06,,0,backfill
,2013-01-31,1660.60,13.76,13.30,13.36,7.71,,0.40,0.46,6.05,,0,backfill
,2013-02-01,1669.40,13.32,14.09,12.62,8.79,,0.70,-0.77,4.53,,0,backfill
,2013-02-04,1675.30,13.78,12.92,12.65,8.89,,1.13,0.86,4.89,,0,backfill
,2013-02-05,1672.40,13.03,11.72,12.03,9.49,,1.00,1.31,3.54,,0,backfill
,2013-02-06,1677.70,13.57,11.43,11.81,9.72,,1.76,2.14,3.85,,0,backfill
,2013-02-07,1670.40,13.59,11.83,11.89,10.55,,1.70,1.76,3.04,,0,backfill
,2013-02-08,1666.00,13.14,9.23,11.92,9.65,,1.22,3.91,3.49,,0,backfill
,2013-02-11,1648.20,14.38,8.86,12.32,9.86,,2.06,5.52,4.52,,0,backfill
,2013-02-12,1648.70,14.06,7.79,12.25,8.90,,1.81,6.27,5.16,,0,backfill
,2013-02-13,1644.20,14.70,6.85,11.72,8.71,,2.98,7.85,5.99,,0,backfill
,2013-02-14,1634.70,14.72,7.05,11.53,8.51,,3.19,7.67,6.21,,0,backfill
,2013-02-15,1608.80,15.90,8.85,12.14,11.23,,3.76,7.05,4.67,,0,backfill
,2013-02-19,1603.60,15.75,8.96,11.40,11.15,,4.35,6.79,4.60,,0,backfill
,2013-02-20,1577.60,18.59,10.54,12.25,15.06,,6.34,8.05,3.53,,0,backfill
,2013-02-21,1578.20,16.90,11.32,11.80,15.32,,5.10,5.58,1.58,,0,backfill
,2013-02-22,1572.40,16.26,10.58,11.80,15.50,,4.46,5.68,0.76,,0,backfill
,2013-02-25,1586.20,17.48,14.08,11.34,15.83,,6.14,3.40,1.65,,0,backfill
,2013-02-26,1615.20,15.61,19.77,12.43,16.60,,3.18,-4.16,-0.99,,0,backfill
,2013-02-27,1595.20,15.57,18.79,12.72,15.46,,2.85,-3.22,0.11,,0,backfill
,2013-02-28,1577.70,15.79,19.71,12.63,16.13,,3.16,-3.92,-0.34,,0,backfill
,2013-03-01,1571.90,15.75,17.23,12.63,13.23,,3.12,-1.48,2.52,,0,backfill
,2013-03-04,1572.10,16.03,17.23,12.49,12.07,,3.54,-1.20,3.96,,0,backfill
,2013-03-05,1574.60,15.47,17.11,12.54,12.14,,2.93,-1.64,3.33,,0,backfill
,2013-03-06,1574.60,15.05,16.05,12.43,11.96,,2.62,-1.00,3.09,,0,backfill
,2013-03-07,1574.80,14.84,9.20,12.45,10.64,,2.39,5.64,4.20,,0,backfill
,2013-03-08,1576.60,13.54,7.08,12.26,10.52,,1.28,6.46,3.02,,0,backfill
,2013-03-11,1577.80,12.96,2.75,12.15,8.68,,0.81,10.21,4.28,,0,backfill
,2013-03-12,1591.50,12.07,4.90,12.51,8.25,,-0.44,7.17,3.82,,0,backfill
,2013-03-13,1588.30,12.24,5.35,12.37,8.23,,-0.13,6.89,4.01,,0,backfill
,2013-03-14,1590.60,12.59,5.35,11.78,8.30,,0.81,7.24,4.29,,0,backfill
,2013-03-15,1592.50,12.43,5.26,11.44,7.54,,0.99,7.17,4.89,,0,backfill
,2013-03-18,1604.60,13.30,6.19,11.57,7.34,,1.73,7.11,5.96,,0,backfill
,2013-03-19,1611.30,14.52,6.14,11.60,5.85,,2.92,8.38,8.67,,0,backfill
,2013-03-20,1607.50,13.33,6.89,11.60,5.96,,1.73,6.44,7.37,,0,backfill
,2013-03-21,1613.80,13.37,5.63,11.63,4.78,,1.74,7.74,8.59,,0,backfill
,2013-03-22,1606.20,12.89,6.59,11.64,4.36,,1.25,6.30,8.53,,0,backfill
,2013-03-25,1604.60,12.99,6.77,11.63,3.80,,1.36,6.22,9.19,,0,backfill
,2013-03-26,1595.80,12.48,7.90,11.35,,,1.13,4.58,,,0,backfill
,2013-03-27,1606.20,12.33,7.50,11.56,,,0.77,4.83,,,0,backfill
,2013-03-28,1594.80,12.41,7.99,11.69,,,0.72,4.42,,,0,backfill
,2013-04-01,1600.00,13.13,8.43,11.66,,,1.47,4.70,,,0,backfill
,2013-04-02,1575.10,13.73,11.57,11.63,,,2.10,2.16,,,0,backfill
,2013-04-03,1552.80,15.21,13.29,12.26,,,2.95,1.92,,,0,backfill
,2013-04-04,1551.80,16.03,13.34,11.37,,,4.66,2.69,,,0,backfill
,2013-04-05,1575.40,14.46,17.84,12.24,13.22,,2.22,-3.38,1.24,,0,backfill
,2013-04-08,1572.00,14.22,16.87,12.21,12.80,,2.01,-2.65,1.42,,0,backfill
,2013-04-09,1586.20,13.54,17.98,12.23,13.22,,1.31,-4.44,0.32,,0,backfill
,2013-04-10,1558.30,15.15,20.27,12.03,14.74,,3.12,-5.12,0.41,,0,backfill
,2013-04-11,1564.30,15.29,18.78,11.62,13.53,,3.67,-3.49,1.76,,0,backfill
,2013-04-12,1501.00,21.32,30.30,16.33,22.55,,4.99,-8.98,-1.23,,0,backfill
,2013-04-15,1360.60,34.48,63.25,32.41,44.11,,2.07,-28.77,-9.63,,0,backfill
,2013-04-16,1386.80,30.02,64.18,33.12,48.19,,-3.10,-34.16,-18.17,,0,backfill
,2013-04-17,1382.20,26.93,64.06,33.07,48.54,,-6.14,-37.13,-21.61,,0,backfill
,2013-04-18,1392.00,24.57,63.72,33.22,50.02,,-8.65,-39.15,-25.45,,0,backfill
,2013-04-19,1395.30,24.37,64.98,33.25,49.99,,-8.88,-40.61,-25.62,,0,backfill
,2013-04-22,1421.00,23.28,67.34,33.85,50.42,,-10.57,-44.06,-27.14,,0,backfill
,2013-04-23,1408.60,23.68,64.51,33.85,47.05,,-10.17,-40.83,-23.37,,0,backfill
,2013-04-24,1423.40,21.49,16.63,33.92,27.66,,-12.43,4.86,-6.17,,0,backfill
,2013-04-25,1461.80,22.35,19.42,35.04,19.75,,-12.69,2.93,2.60,,0,backfill
,2013-04-26,1453.60,24.21,20.00,35.02,19.71,,-10.81,4.21,4.50,,0,backfill
,2013-04-29,1467.40,23.16,20.05,35.19,15.29,,-12.03,3.11,7.87,,0,backfill
,2013-04-30,1472.20,22.09,19.96,35.10,14.38,,-13.01,2.13,7.71,,0,backfill
,2013-05-01,1446.30,22.93,23.34,35.30,15.50,,-12.37,-0.41,7.43,,0,backfill
,2013-05-02,1467.70,22.06,22.81,35.69,14.93,,-13.63,-0.75,7.13,,0,backfill
,2013-05-03,1464.30,20.37,23.02,35.63,16.01,,-15.26,-2.65,4.36,,0,backfill
,2013-05-06,1468.10,20.37,16.80,35.67,14.54,,-15.30,3.57,5.83,,0,backfill
,2013-05-07,1449.00,22.07,18.48,35.78,14.58,,-13.71,3.59,7.49,,0,backfill
,2013-05-08,1473.90,20.64,20.62,36.26,15.39,,-15.62,0.02,5.25,,0,backfill
,2013-05-09,1468.80,21.62,20.66,36.16,15.73,,-14.54,0.96,5.89,,0,backfill
,2013-05-10,1436.80,23.95,22.27,36.56,15.68,,-12.61,1.68,8.27,,0,backfill
,2013-05-13,1434.50,25.04,19.43,36.51,15.40,,-11.47,5.61,9.64,,0,backfill
,2013-05-14,1424.70,25.06,19.53,36.35,15.15,,-11.29,5.53,9.91,,0,backfill
,2013-05-15,1396.50,28.01,21.01,36.53,17.50,,-8.52,7.00,10.51,,0,backfill
,2013-05-16,1387.10,27.18,20.60,36.53,17.56,,-9.35,6.58,9.62,,0,backfill
,2013-05-17,1364.90,28.34,13.11,36.26,18.54,,-7.92,15.23,9.80,,0,backfill
,2013-05-20,1384.30,26.66,19.85,36.66,21.38,,-10.00,6.81,5.28,,0,backfill
,2013-05-21,1377.80,27.18,17.45,36.45,21.29,,-9.27,9.73,5.89,,0,backfill
,2013-05-22,1367.60,27.61,17.19,36.25,22.57,,-8.64,10.42,5.04,,0,backfill
,2013-05-23,1392.00,26.08,22.62,36.74,22.29,,-10.66,3.46,3.79,,0,backfill
,2013-05-24,1386.80,24.90,19.47,34.99,,,-10.09,5.43,,,0,backfill
,2013-05-28,1379.10,24.86,19.33,20.16,,,4.70,5.53,,,0,backfill
,2013-05-29,1391.30,22.76,16.64,19.54,,,3.22,6.12,,,0,backfill
,2013-05-30,1411.50,21.43,16.73,19.94,,,1.49,4.70,,,0,backfill
,2013-05-31,1392.60,22.63,19.05,20.26,,,2.37,3.58,,,0,backfill
,2013-06-03,1411.70,21.68,19.08,20.63,,,1.05,2.60,,,0,backfill
,2013-06-04,1397.10,22.32,18.37,20.14,,,2.18,3.95,,,0,backfill
,2013-06-05,1398.40,22.65,18.13,19.99,,,2.66,4.52,,,0,backfill
,2013-06-06,1415.70,22.33,18.50,20.09,,,2.24,3.83,,,0,backfill
,2013-06-07,1383.00,23.58,24.04,19.51,20.31,,4.07,-0.46,3.27,,0,backfill
,2013-06-10,1386.20,22.68,21.81,19.51,19.10,,3.17,0.87,3.58,,0,backfill
,2013-06-11,1377.00,23.27,20.73,19.28,17.27,,3.99,2.54,6.00,,0,backfill
,2013-06-12,1391.80,22.04,19.88,19.57,16.53,,2.47,2.16,5.51,,0,backfill
,2013-06-13,1377.60,22.69,19.86,19.16,15.92,,3.53,2.83,6.77,,0,backfill
,2013-06-14,1387.30,20.91,20.56,18.72,15.79,,2.19,0.35,5.12,,0,backfill
,2013-06-17,1382.80,21.27,18.29,18.72,13.90,,2.55,2.98,7.37,,0,backfill
,2013-06-18,1366.60,22.70,13.71,18.88,11.19,,3.82,8.99,11.51,,0,backfill
,2013-06-19,1373.60,22.53,14.15,18.72,12.73,,3.81,8.38,9.80,,0,backfill
,2013-06-20,1285.90,29.94,41.64,25.65,23.19,,4.29,-11.70,6.75,,0,backfill
,2013-06-21,1291.60,27.19,40.50,25.78,24.24,,1.41,-13.31,2.95,,0,backfill
,2013-06-24,1276.80,27.69,40.50,25.33,24.56,,2.36,-12.81,3.13,,0,backfill
,2013-06-25,1274.80,25.86,39.22,25.33,24.63,,0.53,-13.36,1.23,,0,backfill
,2013-06-26,1229.60,31.43,41.02,26.99,27.71,,4.44,-9.59,3.72,,0,backfill
,2013-06-27,1211.40,33.51,40.90,26.78,30.02,,6.73,-7.39,3.49,,0,backfill
,2013-06-28,1223.80,31.84,42.16,27.12,32.71,,4.72,-10.32,-0.87,,0,backfill
,2013-07-01,1255.90,28.84,31.58,28.22,27.04,,0.62,-2.74,1.80,,0,backfill
,2013-07-02,1243.60,28.19,31.26,27.82,26.59,,0.37,-3.07,1.60,,0,backfill
,2013-07-03,1252.10,27.25,31.69,27.98,26.40,,-0.73,-4.44,0.85,,0,backfill
,2013-07-05,1212.90,27.15,36.09,29.17,29.31,,-2.02,-8.94,-2.16,,0,backfill
,2013-07-08,1234.90,26.79,32.22,29.19,26.91,,-2.40,-5.43,-0.12,,0,backfill
,2013-07-09,1245.90,25.68,30.52,29.43,24.41,,-3.75,-4.84,1.27,,0,backfill
,2013-07-10,1247.40,26.24,30.23,29.45,20.30,,-3.21,-3.99,5.94,,0,backfill
,2013-07-11,1280.10,23.85,30.23,30.46,18.84,,-6.61,-6.38,5.01,,0,backfill
,2013-07-12,1277.80,24.07,29.19,30.03,17.55,,-5.96,-5.12,6.52,,0,backfill
,2013-07-15,1283.80,23.53,29.13,29.95,17.05,,-6.42,-5.60,6.48,,0,backfill
,2013-07-16,1290.80,23.20,15.53,29.66,11.27,,-6.46,7.67,11.93,,0,backfill
,2013-07-17,1277.90,23.61,17.61,29.65,11.38,,-6.04,6.00,12.23,,0,backfill
,2013-07-18,1284.60,22.52,17.39,29.73,10.28,,-7.21,5.13,12.24,,0,backfill
,2013-07-19,1293.30,21.19,17.29,29.52,8.70,,-8.33,3.90,12.49,,0,backfill
,2013-07-22,1336.40,21.76,20.89,30.63,10.03,,-8.87,0.87,11.73,,0,backfill
,2013-07-23,1335.10,21.66,20.76,30.61,10.51,,-8.95,0.90,11.15,,0,backfill
,2013-07-24,1319.70,22.61,23.41,30.72,12.12,,-8.11,-0.80,10.49,,0,backfill
,2013-07-25,1329.00,21.77,23.47,30.61,12.66,,-8.84,-1.70,9.11,,0,backfill
,2013-07-26,1321.70,22.22,22.45,30.52,11.20,,-8.30,-0.23,11.02,,0,backfill
,2013-07-29,1328.40,22.77,22.45,30.48,,,-7.71,0.32,,,0,backfill
,2013-07-30,1324.00,23.72,22.89,30.48,,,-6.76,0.83,,,0,backfill
,2013-07-31,1312.40,24.99,10.89,30.41,,,-5.42,14.10,,,0,backfill
,2013-08-01,1311.00,24.61,10.88,30.34,,,-5.73,13.73,,,0,backfill
,2013-08-02,1310.60,24.24,8.89,23.41,,,0.83,15.35,,,0,backfill
,2013-08-05,1302.60,23.49,7.26,23.46,,,0.03,16.23,,,0,backfill
,2013-08-06,1283.20,23.82,10.31,23.63,,,0.19,13.51,,,0,backfill
,2013-08-07,1286.10,23.49,9.34,23.63,18.02,,-0.14,14.15,5.47,,0,backfill
,2013-08-08,1310.70,21.71,17.03,21.56,19.41,,0.15,4.68,2.30,,0,backfill
,2013-08-09,1312.90,21.50,16.28,20.95,17.30,,0.55,5.22,4.20,,0,backfill
,2013-08-12,1334.70,21.58,18.95,21.22,17.64,,0.36,2.63,3.94,,0,backfill
,2013-08-13,1321.20,21.37,20.44,20.38,15.77,,0.99,0.93,5.60,,0,backfill
,2013-08-14,1334.00,21.21,20.27,20.20,15.53,,1.01,0.94,5.68,,0,backfill
,2013-08-15,1361.60,22.45,17.76,20.85,19.07,,1.60,4.69,3.38,,0,backfill
,2013-08-16,1371.70,22.97,17.27,18.11,19.22,,4.86,5.70,3.75,,0,backfill
,2013-08-19,1366.20,24.25,17.33,17.76,18.25,,6.49,6.92,6.00,,0,backfill
,2013-08-20,1373.10,23.82,17.10,17.69,18.99,,6.13,6.72,4.83,,0,backfill
,2013-08-21,1370.60,23.28,16.07,17.74,18.24,,5.54,7.21,5.04,,0,backfill
,2013-08-22,1371.20,22.69,13.20,16.39,18.16,,6.30,9.49,4.53,,0,backfill
,2013-08-23,1395.70,22.63,15.07,16.94,18.55,,5.69,7.56,4.08,,0,backfill
,2013-08-26,1393.00,23.67,12.00,16.98,13.25,,6.69,11.67,10.42,,0,backfill
,2013-08-27,1420.60,23.90,15.50,17.67,13.64,,6.23,8.40,10.26,,0,backfill
,2013-08-28,1419.00,25.89,14.88,17.27,12.83,,8.62,11.01,13.06,,0,backfill
,2013-08-29,1412.90,24.36,15.99,17.41,11.90,,6.95,8.37,12.46,,0,backfill
,2013-08-30,1396.10,24.44,18.52,17.91,11.97,,6.53,5.92,12.47,,0,backfill
,2013-09-03,1412.00,25.20,19.12,15.71,13.72,,9.49,6.08,11.48,,0,backfill
,2013-09-04,1389.90,24.61,19.72,16.50,13.89,,8.11,4.89,10.72,,0,backfill
,2013-09-05,1373.10,25.64,20.93,16.54,15.71,,9.10,4.71,9.93,,0,backfill
,2013-09-06,1386.70,23.59,17.17,16.65,15.65,,6.94,6.42,7.94,,0,backfill
,2013-09-09,1386.80,22.04,17.25,16.52,15.43,,5.52,4.79,6.61,,0,backfill
,2013-09-10,1364.10,22.58,19.02,17.29,15.96,,5.29,3.56,6.62,,0,backfill
,2013-09-11,1363.90,22.63,18.52,17.25,15.50,,5.38,4.11,7.13,,0,backfill
,2013-09-12,1330.40,25.09,19.21,18.62,16.55,,6.47,5.88,8.54,,0,backfill
,2013-09-13,1308.40,24.88,19.36,19.27,15.91,,5.61,5.52,8.97,,0,backfill
,2013-09-16,1317.90,25.12,21.28,19.38,14.72,,5.74,3.84,10.40,,0,backfill
,2013-09-17,1309.50,25.35,18.25,19.39,13.67,,5.96,7.10,11.68,,0,backfill
,2013-09-18,1307.80,23.20,18.01,18.86,20.41,,4.34,5.19,2.79,,0,backfill
,2013-09-19,1369.40,21.75,36.13,23.00,19.91,,-1.25,-14.38,1.84,,0,backfill
,2013-09-20,1332.50,22.27,39.84,23.94,20.27,,-1.67,-17.57,2.00,,0,backfill
,2013-09-23,1326.90,22.70,36.97,23.98,17.79,,-1.28,-14.27,4.91,,0,backfill
,2013-09-24,1316.00,22.84,35.74,23.60,17.64,,-0.76,-12.90,5.20,,0,backfill
,2013-09-25,1335.90,21.97,36.61,23.83,17.25,,-1.86,-14.64,4.72,,0,backfill
,2013-09-26,1323.60,21.79,36.93,23.82,17.67,,-2.03,-15.14,4.12,,0,backfill
,2013-09-27,1338.40,22.57,37.28,23.26,11.15,,-0.69,-14.71,11.42,,0,backfill
,2013-09-30,1326.50,23.72,22.46,23.25,13.34,,0.47,1.26,10.38,,0,backfill
,2013-10-01,1286.00,25.48,24.09,24.81,18.53,,0.67,1.39,6.95,,0,backfill
,2013-10-02,1320.60,24.04,30.71,26.09,21.55,,-2.05,-6.67,2.49,,0,backfill
,2013-10-03,1317.40,24.54,30.30,26.09,21.64,,-1.55,-5.76,2.90,,0,backfill
,2013-10-04,1309.70,24.77,28.54,26.12,21.62,,-1.35,-3.77,3.15,,0,backfill
,2013-10-07,1324.80,24.81,29.28,25.78,21.57,,-0.97,-4.47,3.24,,0,backfill
,2013-10-08,1324.20,25.44,28.26,25.78,20.70,,-0.34,-2.82,4.74,,0,backfill
,2013-10-09,1306.90,25.81,28.83,25.17,20.26,,0.64,-3.02,5.55,,0,backfill
,2013-10-10,1296.60,25.36,21.52,25.21,16.61,,0.15,3.84,8.75,,0,backfill
,2013-10-11,1268.00,25.83,16.76,25.82,14.44,,0.01,9.07,11.39,,0,backfill
,2013-10-14,1276.40,26.45,18.33,25.86,14.07,,0.59,8.12,12.38,,0,backfill
,2013-10-15,1273.00,26.07,18.33,25.51,16.01,,0.56,7.74,10.06,,0,backfill
,2013-10-16,1282.00,24.72,16.89,25.40,16.13,,-0.68,7.83,8.59,,0,backfill
,2013-10-17,1322.70,22.31,27.57,27.06,16.52,,-4.75,-5.26,5.79,,0,backfill
,2013-10-18,1314.40,21.43,26.50,26.89,15.61,,-5.46,-5.07,5.82,,0,backfill
,2013-10-21,1315.70,21.52,25.80,26.90,13.88,,-5.38,-4.28,7.64,,0,backfill
,2013-10-22,1342.50,20.75,21.09,27.25,13.85,,-6.50,-0.34,6.90,,0,backfill
,2013-10-23,1333.90,20.52,22.86,27.30,13.44,,-6.78,-2.34,7.08,,0,backfill
,2013-10-24,1350.20,20.67,22.14,26.55,11.33,,-5.88,-1.47,9.34,,0,backfill
,2013-10-25,1352.40,19.90,22.52,26.05,10.69,,-6.15,-2.62,9.21,,0,backfill
,2013-10-28,1352.00,20.32,15.48,25.99,10.15,,-5.67,4.84,10.17,,0,backfill
,2013-10-29,1345.20,20.65,15.17,25.96,10.23,,-5.31,5.48,10.42,,0,backfill
,2013-10-30,1349.00,20.81,15.09,25.96,11.56,,-5.15,5.72,9.25,,0,backfill
,2013-10-31,1323.60,20.57,15.30,22.81,9.17,,-2.24,5.27,11.40,,0,backfill
,2013-11-01,1313.10,20.68,15.51,21.54,10.35,,-0.86,5.17,10.33,,0,backfill
,2013-11-04,1314.60,20.30,12.30,21.51,9.73,,-1.21,8.00,10.57,,0,backfill
,2013-11-05,1308.00,20.19,11.70,21.43,10.00,,-1.24,8.49,10.19,,0,backfill
,2013-11-06,1317.70,19.43,13.67,21.07,9.76,,-1.64,5.76,9.67,,0,backfill
,2013-11-07,1308.40,20.01,13.81,21.00,11.40,,-0.99,6.20,8.61,,0,backfill
,2013-11-08,1284.50,19.37,15.24,21.34,12.50,,-1.97,4.13,6.87,,0,backfill
,2013-11-11,1281.00,19.15,12.79,21.22,12.05,,-2.07,6.36,7.10,,0,backfill
,2013-11-12,1271.10,21.20,12.76,19.37,11.48,,1.83,8.44,9.72,,0,backfill
,2013-11-13,1268.30,20.46,12.28,17.61,11.76,,2.85,8.18,8.70,,0,backfill
,2013-11-14,1286.20,19.44,16.81,18.16,12.17,,1.28,2.63,7.27,,0,backfill
,2013-11-15,1287.30,18.03,15.63,18.10,12.21,,-0.07,2.40,5.82,,0,backfill
,2013-11-18,1272.20,19.52,16.35,18.01,10.59,,1.51,3.17,8.93,,0,backfill
,2013-11-19,1273.40,19.45,12.95,18.02,7.61,,1.43,6.50,11.84,,0,backfill
,2013-11-20,1257.90,23.04,14.56,17.97,10.88,,5.07,8.48,12.16,,0,backfill
,2013-11-21,1243.50,21.30,15.28,18.12,10.86,,3.18,6.02,10.44,,0,backfill
,2013-11-22,1244.00,20.33,15.43,17.00,10.42,,3.33,4.90,9.91,,0,backfill
,2013-11-25,1241.10,20.02,10.19,16.87,10.15,,3.15,9.83,9.87,,0,backfill
,2013-11-26,1241.40,19.68,10.04,16.86,9.96,,2.82,9.64,9.72,,0,backfill
,2013-11-27,1237.80,19.75,8.94,16.70,10.86,,3.05,10.81,8.89,,0,backfill
,2013-11-29,1250.60,19.33,12.23,14.06,12.36,,5.27,7.10,6.97,,0,backfill
,2013-12-02,1222.30,21.43,16.63,15.29,13.75,,6.14,4.80,7.68,,0,backfill
,2013-12-03,1221.70,21.09,15.87,15.26,13.73,,5.83,5.22,7.36,,0,backfill
,2013-12-04,1248.20,20.82,21.52,15.43,17.50,,5.39,-0.70,3.32,,0,backfill
,2013-12-05,1233.20,21.78,22.81,15.65,18.40,,6.13,-1.03,3.38,,0,backfill
,2013-12-06,1230.30,20.50,22.81,15.01,20.27,,5.49,-2.31,0.23,,0,backfill
,2013-12-09,1235.30,20.65,22.99,15.09,19.92,,5.56,-2.34,0.73,,0,backfill
,2013-12-10,1262.40,19.63,26.01,16.70,20.63,,2.93,-6.38,-1.00,,0,backfill
,2013-12-11,1258.50,20.02,20.37,16.68,18.35,,3.34,-0.35,1.67,,0,backfill
,2013-12-12,1226.00,22.24,27.43,17.98,20.03,,4.26,-5.19,2.21,,0,backfill
,2013-12-13,1235.70,21.87,24.08,17.61,17.46,,4.26,-2.21,4.41,,0,backfill
,2013-12-16,1245.50,21.91,23.34,17.77,17.31,,4.14,-1.43,4.60,,0,backfill
,2013-12-17,1231.20,21.79,24.59,17.97,15.31,,3.82,-2.80,6.48,,0,backfill
,2013-12-18,1236.10,21.39,24.58,18.03,16.88,,3.36,-3.19,4.51,,0,backfill
,2013-12-19,1195.00,22.07,26.57,20.03,18.66,,2.04,-4.50,3.41,,0,backfill
,2013-12-20,1205.10,21.01,28.28,20.28,19.13,,0.73,-7.27,1.88,,0,backfill
,2013-12-23,1198.40,20.76,24.63,19.75,17.33,,1.01,-3.87,3.43,,0,backfill
,2013-12-24,1205.10,20.08,24.23,19.88,16.78,,0.20,-4.15,3.30,,0,backfill
,2013-12-26,1214.10,19.84,24.14,19.99,15.77,,-0.15,-4.30,4.07,,0,backfill
,2013-12-27,1216.10,19.10,23.62,20.01,15.63,,-0.91,-4.52,3.47,,0,backfill
,2013-12-30,1203.10,20.75,23.77,19.63,14.65,,1.12,-3.02,6.10,,0,backfill
,2013-12-31,1201.90,21.65,11.28,19.62,13.06,,2.03,10.37,8.59,,0,backfill
,2014-01-02,1225.00,20.42,15.35,20.34,13.83,,0.08,5.07,6.59,,0,backfill
,2014-01-03,1238.40,19.19,14.95,20.63,14.46,,-1.44,4.24,4.73,,0,backfill
,2014-01-06,1237.80,19.50,15.24,20.35,16.04,,-0.85,4.26,3.46,,0,backfill
,2014-01-07,1229.40,19.12,16.19,20.18,16.50,,-1.06,2.93,2.62,,0,backfill
,2014-01-08,1225.30,19.43,16.48,20.19,16.63,,-0.76,2.95,2.80,,0,backfill
,2014-01-09,1229.30,18.46,14.26,20.22,15.48,,-1.76,4.20,2.98,,0,backfill
,2014-01-10,1246.70,17.27,15.27,20.64,13.03,,-3.37,2.00,4.24,,0,backfill
,2014-01-13,1250.90,16.67,11.83,20.64,11.29,,-3.97,4.84,5.38,,0,backfill
,2014-01-14,1245.20,16.50,11.11,20.47,10.44,,-3.97,5.39,6.06,,0,backfill
,2014-01-15,1238.10,16.43,11.78,19.39,7.59,,-2.96,4.65,8.84,,0,backfill
,2014-01-16,1240.00,15.39,10.77,19.39,6.06,,-4.00,4.62,9.33,,0,backfill
,2014-01-17,1251.70,14.34,11.20,18.55,6.90,,-4.21,3.14,7.44,,0,backfill
,2014-01-21,1242.30,15.97,12.86,18.34,8.49,,-2.37,3.11,7.48,,0,backfill
,2014-01-22,1239.00,15.62,9.48,18.34,7.68,,-2.72,6.14,7.94,,0,backfill
,2014-01-23,1262.60,16.01,15.22,19.09,11.16,,-3.08,0.79,4.85,,0,backfill
,2014-01-24,1264.50,17.54,14.66,18.03,11.29,,-0.49,2.88,6.25,,0,backfill
,2014-01-27,1263.60,18.38,13.81,18.01,11.55,,0.37,4.57,6.83,,0,backfill
,2014-01-28,1251.00,18.71,15.88,16.51,11.69,,2.20,2.83,7.02,,0,backfill
,2014-01-29,1262.20,17.45,15.78,16.55,,,0.90,1.67,,,0,backfill
,2014-01-30,1242.20,17.97,18.34,17.09,,,0.88,-0.37,,,0,backfill
,2014-01-31,1240.10,18.62,18.29,16.75,,,1.87,0.33,,,0,backfill
,2014-02-03,1260.40,19.15,17.19,17.35,,,1.80,1.96,,,0,backfill
,2014-02-04,1251.70,18.51,17.57,14.17,,,4.34,0.94,,,0,backfill
,2014-02-05,1257.30,18.52,17.93,14.05,,,4.47,0.59,,,0,backfill
,2014-02-06,1257.60,17.93,16.71,13.90,,,4.03,1.22,,,0,backfill
,2014-02-07,1263.30,16.59,16.01,13.87,15.07,,2.72,0.58,1.52,,0,backfill
,2014-02-10,1274.80,17.08,11.97,13.94,12.75,,3.14,5.11,4.33,,0,backfill
,2014-02-11,1290.10,16.81,12.18,14.26,12.92,,2.55,4.63,3.89,,0,backfill
,2014-02-12,1295.30,16.23,9.67,13.75,11.13,,2.48,6.56,5.10,,0,backfill
,2014-02-13,1300.40,16.13,6.09,13.71,11.40,,2.42,10.04,4.73,,0,backfill
,2014-02-14,1319.00,16.26,7.95,13.27,11.07,,2.99,8.31,5.19,,0,backfill
,2014-02-18,1324.70,16.28,6.82,13.05,11.33,,3.23,9.46,4.95,,0,backfill
,2014-02-19,1320.60,16.48,9.28,13.12,11.20,,3.36,7.20,5.28,,0,backfill
,2014-02-20,1317.10,16.07,10.42,12.92,11.36,,3.15,5.65,4.71,,0,backfill
,2014-02-21,1323.90,15.73,9.15,12.84,10.57,,2.89,6.58,5.16,,0,backfill
,2014-02-24,1338.30,15.94,10.11,13.06,11.20,,2.88,5.83,4.74,,0,backfill
,2014-02-25,1343.00,15.86,10.13,12.62,10.69,,3.24,5.73,5.17,,0,backfill
,2014-02-26,1328.20,16.46,11.35,13.21,10.32,,3.25,5.11,6.14,,0,backfill
,2014-02-27,1331.60,15.75,11.19,13.06,9.68,,2.69,4.56,6.07,,0,backfill
,2014-02-28,1321.40,16.07,12.15,13.18,9.58,,2.89,3.92,6.49,,0,backfill
,2014-03-03,1350.10,17.05,17.37,14.32,10.47,,2.73,-0.32,6.58,,0,backfill
,2014-03-04,1337.80,16.75,18.87,14.58,11.17,,2.17,-2.12,5.58,,0,backfill
,2014-03-05,1340.20,16.58,17.74,14.29,10.24,,2.29,-1.16,6.34,,0,backfill
,2014-03-06,1351.70,16.31,18.38,14.31,10.99,,2.00,-2.07,5.32,,0,backfill
,2014-03-07,1338.10,15.82,18.12,13.96,11.87,,1.86,-2.30,3.95,,0,backfill
,2014-03-10,1341.40,15.83,18.12,13.96,12.15,,1.87,-2.29,3.68,,0,backfill
,2014-03-11,1346.50,16.14,17.07,13.94,12.35,,2.20,-0.93,3.79,,0,backfill
,2014-03-12,1370.30,16.67,15.31,14.14,12.40,,2.53,1.36,4.27,,0,backfill
,2014-03-13,1372.20,17.30,13.21,14.04,11.58,,3.26,4.09,5.72,,0,backfill
,2014-03-14,1379.00,18.32,13.17,12.87,12.16,,5.45,5.15,6.16,,0,backfill
,2014-03-17,1372.90,17.87,13.61,12.99,12.18,,4.88,4.26,5.69,,0,backfill
,2014-03-18,1359.00,17.37,13.64,12.98,10.66,,4.39,3.73,6.71,,0,backfill
,2014-03-19,1341.40,17.59,16.41,13.47,12.04,,4.12,1.18,5.55,,0,backfill
,2014-03-20,1330.50,16.91,16.81,13.79,11.61,,3.12,0.10,5.30,,0,backfill
,2014-03-21,1336.00,16.43,11.43,13.80,10.11,,2.63,5.00,6.32,,0,backfill
,2014-03-24,1311.20,17.53,13.85,15.02,11.63,,2.51,3.68,5.90,,0,backfill
,2014-03-25,1311.40,17.16,12.41,14.84,11.13,,2.32,4.75,6.03,,0,backfill
,2014-03-26,1303.40,17.32,12.30,14.60,10.45,,2.72,5.02,6.87,,0,backfill
,2014-03-27,1294.70,17.60,12.15,14.69,,,2.91,5.45,,,0,backfill
,2014-03-28,1293.80,17.48,11.79,14.65,,,2.83,5.69,,,0,backfill
,2014-03-31,1283.40,17.37,11.78,14.16,,,3.21,5.59,,,0,backfill
,2014-04-01,1279.60,16.65,10.08,14.09,,,2.56,6.57,,,0,backfill
,2014-04-02,1290.50,16.19,8.99,14.34,,,1.85,7.20,,,0,backfill
,2014-04-03,1284.40,16.01,8.92,14.38,,,1.63,7.09,,,0,backfill
,2014-04-04,1303.20,15.81,13.36,14.97,,,0.84,2.45,,,0,backfill
,2014-04-07,1298.00,15.95,12.88,14.60,10.45,,1.35,3.07,5.50,,0,backfill
,2014-04-08,1308.70,15.99,13.66,14.79,10.88,,1.20,2.33,5.11,,0,backfill
,2014-04-09,1305.50,14.83,12.33,14.48,10.46,,0.35,2.50,4.37,,0,backfill
,2014-04-10,1320.10,15.06,12.63,14.85,10.60,,0.21,2.43,4.46,,0,backfill
,2014-04-11,1318.70,15.19,12.65,14.69,10.02,,0.50,2.54,5.17,,0,backfill
,2014-04-14,1327.20,15.34,11.47,13.35,9.92,,1.99,3.87,5.42,,0,backfill
,2014-04-15,1300.00,16.10,16.94,14.38,11.66,,1.72,-0.84,4.44,,0,backfill
,2014-04-16,1303.10,15.44,16.80,14.39,11.71,,1.05,-1.36,3.73,,0,backfill
,2014-04-17,1293.40,15.96,16.43,14.22,11.05,,1.74,-0.47,4.91,,0,backfill
,2014-04-21,1288.00,16.22,16.50,14.01,11.35,,2.21,-0.28,4.87,,0,backfill
,2014-04-22,1280.60,16.19,13.77,14.02,11.67,,2.17,2.42,4.52,,0,backfill
,2014-04-23,1284.20,15.61,14.34,13.99,11.62,,1.62,1.27,3.99,,0,backfill
,2014-04-24,1290.50,15.86,13.91,12.93,13.38,,2.93,1.95,2.48,,0,backfill
,2014-04-25,1300.70,16.07,9.30,13.21,10.68,,2.86,6.77,5.39,,0,backfill
,2014-04-28,1298.90,15.56,9.18,13.06,10.97,,2.50,6.38,4.59,,0,backfill
,2014-04-29,1296.00,15.31,7.96,13.04,11.04,,2.27,7.35,4.27,,0,backfill
,2014-04-30,1295.60,15.52,7.36,12.81,10.54,,2.71,8.16,4.98,,0,backfill
,2014-05-01,1283.10,15.15,9.03,12.58,10.04,,2.57,6.12,5.11,,0,backfill
,2014-05-02,1302.60,14.85,12.72,13.30,12.31,,1.55,2.13,2.54,,0,backfill
,2014-05-05,1309.00,15.51,12.73,13.32,10.30,,2.19,2.78,5.21,,0,backfill
,2014-05-06,1308.30,15.02,12.09,12.17,9.88,,2.85,2.93,5.14,,0,backfill
,2014-05-07,1288.60,15.40,15.50,12.93,11.40,,2.47,-0.10,4.00,,0,backfill
,2014-05-08,1287.40,14.87,15.48,12.83,11.08,,2.04,-0.61,3.79,,0,backfill
,2014-05-09,1287.30,14.76,15.49,12.69,,,2.07,-0.73,,,0,backfill
,2014-05-12,1295.60,14.04,14.65,12.83,,,1.21,-0.61,,,0,backfill
,2014-05-13,1294.60,13.61,11.07,12.60,,,1.01,2.54,,,0,backfill
,2014-05-14,1305.70,13.76,12.04,12.78,,,0.98,1.72,,,0,backfill
,2014-05-15,1293.50,14.57,13.21,12.88,,,1.69,1.36,,,0,backfill
,2014-05-16,1293.30,14.04,9.21,12.80,,,1.24,4.83,,,0,backfill
,2014-05-19,1293.70,14.23,9.16,12.07,,,2.16,5.07,,,0,backfill
,2014-05-20,1294.50,14.07,9.14,12.02,,,2.05,4.93,,,0,backfill
,2014-05-21,1288.00,14.36,8.76,11.83,,,2.53,5.60,,,0,backfill
,2014-05-22,1294.90,13.98,9.51,11.94,,,2.04,4.47,,,0,backfill
,2014-05-23,1291.60,14.52,7.45,11.45,,,3.07,7.07,,,0,backfill
,2014-05-27,1265.40,16.21,13.15,12.81,,,3.40,3.06,,,0,backfill
,2014-05-28,1259.30,15.80,13.01,12.62,,,3.18,2.79,,,0,backfill
,2014-05-29,1256.30,15.01,12.75,11.28,,,3.73,2.26,,,0,backfill
,2014-05-30,1245.60,15.34,12.48,11.43,,,3.91,2.86,,,0,backfill
,2014-06-02,1243.70,15.55,12.71,11.29,,,4.26,2.84,,,0,backfill
,2014-06-03,1244.30,15.05,11.30,11.26,,,3.79,3.75,,,0,backfill
,2014-06-04,1244.00,14.79,11.65,11.18,,,3.61,3.14,,,0,backfill
,2014-06-05,1253.00,14.15,7.75,11.38,,,2.77,6.40,,,0,backfill
,2014-06-06,1252.10,13.22,7.37,11.25,8.82,,1.97,5.85,4.40,,0,backfill
,2014-06-09,1253.50,12.77,7.36,10.95,8.43,,1.82,5.41,4.34,,0,backfill
,2014-06-10,1259.80,12.37,5.15,11.10,7.44,,1.27,7.22,4.93,,0,backfill
,2014-06-11,1260.80,12.36,4.72,11.11,7.04,,1.25,7.64,5.32,,0,backfill
,2014-06-12,1273.60,12.91,6.62,11.56,7.90,,1.35,6.29,5.01,,0,backfill
,2014-06-13,1273.70,12.52,6.55,11.23,7.76,,1.29,5.97,4.76,,0,backfill
,2014-06-16,1274.90,12.41,6.06,10.26,7.12,,2.15,6.35,5.29,,0,backfill
,2014-06-17,1271.70,12.53,6.54,10.13,7.30,,2.40,5.99,5.23,,0,backfill
,2014-06-18,1272.40,12.11,6.59,10.14,7.39,,1.97,5.52,4.72,,0,backfill
,2014-06-19,1313.70,14.48,19.22,13.14,13.85,,1.34,-4.74,0.63,,0,backfill
,2014-06-20,1316.20,12.79,19.11,13.13,14.33,,-0.34,-6.32,-1.54,,0,backfill
,2014-06-23,1318.00,12.93,19.07,13.13,13.82,,-0.20,-6.14,-0.89,,0,backfill
,2014-06-24,1320.90,12.96,18.88,13.03,14.05,,-0.07,-5.92,-1.09,,0,backfill
,2014-06-25,1322.20,12.92,18.88,13.03,14.03,,-0.11,-5.96,-1.11,,0,backfill
,2014-06-26,1316.10,12.76,19.28,12.90,13.76,,-0.14,-6.52,-1.00,,0,backfill
,2014-06-27,1319.00,12.64,19.15,12.58,13.84,,0.06,-6.51,-1.20,,0,backfill
,2014-06-30,1321.80,14.01,3.92,12.58,8.07,,1.43,10.09,5.94,,0,backfill
,2014-07-01,1326.40,13.74,4.20,12.60,7.15,,1.14,9.54,6.59,,0,backfill
,2014-07-02,1330.70,13.89,4.39,12.62,7.05,,1.27,9.50,6.84,,0,backfill
,2014-07-03,1320.40,12.99,6.94,12.76,7.64,,0.23,6.05,5.35,,0,backfill
,2014-07-07,1316.50,12.99,7.09,12.73,7.24,,0.26,5.90,5.75,,0,backfill
,2014-07-08,1316.00,12.83,6.52,12.70,7.26,,0.13,6.31,5.57,,0,backfill
,2014-07-09,1323.80,13.05,7.37,11.09,7.19,,1.96,5.68,5.86,,0,backfill
,2014-07-10,1338.70,12.91,9.81,11.26,6.95,,1.65,3.10,5.96,,0,backfill
,2014-07-11,1337.00,13.27,9.88,11.23,6.85,,2.04,3.39,6.42,,0,backfill
,2014-07-14,1306.30,14.23,17.41,13.09,10.23,,1.14,-3.18,4.00,,0,backfill
,2014-07-15,1296.90,14.73,17.35,13.31,10.62,,1.42,-2.62,4.11,,0,backfill
,2014-07-16,1299.60,14.67,17.56,13.31,10.59,,1.36,-2.89,4.08,,0,backfill
,2014-07-17,1316.70,15.52,19.75,13.71,11.84,,1.81,-4.23,3.68,,0,backfill
,2014-07-18,1309.20,14.35,19.54,13.79,12.54,,0.56,-5.19,1.81,,0,backfill
,2014-07-21,1313.70,14.69,17.89,13.79,11.87,,0.90,-3.20,2.82,,0,backfill
,2014-07-22,1306.10,14.62,17.95,13.95,,,0.67,-3.33,,,0,backfill
,2014-07-23,1304.50,14.07,11.35,13.93,,,0.14,2.72,,,0,backfill
,2014-07-24,1290.60,14.33,12.40,14.35,,,-0.02,1.93,,,0,backfill
,2014-07-25,1303.10,14.68,13.86,14.32,,,0.36,0.82,,,0,backfill
,2014-07-28,1303.30,14.55,10.69,14.32,,,0.23,3.86,,,0,backfill
,2014-07-29,1298.30,15.05,10.44,14.38,,,0.67,4.61,,,0,backfill
,2014-07-30,1294.90,14.85,9.93,14.38,,,0.47,4.92,,,0,backfill
,2014-07-31,1281.30,15.46,11.03,14.74,,,0.72,4.43,,,0,backfill
,2014-08-01,1293.60,14.37,13.31,11.67,8.83,,2.70,1.06,5.54,,0,backfill
,2014-08-04,1287.70,14.17,11.91,11.70,8.99,,2.47,2.26,5.18,,0,backfill
,2014-08-05,1284.00,14.76,9.67,11.70,9.14,,3.06,5.09,5.62,,0,backfill
,2014-08-06,1306.70,14.51,15.33,12.84,10.79,,1.67,-0.82,3.72,,0,backfill
,2014-08-07,1310.80,14.82,15.10,12.87,10.62,,1.95,-0.28,4.20,,0,backfill
,2014-08-08,1308.90,14.85,14.98,12.81,10.73,,2.04,-0.13,4.12,,0,backfill
,2014-08-11,1308.50,14.49,12.58,12.79,9.74,,1.70,1.91,4.75,,0,backfill
,2014-08-12,1308.80,14.35,11.75,12.77,8.95,,1.58,2.60,5.40,,0,backfill
,2014-08-13,1312.80,13.53,10.91,12.76,8.85,,0.77,2.62,4.68,,0,backfill
,2014-08-14,1313.90,12.55,10.32,12.72,8.58,,-0.17,2.23,3.97,,0,backfill
,2014-08-15,1304.50,13.33,5.55,12.69,8.49,,0.64,7.78,4.84,,0,backfill
,2014-08-18,1297.70,13.46,5.68,12.75,8.17,,0.71,7.78,5.29,,0,backfill
,2014-08-19,1295.10,13.43,5.69,12.76,7.60,,0.67,7.74,5.83,,0,backfill
,2014-08-20,1293.40,13.51,5.63,12.61,7.78,,0.90,7.88,5.73,,0,backfill
,2014-08-21,1273.70,13.84,9.71,12.77,8.87,,1.07,4.13,4.97,,0,backfill
,2014-08-22,1278.60,13.46,9.96,12.87,8.72,,0.59,3.50,4.74,,0,backfill
,2014-08-25,1277.30,13.55,9.65,11.09,8.59,,2.46,3.90,4.96,,0,backfill
,2014-08-26,1283.80,13.24,10.72,11.04,6.80,,2.20,2.52,6.44,,0,backfill
,2014-08-27,1281.90,12.72,10.52,11.02,6.57,,1.70,2.20,6.15,,0,backfill
,2014-08-28,1288.70,12.90,11.33,10.41,6.75,,2.49,1.57,6.15,,0,backfill
,2014-08-29,1285.80,12.85,11.36,10.31,6.57,,2.54,1.49,6.28,,0,backfill
,2014-09-02,1263.70,14.05,12.44,11.31,7.95,,2.74,1.61,6.10,,0,backfill
,2014-09-03,1268.90,13.44,12.49,11.34,8.15,,2.10,0.95,5.29,,0,backfill
,2014-09-04,1265.10,14.01,12.54,11.35,8.80,,2.66,1.47,5.21,,0,backfill
,2014-09-05,1265.80,13.27,11.84,10.98,8.59,,2.29,1.43,4.68,,0,backfill
,2014-09-08,1252.70,14.47,12.83,10.88,9.69,,3.59,1.64,4.78,,0,backfill
,2014-09-09,1246.80,15.36,11.34,10.92,,,4.44,4.02,,,0,backfill
,2014-09-10,1243.50,15.89,11.31,10.90,,,4.99,4.58,,,0,backfill
,2014-09-11,1237.40,16.42,7.24,10.94,,,5.48,9.18,,,0,backfill
,2014-09-12,1229.90,17.86,5.37,10.69,,,7.17,12.49,,,0,backfill
,2014-09-15,1233.60,16.50,7.02,10.27,,,6.23,9.48,,,0,backfill
,2014-09-16,1235.20,16.58,7.21,10.27,,,6.31,9.37,,,0,backfill
,2014-09-17,1234.40,17.14,5.45,10.26,,,6.88,11.69,,,0,backfill
,2014-09-18,1225.70,15.50,6.07,8.69,,,6.81,9.43,,,0,backfill
,2014-09-19,1215.30,16.90,7.09,8.73,,,8.17,9.81,,,0,backfill
,2014-09-22,1216.80,16.44,7.45,8.80,5.95,,7.64,8.99,10.49,,0,backfill
,2014-09-23,1221.00,16.65,7.66,8.94,,,7.71,8.99,,,0,backfill
,2014-09-24,1218.60,17.21,7.12,8.91,,,8.30,10.09,,,0,backfill
,2014-09-25,1221.20,17.99,7.28,8.86,,,9.13,10.71,,,0,backfill
,2014-09-26,1214.10,17.84,7.65,8.86,,,8.98,10.19,,,0,backfill
,2014-09-29,1217.50,17.17,7.38,8.89,,,8.28,9.79,,,0,backfill
,2014-09-30,1210.50,18.83,6.30,8.91,,,9.92,12.53,,,0,backfill
,2014-10-01,1214.60,18.73,6.68,9.06,,,9.67,12.05,,,0,backfill
,2014-10-02,1214.20,18.20,6.17,9.07,,,9.13,12.03,,,0,backfill
,2014-10-03,1192.20,19.13,12.24,9.47,,,9.66,6.89,,,0,backfill
,2014-10-06,1206.70,17.60,15.15,10.21,,,7.39,2.45,,,0,backfill
,2014-10-07,1211.70,17.56,15.19,10.35,12.08,,7.21,2.37,5.48,,0,backfill
,2014-10-08,1205.30,17.50,15.28,10.19,12.46,,7.31,2.22,5.04,,0,backfill
,2014-10-09,1224.60,17.86,17.99,11.45,11.82,,6.41,-0.13,6.04,,0,backfill
,2014-10-10,1221.00,18.11,18.13,11.27,11.40,,6.84,-0.02,6.71,,0,backfill
,2014-10-13,1229.30,17.69,18.45,11.54,11.26,,6.15,-0.76,6.43,,0,backfill
,2014-10-14,1233.60,17.98,12.02,10.60,9.27,,7.38,5.96,8.71,,0,backfill
,2014-10-15,1244.10,20.04,11.28,10.85,5.40,,9.19,8.76,14.64,,0,backfill
,2014-10-16,1240.50,19.68,12.10,10.84,5.37,,8.84,7.58,14.31,,0,backfill
,2014-10-17,1238.30,18.08,11.19,10.84,4.20,,7.24,6.89,13.88,,0,backfill
,2014-10-20,1244.00,17.27,7.56,10.55,4.65,,6.72,9.71,12.62,,0,backfill
,2014-10-21,1251.00,17.01,6.79,10.59,,,6.42,10.22,,,0,backfill
,2014-10-22,1244.80,16.58,7.95,10.66,,,5.92,8.63,,,0,backfill
,2014-10-23,1228.50,16.91,11.81,11.25,,,5.66,5.10,,,0,backfill
,2014-10-24,1231.20,16.24,10.28,11.13,,,5.11,5.96,,,0,backfill
,2014-10-27,1229.10,16.49,10.24,11.11,,,5.38,6.25,,,0,backfill
,2014-10-28,1229.20,16.30,10.27,11.10,,,5.20,6.03,,,0,backfill
,2014-10-29,1224.30,16.75,9.55,11.15,,,5.60,7.20,,,0,backfill
,2014-10-30,1198.10,18.08,13.34,12.63,,,5.45,4.74,,,0,backfill
,2014-10-31,1171.10,21.54,16.56,13.99,,,7.55,4.98,,,0,backfill
,2014-11-03,1169.40,21.10,16.73,13.97,,,7.13,4.37,,,0,backfill
,2014-11-04,1167.40,20.10,15.97,13.90,,,6.20,4.13,,,0,backfill
,2014-11-05,1145.40,23.38,16.65,14.80,,,8.58,6.73,,,0,backfill
,2014-11-06,1142.30,23.18,16.00,14.75,,,8.43,7.18,,,0,backfill
,2014-11-07,1169.60,21.38,26.09,16.49,20.36,,4.89,-4.71,1.02,,0,backfill
,2014-11-10,1159.60,22.23,24.01,16.58,20.55,,5.65,-1.78,1.68,,0,backfill
,2014-11-11,1162.80,21.43,20.56,16.57,17.89,,4.86,0.87,3.54,,0,backfill
,2014-11-12,1158.90,21.29,20.61,16.52,17.96,,4.77,0.68,3.33,,0,backfill
,2014-11-13,1161.10,20.98,20.69,16.55,18.11,,4.43,0.29,2.87,,0,backfill
,2014-11-14,1185.00,23.36,19.57,16.93,20.26,,6.43,3.79,3.10,,0,backfill
,2014-11-17,1183.00,23.37,19.41,16.53,20.12,,6.84,3.96,3.25,,0,backfill
,2014-11-18,1196.70,23.97,15.50,16.85,16.55,,7.12,8.47,7.42,,0,backfill
,2014-11-19,1193.60,24.26,13.91,16.80,15.48,,7.46,10.35,8.78,,0,backfill
,2014-11-20,1190.70,21.50,14.46,16.09,14.33,,5.41,7.04,7.17,,0,backfill
,2014-11-21,1197.50,21.23,13.68,16.19,14.52,,5.04,7.55,6.71,,0,backfill
,2014-11-24,1195.50,20.64,14.15,16.03,14.23,,4.61,6.49,6.41,,0,backfill
,2014-11-25,1197.10,20.67,8.46,15.99,,,4.68,12.21,,,0,backfill
,2014-11-26,1196.60,21.24,8.29,15.74,,,5.50,12.95,,,0,backfill
,2014-11-28,1175.20,25.17,11.75,16.47,,,8.70,13.42,,,0,backfill
,2014-12-01,1218.00,22.33,25.84,19.75,,,2.58,-3.51,,,0,backfill
,2014-12-02,1199.20,21.29,28.08,20.15,,,1.14,-6.79,,,0,backfill
,2014-12-03,1208.50,20.62,28.25,20.22,,,0.40,-7.63,,,0,backfill
,2014-12-04,1207.50,20.30,28.21,20.19,,,0.11,-7.91,,,0,backfill
,2014-12-05,1190.10,20.02,29.79,20.26,28.37,,-0.24,-9.77,-8.35,,0,backfill
,2014-12-08,1194.70,19.55,29.93,20.29,28.90,,-0.74,-10.38,-9.35,,0,backfill
,2014-12-09,1231.50,20.09,31.85,22.23,28.95,,-2.14,-11.76,-8.86,,0,backfill
,2014-12-10,1228.90,19.27,24.60,22.24,16.33,,-2.97,-5.33,2.94,,0,backfill
,2014-12-11,1225.10,19.11,22.03,22.22,15.71,,-3.11,-2.92,3.40,,0,backfill
,2014-12-12,1222.00,19.66,21.97,21.28,15.19,,-1.62,-2.31,4.47,,0,backfill
,2014-12-15,1207.20,20.95,23.50,20.47,16.53,,0.48,-2.55,4.42,,0,backfill
,2014-12-16,1193.90,22.08,22.69,20.76,17.77,,1.32,-0.61,4.31,,0,backfill
,2014-12-17,1194.30,20.90,22.56,20.74,17.39,,0.16,-1.66,3.51,,0,backfill
,2014-12-18,1194.70,19.28,8.21,19.88,14.75,,-0.60,11.07,4.53,,0,backfill
,2014-12-19,1195.90,18.68,8.76,19.84,14.63,,-1.16,9.92,4.05,,0,backfill
,2014-12-22,1179.70,20.26,10.47,19.16,15.93,,1.10,9.79,4.33,,0,backfill
,2014-12-23,1177.90,19.76,10.61,18.99,15.64,,0.77,9.15,4.12,,0,backfill
,2014-12-24,1173.50,19.37,9.43,19.02,13.92,,0.35,9.94,5.45,,0,backfill
,2014-12-26,1195.30,18.92,15.09,19.69,12.15,,-0.77,3.83,6.77,,0,backfill
,2014-12-29,1181.70,20.15,16.61,20.01,11.31,,0.14,3.54,8.84,,0,backfill
,2014-12-30,1200.20,19.48,19.57,19.64,13.25,,-0.16,-0.09,6.23,,0,backfill
,2014-12-31,1183.90,20.08,21.36,20.06,14.09,,0.02,-1.28,5.99,,0,backfill
,2015-01-02,1186.00,20.23,19.59,19.77,14.05,,0.46,0.64,6.18,,0,backfill
,2015-01-05,1203.90,21.26,21.21,20.24,16.13,,1.02,0.05,5.13,,0,backfill
,2015-01-06,1219.30,20.78,21.28,20.54,16.77,,0.24,-0.50,4.01,,0,backfill
,2015-01-07,1210.60,20.35,20.25,20.61,16.04,,-0.26,0.10,4.31,,0,backfill
,2015-01-08,1208.40,19.20,18.34,20.61,16.21,,-1.41,0.86,2.99,,0,backfill
,2015-01-09,1216.00,18.44,16.47,20.68,13.98,,-2.24,1.97,4.46,,0,backfill
,2015-01-12,1232.70,17.65,13.53,21.02,13.81,,-3.37,4.12,3.84,,0,backfill
,2015-01-13,1234.30,17.63,13.59,20.23,11.81,,-2.60,4.04,5.82,,0,backfill
,2015-01-14,1234.40,18.52,12.19,17.46,10.12,,1.06,6.33,8.40,,0,backfill
,2015-01-15,1264.70,21.83,16.88,18.09,14.04,,3.74,4.95,7.79,,0,backfill
,2015-01-16,1276.90,22.66,14.56,18.15,15.35,,4.51,8.10,7.31,,0,backfill
,2015-01-20,1294.20,23.43,13.22,18.44,16.47,,4.99,10.21,6.96,,0,backfill
,2015-01-21,1293.70,22.34,14.51,17.76,16.86,,4.58,7.83,5.48,,0,backfill
,2015-01-22,1300.70,21.25,14.20,17.77,17.06,,3.48,7.05,4.19,,0,backfill
,2015-01-23,1292.60,20.62,16.21,15.92,16.98,,4.70,4.41,3.64,,0,backfill
,2015-01-26,1279.40,20.04,18.91,16.25,16.43,,3.79,1.13,3.61,,0,backfill
,2015-01-27,1291.70,20.16,14.12,16.37,12.94,,3.79,6.04,7.22,,0,backfill
,2015-01-28,1285.90,19.31,13.89,16.42,11.07,,2.89,5.42,8.24,,0,backfill
,2015-01-29,1254.60,20.25,17.80,17.69,13.22,,2.56,2.45,7.03,,0,backfill
,2015-01-30,1278.50,19.65,22.72,17.99,14.59,,1.66,-3.07,5.06,,0,backfill
,2015-02-02,1276.20,20.33,22.18,18.03,14.56,,2.30,-1.85,5.77,,0,backfill
,2015-02-03,1259.70,20.30,22.99,18.55,16.66,,1.75,-2.69,3.64,,0,backfill
,2015-02-04,1263.80,20.36,22.79,18.56,16.90,,1.80,-2.43,3.46,,0,backfill
,2015-02-05,1262.00,20.06,21.41,18.00,16.94,,2.06,-1.35,3.12,,0,backfill
,2015-02-06,1233.90,20.59,24.35,19.36,20.44,,1.23,-3.76,0.15,,0,backfill
,2015-02-09,1240.80,20.30,21.12,19.33,18.06,,0.97,-0.82,2.24,,0,backfill
,2015-02-10,1231.60,19.71,15.60,18.85,16.80,,0.86,4.11,2.91,,0,backfill
,2015-02-11,1219.00,20.07,15.62,18.79,16.89,,1.28,4.45,3.18,,0,backfill
,2015-02-12,1220.10,19.31,15.43,18.28,15.10,,1.03,3.88,4.21,,0,backfill
,2015-02-13,1226.50,18.49,15.89,17.81,14.83,,0.68,2.60,3.66,,0,backfill
,2015-02-17,1208.10,19.61,16.95,18.43,16.91,,1.18,2.66,2.70,,0,backfill
,2015-02-18,1199.70,19.54,12.71,18.03,13.00,,1.51,6.83,6.54,,0,backfill
,2015-02-19,1207.10,18.62,12.90,17.73,13.60,,0.89,5.72,5.02,,0,backfill
,2015-02-20,1204.40,19.26,12.68,17.62,13.65,,1.64,6.58,5.61,,0,backfill
,2015-02-23,1200.30,19.40,11.70,17.64,13.02,,1.76,7.70,6.38,,0,backfill
,2015-02-24,1196.90,18.77,11.49,17.54,12.88,,1.23,7.28,5.89,,0,backfill
,2015-02-25,1201.00,17.40,11.00,17.07,12.54,,0.33,6.40,4.86,,0,backfill
,2015-02-26,1209.60,16.65,8.54,17.22,9.54,,-0.57,8.11,7.11,,0,backfill
,2015-02-27,1212.60,15.91,6.95,17.24,9.64,,-1.33,8.96,6.27,,0,backfill
,2015-03-02,1207.70,16.38,6.79,15.57,10.05,,0.81,9.59,6.33,,0,backfill
,2015-03-03,1204.00,16.76,6.93,15.21,10.46,,1.55,9.83,6.30,,0,backfill
,2015-03-04,1200.60,16.66,6.82,14.49,10.20,,2.17,9.84,6.46,,0,backfill
,2015-03-05,1195.90,16.90,7.03,14.48,10.18,,2.42,9.87,6.72,,0,backfill
,2015-03-06,1164.10,18.43,17.07,15.89,14.08,,2.54,1.36,4.35,,0,backfill
,2015-03-09,1166.40,17.58,15.83,15.95,13.65,,1.63,1.75,3.93,,0,backfill
,2015-03-10,1160.10,18.97,14.90,15.83,13.57,,3.14,4.07,5.40,,0,backfill
,2015-03-11,1150.70,20.01,14.84,15.41,13.27,,4.60,5.17,6.74,,0,backfill
,2015-03-12,1152.10,19.07,15.52,15.48,12.71,,3.59,3.55,6.36,,0,backfill
,2015-03-13,1152.60,18.90,15.94,14.18,12.60,,4.72,2.96,6.30,,0,backfill
,2015-03-16,1153.30,19.14,16.39,12.66,12.85,,6.48,2.75,6.29,,0,backfill
,2015-03-17,1148.30,20.83,6.27,12.65,9.40,,8.18,14.56,11.43,,0,backfill
,2015-03-18,1151.40,18.65,6.47,12.44,12.42,,6.21,12.18,6.23,,0,backfill
,2015-03-19,1169.10,17.25,11.57,13.42,12.46,,3.83,5.68,4.79,,0,backfill
,2015-03-20,1184.80,17.21,11.54,14.19,12.44,,3.02,5.67,4.77,,0,backfill
,2015-03-23,1188.00,17.26,11.41,12.86,12.15,,4.40,5.85,5.11,,0,backfill
,2015-03-24,1191.70,16.84,11.13,12.76,12.16,,4.08,5.71,4.68,,0,backfill
,2015-03-25,1197.30,16.38,10.76,12.74,11.73,,3.64,5.62,4.65,,0,backfill
,2015-03-26,1205.10,16.02,8.35,12.60,11.83,,3.42,7.67,4.19,,0,backfill
,2015-03-27,1199.80,15.83,10.63,12.65,8.32,,3.18,5.20,7.51,,0,backfill
,2015-03-30,1184.80,16.64,13.14,12.99,9.00,,3.65,3.50,7.64,,0,backfill
,2015-03-31,1183.10,16.34,10.46,12.30,8.64,,4.04,5.88,7.70,,0,backfill
,2015-04-01,1208.10,16.04,16.53,13.64,11.74,,2.40,-0.49,4.30,,0,backfill
,2015-04-02,1200.90,16.01,17.25,13.64,12.00,,2.37,-1.24,4.01,,0,backfill
,2015-04-06,1218.60,15.74,19.06,14.28,12.56,,1.46,-3.32,3.18,,0,backfill
,2015-04-07,1210.60,15.20,19.52,14.38,11.84,,0.82,-4.32,3.36,,0,backfill
,2015-04-08,1203.10,14.79,19.75,14.48,12.50,,0.31,-4.96,2.29,,0,backfill
,2015-04-09,1193.60,15.00,18.63,14.63,11.75,,0.37,-3.63,3.25,,0,backfill
,2015-04-10,1204.60,14.23,19.11,14.73,11.92,,-0.50,-4.88,2.31,,0,backfill
,2015-04-13,1199.30,14.79,14.35,14.76,9.13,,0.03,0.44,5.66,,0,backfill
,2015-04-14,1192.80,15.18,14.28,14.79,9.88,,0.39,0.90,5.30,,0,backfill
,2015-04-15,1201.50,14.60,11.27,14.93,9.94,,-0.33,3.33,4.66,,0,backfill
,2015-04-16,1198.00,14.54,10.85,14.94,10.59,,-0.40,3.69,3.95,,0,backfill
,2015-04-17,1202.90,14.47,10.73,14.94,9.91,,-0.47,3.74,4.56,,0,backfill
,2015-04-20,1193.50,15.39,10.70,12.79,10.63,,2.60,4.69,4.76,,0,backfill
,2015-04-21,1202.90,15.04,10.24,12.95,10.25,,2.09,4.80,4.79,,0,backfill
,2015-04-22,1186.90,15.79,12.87,13.49,11.14,,2.30,2.92,4.65,,0,backfill
,2015-04-23,1194.40,15.87,13.28,13.31,10.49,,2.56,2.59,5.38,,0,backfill
,2015-04-24,1175.20,16.39,15.33,14.24,11.33,,2.15,1.06,5.06,,0,backfill
,2015-04-27,1203.30,16.42,22.23,15.72,13.01,,0.70,-5.81,3.41,,0,backfill
,2015-04-28,1214.00,16.19,22.72,15.86,13.58,,0.33,-6.53,2.61,,0,backfill
,2015-04-29,1209.80,15.95,22.13,15.83,13.11,,0.12,-6.18,2.84,,0,backfill
,2015-04-30,1182.40,16.76,26.03,17.36,15.51,,-0.60,-9.27,1.25,,0,backfill
,2015-05-01,1174.50,17.29,25.14,16.95,14.80,,0.34,-7.85,2.49,,0,backfill
,2015-05-04,1186.80,17.62,25.79,16.77,14.88,,0.85,-8.17,2.74,,0,backfill
,2015-05-05,1193.20,17.15,23.57,16.82,14.03,,0.33,-6.42,3.12,,0,backfill
,2015-05-06,1190.30,17.53,18.18,16.81,11.85,,0.72,-0.65,5.68,,0,backfill
,2015-05-07,1182.40,17.91,16.78,16.86,11.22,,1.05,1.13,6.69,,0,backfill
,2015-05-08,1189.10,15.84,17.71,16.83,10.92,,-0.99,-1.87,4.92,,0,backfill
,2015-05-11,1183.20,15.94,11.02,16.84,7.27,,-0.90,4.92,8.67,,0,backfill
,2015-05-12,1192.60,15.63,10.72,16.61,7.00,,-0.98,4.91,8.63,,0,backfill
,2015-05-13,1218.40,15.93,15.31,17.69,10.15,,-1.76,0.62,5.78,,0,backfill
,2015-05-14,1225.40,16.21,15.32,16.73,10.06,,-0.52,0.89,6.15,,0,backfill
,2015-05-15,1225.50,15.48,14.96,16.62,10.45,,-1.14,0.52,5.03,,0,backfill
,2015-05-18,1227.80,15.81,13.14,16.09,10.39,,-0.28,2.67,5.42,,0,backfill
,2015-05-19,1206.90,15.88,18.84,16.76,11.52,,-0.88,-2.96,4.36,,0,backfill
,2015-05-20,1208.90,15.25,18.20,16.66,11.13,,-1.41,-2.95,4.12,,0,backfill
,2015-05-21,1204.40,14.62,18.24,16.53,11.03,,-1.91,-3.62,3.59,,0,backfill
,2015-05-22,1204.30,14.19,11.74,16.31,7.72,,-2.12,2.45,6.47,,0,backfill
,2015-05-26,1187.20,15.22,12.57,16.79,7.36,,-1.57,2.65,7.86,,0,backfill
,2015-05-27,1185.90,14.08,12.41,16.72,,,-2.64,1.67,,,0,backfill
,2015-05-28,1188.10,14.51,12.40,16.59,,,-2.08,2.11,,,0,backfill
,2015-05-29,1189.40,13.99,9.09,16.57,,,-2.58,4.90,,,0,backfill
,2015-06-01,1188.30,14.88,8.77,16.52,,,-1.64,6.11,,,0,backfill
,2015-06-02,1194.10,14.86,9.71,16.44,,,-1.58,5.15,,,0,backfill
,2015-06-03,1184.70,15.15,10.43,16.42,,,-1.27,4.72,,,0,backfill
,2015-06-04,1174.90,16.01,7.84,16.14,,,-0.13,8.17,,,0,backfill
,2015-06-05,1167.80,15.12,8.29,16.09,10.59,,-0.97,6.83,4.53,,0,backfill
,2015-06-08,1173.20,15.14,8.99,15.47,10.13,,-0.33,6.15,5.01,,0,backfill
,2015-06-09,1177.30,14.83,9.42,13.81,10.14,,1.02,5.41,4.69,,0,backfill
,2015-06-10,1186.10,14.37,10.85,13.73,9.33,,0.64,3.52,5.04,,0,backfill
,2015-06-11,1179.90,14.30,10.53,13.77,9.37,,0.53,3.77,4.93,,0,backfill
,2015-06-12,1178.80,13.99,9.60,12.07,8.37,,1.92,4.39,5.62,,0,backfill
,2015-06-15,1185.30,14.34,8.53,12.01,8.90,,2.33,5.81,5.44,,0,backfill
,2015-06-16,1180.50,14.36,7.86,11.68,8.53,,2.68,6.50,5.83,,0,backfill
,2015-06-17,1176.40,13.58,8.03,11.60,8.96,,1.98,5.55,4.62,,0,backfill
,2015-06-18,1201.50,13.53,14.91,13.15,10.32,,0.38,-1.38,3.21,,0,backfill
,2015-06-19,1201.50,13.26,14.62,12.99,9.38,,0.27,-1.36,3.88,,0,backfill
,2015-06-22,1183.70,13.85,17.47,13.64,10.08,,0.21,-3.62,3.77,,0,backfill
,2015-06-23,1176.20,13.89,17.95,13.69,10.41,,0.20,-4.06,3.48,,0,backfill
,2015-06-24,1172.60,13.83,17.51,13.49,9.40,,0.34,-3.68,4.43,,0,backfill
,2015-06-25,1171.50,13.12,17.42,11.77,8.93,,1.35,-4.30,4.19,,0,backfill
,2015-06-26,1172.90,13.22,17.38,11.61,8.25,,1.61,-4.16,4.97,,0,backfill
,2015-06-29,1178.50,14.50,10.13,11.74,7.10,,2.76,4.37,7.40,,0,backfill
,2015-06-30,1171.50,15.34,10.08,11.78,7.65,,3.56,5.26,7.69,,0,backfill
,2015-07-01,1169.00,14.86,6.23,10.81,6.45,,4.05,8.63,8.41,,0,backfill
,2015-07-02,1163.00,14.42,5.89,10.84,6.92,,3.58,8.53,7.50,,0,backfill
,2015-07-06,1172.90,14.25,8.28,11.18,7.47,,3.07,5.97,6.78,,0,backfill
,2015-07-07,1152.40,15.23,13.51,12.18,9.10,,3.05,1.72,6.13,,0,backfill
,2015-07-08,1163.30,15.78,15.21,11.95,10.49,,3.83,0.57,5.29,,0,backfill
,2015-07-09,1159.00,15.47,14.66,11.98,10.19,,3.49,0.81,5.28,,0,backfill
,2015-07-10,1157.70,14.42,14.45,11.95,9.80,,2.47,-0.03,4.62,,0,backfill
,2015-07-13,1155.20,13.43,14.45,11.94,9.90,,1.49,-1.02,3.53,,0,backfill
,2015-07-14,1153.30,13.25,14.25,11.94,9.19,,1.31,-1.00,4.06,,0,backfill
,2015-07-15,1147.20,14.35,12.63,11.87,9.04,,2.48,1.72,5.31,,0,backfill
,2015-07-16,1143.80,14.05,7.67,11.72,7.33,,2.33,6.38,6.72,,0,backfill
,2015-07-17,1131.80,16.32,5.14,11.86,6.72,,4.46,11.18,9.60,,0,backfill
,2015-07-20,1106.70,19.73,12.21,13.30,13.06,,6.43,7.52,6.67,,0,backfill
,2015-07-21,1103.40,19.56,11.91,13.16,13.35,,6.40,7.65,6.21,,0,backfill
,2015-07-22,1091.40,19.59,11.62,13.30,13.46,,6.29,7.97,6.13,,0,backfill
,2015-07-23,1094.00,19.39,12.75,13.04,13.78,,6.35,6.64,5.61,,0,backfill
,2015-07-24,1085.60,19.27,12.66,13.11,15.33,,6.16,6.61,3.94,,0,backfill
,2015-07-27,1096.50,20.06,16.56,13.61,15.55,,6.45,3.50,4.51,,0,backfill
,2015-07-28,1096.30,18.40,16.54,13.42,14.93,,4.98,1.86,3.47,,0,backfill
,2015-07-29,1092.70,17.22,10.87,13.42,9.59,,3.80,6.35,7.63,,0,backfill
,2015-07-30,1088.40,17.07,10.92,13.42,10.61,,3.65,6.15,6.46,,0,backfill
,2015-07-31,1094.90,16.79,9.73,11.70,12.85,,5.09,7.06,3.94,,0,backfill
,2015-08-03,1089.40,17.58,10.12,11.68,13.06,,5.90,7.46,4.52,,0,backfill
,2015-08-04,1090.70,17.24,8.82,11.21,11.70,,6.03,8.42,5.54,,0,backfill
,2015-08-05,1085.70,17.74,6.34,11.17,11.67,,6.57,11.40,6.07,,0,backfill
,2015-08-06,1090.20,17.25,7.17,11.34,12.00,,5.91,10.08,5.25,,0,backfill
,2015-08-07,1094.10,16.59,7.35,11.47,13.12,,5.12,9.24,3.47,,0,backfill
,2015-08-10,1104.20,16.41,8.40,11.90,13.33,,4.51,8.01,3.08,,0,backfill
,2015-08-11,1107.60,16.53,8.01,11.83,13.08,,4.70,8.52,3.45,,0,backfill
,2015-08-12,1123.20,16.80,9.36,12.64,14.51,,4.16,7.44,2.29,,0,backfill
,2015-08-13,1115.70,15.84,11.45,12.73,14.29,,3.11,4.39,1.55,,0,backfill
,2015-08-14,1112.90,15.59,10.90,12.69,14.18,,2.90,4.69,1.41,,0,backfill
,2015-08-17,1118.60,15.40,10.94,12.50,14.14,,2.90,4.46,1.26,,0,backfill
,2015-08-18,1117.10,15.84,11.35,11.54,13.31,,4.30,4.49,2.53,,0,backfill
,2015-08-19,1128.10,15.96,11.50,11.57,13.17,,4.39,4.46,2.79,,0,backfill
,2015-08-20,1153.00,16.87,16.10,13.29,12.66,,3.58,0.77,4.21,,0,backfill
,2015-08-21,1159.60,18.48,15.05,13.40,11.39,,5.08,3.43,7.09,,0,backfill
,2015-08-24,1153.40,21.26,14.64,13.47,12.70,,7.79,6.62,8.56,,0,backfill
,2015-08-25,1138.20,20.20,17.93,14.00,14.24,,6.20,2.27,5.96,,0,backfill
,2015-08-26,1124.60,20.03,20.00,14.34,15.86,,5.69,0.03,4.17,,0,backfill
,2015-08-27,1122.40,18.74,20.03,14.33,15.89,,4.41,-1.29,2.85,,0,backfill
,2015-08-28,1133.10,18.80,19.97,14.30,15.65,,4.50,-1.17,3.15,,0,backfill
,2015-08-31,1131.60,19.34,13.40,12.63,14.56,,6.71,5.94,4.78,,0,backfill
,2015-09-01,1138.70,19.65,13.54,12.68,14.13,,6.97,6.11,5.52,,0,backfill
,2015-09-02,1132.50,18.65,13.55,12.32,12.81,,6.33,5.10,5.84,,0,backfill
,2015-09-03,1123.70,18.57,12.06,12.59,11.60,,5.98,6.51,6.97,,0,backfill
,2015-09-04,1120.60,18.62,9.85,12.37,9.35,,6.25,8.77,9.27,,0,backfill
,2015-09-08,1120.40,18.31,9.80,12.08,9.25,,6.23,8.51,9.06,,0,backfill
,2015-09-09,1102.20,17.80,11.19,13.06,10.47,,4.74,6.61,7.33,,0,backfill
,2015-09-10,1109.50,16.89,12.86,13.15,10.38,,3.74,4.03,6.51,,0,backfill
,2015-09-11,1103.50,17.38,11.20,13.20,10.70,,4.18,6.18,6.68,,0,backfill
,2015-09-14,1107.70,17.63,12.20,13.13,10.36,,4.50,5.43,7.27,,0,backfill
,2015-09-15,1102.80,17.69,11.82,13.11,9.56,,4.58,5.87,8.13,,0,backfill
,2015-09-16,1119.20,18.05,15.78,13.76,9.68,,4.29,2.27,8.37,,0,backfill
,2015-09-17,1117.30,16.63,15.81,13.68,10.28,,2.95,0.82,6.35,,0,backfill
,2015-09-18,1138.10,16.46,14.80,14.57,8.71,,1.89,1.66,7.75,,0,backfill
,2015-09-21,1133.10,16.59,15.62,14.65,8.66,,1.94,0.97,7.93,,0,backfill
,2015-09-22,1125.00,17.35,16.04,14.64,8.46,,2.71,1.31,8.89,,0,backfill
,2015-09-23,1131.60,17.34,16.15,14.70,8.43,,2.64,1.19,8.91,,0,backfill
,2015-09-24,1153.80,19.26,17.77,15.21,11.08,,4.05,1.49,8.18,,0,backfill
,2015-09-25,1146.00,18.33,18.23,15.21,10.77,,3.12,0.10,7.56,,0,backfill
,2015-09-28,1132.00,18.28,20.45,15.66,9.89,,2.62,-2.17,8.39,,0,backfill
,2015-09-29,1127.10,17.67,16.96,15.66,9.49,,2.01,0.71,8.18,,0,backfill
,2015-09-30,1115.50,17.47,17.76,15.95,10.20,,1.52,-0.29,7.27,,0,backfill
,2015-10-01,1114.20,16.90,17.42,15.68,9.57,,1.22,-0.52,7.33,,0,backfill
,2015-10-02,1137.10,16.71,21.61,15.50,14.80,,1.21,-4.90,1.91,,0,backfill
,2015-10-05,1138.10,16.68,17.29,15.40,13.24,,1.28,-0.61,3.44,,0,backfill
,2015-10-06,1146.80,17.54,17.76,15.51,13.79,,2.03,-0.22,3.75,,0,backfill
,2015-10-07,1149.00,17.13,15.50,15.01,14.13,,2.12,1.63,3.00,,0,backfill
,2015-10-08,1144.70,16.91,15.40,14.61,13.98,,2.30,1.51,2.93,,0,backfill
,2015-10-09,1156.30,16.92,13.11,14.84,13.36,,2.08,3.81,3.56,,0,backfill
,2015-10-12,1164.90,16.24,12.37,14.75,13.66,,1.49,3.87,2.58,,0,backfill
,2015-10-13,1165.80,17.14,7.80,14.73,8.36,,2.41,9.34,8.78,,0,backfill
,2015-10-14,1180.10,18.35,9.02,15.02,10.27,,3.33,9.33,8.08,,0,backfill
,2015-10-15,1187.90,17.90,8.93,14.96,9.85,,2.94,8.97,8.05,,0,backfill
,2015-10-16,1183.60,16.59,10.26,14.78,9.66,,1.81,6.33,6.93,,0,backfill
,2015-10-19,1173.30,16.94,12.15,15.04,9.68,,1.90,4.79,7.26,,0,backfill
,2015-10-20,1178.00,16.79,11.29,15.04,10.04,,1.75,5.50,6.75,,0,backfill
,2015-10-21,1167.60,15.90,12.57,14.40,10.10,,1.50,3.33,5.80,,0,backfill
,2015-10-22,1166.60,15.59,12.58,14.36,9.60,,1.23,3.01,5.99,,0,backfill
,2015-10-23,1163.30,15.59,9.32,14.26,8.40,,1.33,6.27,7.19,,0,backfill
,2015-10-26,1167.00,15.78,8.15,14.26,8.00,,1.52,7.63,7.78,,0,backfill
,2015-10-27,1166.80,15.30,8.22,14.15,7.77,,1.15,7.08,7.53,,0,backfill
,2015-10-28,1177.10,15.63,8.92,13.78,7.68,,1.85,6.71,7.95,,0,backfill
,2015-10-29,1147.20,15.77,17.59,15.89,8.79,,-0.12,-1.82,6.98,,0,backfill
,2015-10-30,1141.50,15.39,17.27,15.07,8.47,,0.32,-1.88,6.92,,0,backfill
,2015-11-02,1135.80,15.28,17.21,15.09,8.55,,0.19,-1.93,6.73,,0,backfill
,2015-11-03,1114.20,17.19,19.47,15.97,9.68,,1.22,-2.28,7.51,,0,backfill
,2015-11-04,1106.50,18.02,18.34,15.97,10.72,,2.05,-0.32,7.30,,0,backfill
,2015-11-05,1104.40,17.82,18.08,14.78,10.81,,3.04,-0.26,7.01,,0,backfill
,2015-11-06,1087.60,17.36,14.11,15.24,13.31,,2.12,3.25,4.05,,0,backfill
,2015-11-09,1087.90,17.55,11.28,14.92,12.20,,2.63,6.27,5.35,,0,backfill
,2015-11-10,1088.20,17.36,12.19,14.90,12.09,,2.46,5.17,5.27,,0,backfill
,2015-11-11,1084.70,17.89,12.35,14.66,12.17,,3.23,5.54,5.72,,0,backfill
,2015-11-12,1080.80,18.47,8.64,14.68,10.42,,3.79,9.83,8.05,,0,backfill
,2015-11-13,1080.80,18.29,8.77,13.22,9.31,,5.07,9.52,8.98,,0,backfill
,2015-11-16,1083.70,18.50,9.49,13.26,9.53,,5.24,9.01,8.97,,0,backfill
,2015-11-17,1068.70,20.17,8.72,13.42,6.16,,6.75,11.45,14.01,,0,backfill
,2015-11-18,1068.80,19.40,8.70,13.38,6.71,,6.02,10.70,12.69,,0,backfill
,2015-11-19,1078.00,18.04,10.95,13.75,6.59,,4.29,7.09,11.45,,0,backfill
,2015-11-20,1076.40,17.26,10.88,13.26,6.52,,4.00,6.38,10.74,,0,backfill
,2015-11-23,1066.80,17.70,11.83,13.06,6.42,,4.64,5.87,11.28,,0,backfill
,2015-11-24,1074.30,16.72,12.98,13.34,6.53,,3.38,3.74,10.19,,0,backfill
,2015-11-25,1070.50,16.39,12.80,12.56,5.98,,3.83,3.59,10.41,,0,backfill
,2015-11-27,1056.20,17.16,12.61,12.54,9.17,,4.62,4.55,7.99,,0,backfill
,2015-11-30,1065.80,16.91,14.19,13.09,10.38,,3.82,2.72,6.53,,0,backfill
,2015-12-01,1063.80,16.62,12.72,13.01,10.92,,3.61,3.90,5.70,,0,backfill
,2015-12-02,1054.20,17.36,13.41,12.92,12.66,,4.44,3.95,4.70,,0,backfill
,2015-12-03,1061.70,17.76,13.85,13.19,14.05,,4.57,3.91,3.71,,0,backfill
,2015-12-04,1084.50,15.96,18.89,14.97,17.18,,0.99,-2.93,-1.22,,0,backfill
,2015-12-07,1076.40,16.23,19.46,15.04,18.29,,1.19,-3.23,-2.06,,0,backfill
,2015-12-08,1076.30,16.12,16.83,14.96,16.79,,1.16,-0.71,-0.67,,0,backfill
,2015-12-09,1077.60,17.39,16.24,14.98,16.66,,2.41,1.15,0.73,,0,backfill
,2015-12-10,1073.10,17.07,16.50,14.59,16.30,,2.48,0.57,0.77,,0,backfill
,2015-12-11,1076.90,18.16,14.84,13.02,15.66,,5.14,3.32,2.50,,0,backfill
,2015-12-14,1064.70,19.05,16.75,13.28,15.42,,5.77,2.30,3.63,,0,backfill
,2015-12-15,1062.90,18.09,8.26,13.25,11.74,,4.84,9.83,6.35,,0,backfill
,2015-12-16,1078.00,15.41,12.34,13.06,10.97,,2.35,3.07,4.44,,0,backfill
,2015-12-17,1050.80,16.06,19.81,14.78,12.96,,1.28,-3.75,3.10,,0,backfill
,2015-12-18,1066.20,15.06,22.55,15.52,13.31,,-0.46,-7.49,1.75,,0,backfill
,2015-12-21,1081.90,15.32,24.36,15.57,13.79,,-0.25,-9.04,1.53,,0,backfill
,2015-12-22,1074.80,15.17,24.70,15.68,12.93,,-0.51,-9.53,2.24,,0,backfill
,2015-12-23,1069.40,14.94,23.78,15.73,11.78,,-0.79,-8.84,3.16,,0,backfill
,2015-12-24,1077.20,15.02,24.02,15.87,11.78,,-0.85,-9.00,3.24,,0,backfill
,2015-12-28,1070.50,16.06,22.75,15.94,14.27,,0.12,-6.69,1.79,,0,backfill
,2015-12-29,1077.50,15.22,15.04,16.06,12.16,,-0.84,0.18,3.06,,0,backfill
,2015-12-30,1060.10,15.25,16.86,16.71,11.17,,-1.46,-1.61,4.08,,0,backfill
,2015-12-31,1060.30,14.99,13.12,16.23,10.53,,-1.24,1.87,4.46,,0,backfill
,2016-01-04,1075.10,16.07,16.10,16.74,12.26,,-0.67,-0.03,3.81,,0,backfill
,2016-01-05,1078.40,15.20,15.75,16.58,12.30,,-1.38,-0.55,2.90,,0,backfill
,2016-01-06,1091.90,16.30,16.86,16.95,12.86,,-0.65,-0.56,3.44,,0,backfill
,2016-01-07,1107.70,17.42,17.19,17.17,10.53,,0.25,0.23,6.89,,0,backfill
,2016-01-08,1097.80,17.62,18.99,17.33,12.06,,0.29,-1.37,5.56,,0,backfill
,2016-01-11,1096.50,16.43,14.23,17.29,12.11,,-0.86,2.20,4.32,,0,backfill
,2016-01-12,1085.60,16.61,16.71,17.07,12.97,,-0.46,-0.10,3.64,,0,backfill
,2016-01-13,1087.50,16.99,15.01,16.90,11.96,,0.09,1.98,5.03,,0,backfill
,2016-01-14,1073.90,16.16,17.17,17.32,13.19,,-1.16,-1.01,2.97,,0,backfill
,2016-01-15,1091.50,17.42,18.49,17.68,13.39,,-0.26,-1.07,4.03,,0,backfill
,2016-01-19,1089.90,16.17,15.50,17.61,12.46,,-1.44,0.67,3.71,,0,backfill
,2016-01-20,1107.10,16.56,17.91,17.11,11.44,,-0.55,-1.35,5.12,,0,backfill
,2016-01-21,1099.10,16.77,18.61,17.10,11.25,,-0.33,-1.84,5.52,,0,backfill
,2016-01-22,1097.20,15.91,17.30,17.11,10.37,,-1.20,-1.39,5.54,,0,backfill
,2016-01-25,1106.20,17.13,17.76,17.25,10.06,,-0.12,-0.63,7.07,,0,backfill
,2016-01-26,1121.70,17.26,15.29,17.59,8.48,,-0.33,1.97,8.78,,0,backfill
,2016-01-27,1116.10,16.71,14.74,17.67,7.13,,-0.96,1.97,9.58,,0,backfill
,2016-01-28,1115.60,15.41,14.62,17.28,8.20,,-1.87,0.79,7.21,,0,backfill
,2016-01-29,1116.40,15.73,11.80,17.25,8.16,,-1.52,3.93,7.57,,0,backfill
,2016-02-01,1127.90,16.81,11.20,17.04,8.90,,-0.23,5.61,7.91,,0,backfill
,2016-02-02,1127.30,16.20,10.98,15.01,9.09,,1.19,5.22,7.11,,0,backfill
,2016-02-03,1141.30,17.84,11.91,14.87,10.79,,2.97,5.93,7.05,,0,backfill
,2016-02-04,1157.60,17.39,12.00,14.84,11.74,,2.55,5.39,5.65,,0,backfill
,2016-02-05,1157.80,19.58,10.60,14.62,14.74,,4.96,8.98,4.84,,0,backfill
,2016-02-08,1197.90,20.38,19.39,17.06,17.53,,3.32,0.99,2.85,,0,backfill
,2016-02-09,1198.70,21.72,19.40,17.05,17.65,,4.67,2.32,4.07,,0,backfill
,2016-02-10,1194.70,21.36,21.02,16.92,17.65,,4.44,0.34,3.71,,0,backfill
,2016-02-11,1247.90,28.37,28.59,20.49,23.97,,7.88,-0.22,4.40,,0,backfill
,2016-02-12,1239.10,24.10,31.45,19.83,23.39,,4.27,-7.35,0.71,,0,backfill
,2016-02-16,1207.90,24.84,38.40,21.70,25.71,,3.14,-13.56,-0.87,,0,backfill
,2016-02-17,1211.10,24.53,38.27,21.52,24.60,,3.01,-13.74,-0.07,,0,backfill
,2016-02-18,1226.10,26.37,33.62,21.65,24.74,,4.72,-7.25,1.63,,0,backfill
,2016-02-19,1230.40,24.88,33.57,21.51,24.67,,3.37,-8.69,0.21,,0,backfill
,2016-02-22,1209.50,23.31,35.74,22.12,25.16,,1.19,-12.43,-1.85,,0,backfill
,2016-02-23,1222.30,23.69,22.58,21.93,19.84,,1.76,1.11,3.85,,0,backfill
,2016-02-24,1238.70,24.24,24.28,22.06,20.26,,2.18,-0.04,3.98,,0,backfill
,2016-02-25,1238.20,23.36,16.72,21.70,16.53,,1.66,6.64,6.83,,0,backfill
,2016-02-26,1219.80,21.67,20.11,22.41,17.65,,-0.74,1.56,4.02,,0,backfill
,2016-02-29,1233.90,22.59,19.92,21.96,15.21,,0.63,2.67,7.38,,0,backfill
,2016-03-01,1230.30,21.97,19.94,21.78,15.90,,0.19,2.03,6.07,,0,backfill
,2016-03-02,1241.10,22.00,16.33,21.76,15.14,,0.24,5.67,6.86,,0,backfill
,2016-03-03,1257.40,23.51,16.83,21.65,16.51,,1.86,6.68,7.00,,0,backfill
,2016-03-04,1269.90,22.31,16.15,21.43,17.51,,0.88,6.16,4.80,,0,backfill
,2016-03-07,1263.20,22.08,16.90,21.55,17.78,,0.53,5.18,4.30,,0,backfill
,2016-03-08,1262.10,23.07,12.09,21.58,16.50,,1.49,10.98,6.57,,0,backfill
,2016-03-09,1256.60,22.31,12.18,21.53,15.76,,0.78,10.13,6.55,,0,backfill
,2016-03-10,1272.00,23.14,12.67,21.50,17.90,,1.64,10.47,5.24,,0,backfill
,2016-03-11,1258.70,21.90,15.15,21.89,19.40,,0.01,6.75,2.50,,0,backfill
,2016-03-14,1244.40,21.14,14.77,22.32,18.67,,-1.18,6.37,2.47,,0,backfill
,2016-03-15,1230.40,19.70,13.32,22.64,16.91,,-2.94,6.38,2.79,,0,backfill
,2016-03-16,1229.30,20.03,13.48,22.64,19.36,,-2.61,6.55,0.67,,0,backfill
,2016-03-17,1264.50,18.99,23.67,23.67,19.30,,-4.68,-4.68,-0.31,,0,backfill
,2016-03-18,1253.80,18.15,24.13,23.68,19.15,,-5.53,-5.98,-1.00,,0,backfill
,2016-03-21,1243.80,17.40,22.74,23.88,16.63,,-6.48,-5.34,0.77,,0,backfill
,2016-03-22,1248.20,17.62,22.40,21.92,14.26,,-4.30,-4.78,3.36,,0,backfill
,2016-03-23,1223.70,18.00,24.49,22.76,15.15,,-4.76,-6.49,2.85,,0,backfill
,2016-03-24,1221.40,18.09,23.68,22.74,15.12,,-4.65,-5.59,2.97,,0,backfill
,2016-03-28,1219.90,17.53,23.68,18.77,11.82,,-1.24,-6.15,5.71,,0,backfill
,2016-03-29,1235.60,19.52,16.32,19.07,12.29,,0.45,3.20,7.23,,0,backfill
,2016-03-30,1226.90,18.58,16.15,17.63,13.31,,0.95,2.43,5.27,,0,backfill
,2016-03-31,1234.20,18.45,16.53,17.69,13.53,,0.76,1.92,4.92,,0,backfill
,2016-04-01,1222.20,18.04,16.89,17.58,15.35,,0.46,1.15,2.69,,0,backfill
,2016-04-04,1218.00,17.95,12.26,17.57,12.96,,0.38,5.69,4.99,,0,backfill
,2016-04-05,1228.40,18.16,13.36,17.01,14.23,,1.15,4.80,3.93,,0,backfill
,2016-04-06,1222.50,17.82,13.76,16.80,14.27,,1.02,4.06,3.55,,0,backfill
,2016-04-07,1236.20,19.32,13.16,16.66,14.31,,2.66,6.16,5.01,,0,backfill
,2016-04-08,1242.50,18.74,12.38,16.73,13.22,,2.01,6.36,5.52,,0,backfill
,2016-04-11,1256.70,19.58,13.52,16.40,13.41,,3.18,6.06,6.17,,0,backfill
,2016-04-12,1259.40,19.09,10.50,16.10,11.24,,2.99,8.59,7.85,,0,backfill
,2016-04-13,1246.80,17.96,13.00,16.37,11.91,,1.59,4.96,6.05,,0,backfill
,2016-04-14,1225.00,17.83,17.37,16.98,11.58,,0.85,0.46,6.25,,0,backfill
,2016-04-15,1233.10,17.41,17.50,16.64,11.29,,0.77,-0.09,6.12,,0,backfill
,2016-04-18,1233.60,17.30,16.07,16.34,10.27,,0.96,1.23,7.03,,0,backfill
,2016-04-19,1253.00,17.42,18.59,16.97,12.60,,0.45,-1.17,4.82,,0,backfill
,2016-04-20,1253.20,16.69,17.18,16.97,12.19,,-0.28,-0.49,4.50,,0,backfill
,2016-04-21,1249.00,17.90,17.16,16.95,13.66,,0.95,0.74,4.24,,0,backfill
,2016-04-22,1228.70,17.21,18.87,17.16,14.21,,0.05,-1.66,3.00,,0,backfill
,2016-04-25,1238.90,17.66,16.10,17.13,13.34,,0.53,1.56,4.32,,0,backfill
,2016-04-26,1242.20,17.43,15.76,16.84,13.45,,0.59,1.67,3.98,,0,backfill
,2016-04-27,1249.20,16.43,15.98,16.57,13.20,,-0.14,0.45,3.23,,0,backfill
,2016-04-28,1265.50,17.90,15.07,16.95,13.92,,0.95,2.83,3.98,,0,backfill
,2016-04-29,1289.20,20.23,18.15,15.79,15.58,,4.44,2.08,4.65,,0,backfill
,2016-05-02,1294.70,19.29,17.41,15.58,14.65,,3.71,1.88,4.64,,0,backfill
,2016-05-03,1290.70,18.70,11.24,15.39,14.19,,3.31,7.46,4.51,,0,backfill
,2016-05-04,1273.30,19.47,16.60,15.96,14.73,,3.51,2.87,4.74,,0,backfill
,2016-05-05,1271.40,18.46,16.91,14.75,14.99,,3.71,1.55,3.47,,0,backfill
,2016-05-06,1292.90,18.65,18.77,15.38,15.87,,3.27,-0.12,2.78,,0,backfill
,2016-05-09,1265.60,18.65,23.32,16.78,14.71,,1.87,-4.67,3.94,,0,backfill
,2016-05-10,1263.90,18.04,19.40,16.43,12.62,,1.61,-1.36,5.42,,0,backfill
,2016-05-11,1274.60,18.35,20.19,16.40,12.50,,1.95,-1.84,5.85,,0,backfill
,2016-05-12,1270.30,17.84,20.20,16.39,12.55,,1.45,-2.36,5.29,,0,backfill
,2016-05-13,1271.90,18.29,18.61,16.07,12.02,,2.22,-0.32,6.27,,0,backfill
,2016-05-16,1273.40,18.49,18.60,16.01,12.00,,2.48,-0.11,6.49,,0,backfill
,2016-05-17,1276.20,18.17,14.83,15.87,11.22,,2.30,3.34,6.95,,0,backfill
,2016-05-18,1273.70,18.20,6.15,15.80,10.49,,2.40,12.05,7.71,,0,backfill
,2016-05-19,1254.20,17.85,11.66,16.24,10.45,,1.61,6.19,7.40,,0,backfill
,2016-05-20,1252.40,17.00,9.59,16.19,9.93,,0.81,7.41,7.07,,0,backfill
,2016-05-23,1251.10,16.80,9.61,15.85,8.73,,0.95,7.19,8.07,,0,backfill
,2016-05-24,1228.90,16.66,13.01,16.64,8.85,,0.02,3.65,7.81,,0,backfill
,2016-05-25,1223.50,15.98,12.32,16.45,7.91,,-0.47,3.66,8.07,,0,backfill
,2016-05-26,1220.10,15.29,11.30,15.66,8.17,,-0.37,3.99,7.12,,0,backfill
,2016-05-27,1213.80,15.39,10.92,15.59,7.77,,-0.20,4.47,7.62,,0,backfill
,2016-05-31,1214.80,15.83,9.89,15.59,9.27,,0.24,5.94,6.56,,0,backfill
,2016-06-01,1211.90,15.92,9.78,14.83,10.14,,1.09,6.14,5.78,,0,backfill
,2016-06-02,1209.80,16.05,9.68,14.83,10.31,,1.22,6.37,5.74,,0,backfill
,2016-06-03,1240.10,17.45,16.69,16.60,14.83,,0.85,0.76,2.62,,0,backfill
,2016-06-06,1244.60,17.76,16.23,15.90,14.91,,1.86,1.53,2.85,,0,backfill
,2016-06-07,1244.40,17.29,15.95,15.73,14.65,,1.56,1.34,2.64,,0,backfill
,2016-06-08,1259.80,18.76,15.72,16.11,14.59,,2.65,3.04,4.17,,0,backfill
,2016-06-09,1270.20,20.28,15.45,16.20,14.02,,4.08,4.83,6.26,,0,backfill
,2016-06-10,1273.40,20.52,14.54,15.78,13.82,,4.74,5.98,6.70,,0,backfill
,2016-06-13,1284.40,21.11,13.17,15.02,14.23,,6.09,7.94,6.88,,0,backfill
,2016-06-14,1285.60,20.63,7.32,14.96,9.38,,5.67,13.31,11.25,,0,backfill
,2016-06-15,1285.80,20.68,7.90,14.94,10.36,,5.74,12.78,10.32,,0,backfill
,2016-06-16,1296.10,21.95,7.30,14.56,14.05,,7.39,14.65,7.90,,0,backfill
,2016-06-17,1292.50,22.52,7.29,14.58,14.31,,7.94,15.23,8.21,,0,backfill
,2016-06-20,1290.00,21.01,7.16,13.75,14.14,,7.26,13.85,6.87,,0,backfill
,2016-06-21,1270.50,20.65,12.65,13.03,15.73,,7.62,8.00,4.92,,0,backfill
,2016-06-22,1268.00,22.25,11.00,13.03,15.25,,9.22,11.25,7.00,,0,backfill
,2016-06-23,1261.20,20.10,10.99,12.88,15.51,,7.22,9.11,4.59,,0,backfill
,2016-06-24,1320.00,22.20,31.20,18.48,31.78,,3.72,-9.00,-9.58,,0,backfill
,2016-06-27,1322.50,22.52,31.07,18.48,30.39,,4.04,-8.55,-7.87,,0,backfill
,2016-06-28,1315.30,20.18,31.31,18.58,29.89,,1.60,-11.13,-9.71,,0,backfill
,2016-06-29,1323.90,19.26,31.22,18.65,30.05,,0.61,-11.96,-10.79,,0,backfill
,2016-06-30,1318.40,18.50,29.03,18.69,29.13,,-0.19,-10.53,-10.63,,0,backfill
,2016-07-01,1336.70,18.43,28.92,18.35,29.72,,0.08,-10.49,-11.29,,0,backfill
,2016-07-05,1356.40,20.09,27.63,18.67,29.75,,1.42,-7.54,-9.66,,0,backfill
,2016-07-06,1364.90,21.18,12.57,18.66,10.48,,2.52,8.61,10.70,,0,backfill
,2016-07-07,1360.10,20.55,13.48,17.71,11.07,,2.84,7.07,9.48,,0,backfill
,2016-07-08,1356.60,18.79,12.72,17.65,13.78,,1.14,6.07,5.01,,0,backfill
,2016-07-11,1355.00,18.93,13.02,17.61,14.00,,1.32,5.91,4.93,,0,backfill
,2016-07-12,1334.10,17.94,16.96,18.29,15.42,,-0.35,0.98,2.52,,0,backfill
,2016-07-13,1342.40,17.61,15.21,18.30,14.27,,-0.69,2.40,3.34,,0,backfill
,2016-07-14,1331.30,17.15,12.27,18.54,14.43,,-1.39,4.88,2.72,,0,backfill
,2016-07-15,1326.50,16.91,10.57,18.59,14.12,,-1.68,6.34,2.79,,0,backfill
,2016-07-18,1328.40,16.96,11.09,17.42,13.49,,-0.46,5.87,3.47,,0,backfill
,2016-07-19,1331.50,16.71,11.61,17.42,10.86,,-0.71,5.10,5.85,,0,backfill
,2016-07-20,1318.80,17.21,12.24,17.74,11.35,,-0.53,4.97,5.86,,0,backfill
,2016-07-21,1330.50,17.77,11.16,17.59,10.23,,0.18,6.61,7.54,,0,backfill
,2016-07-22,1323.10,17.61,10.46,17.61,10.49,,-0.00,7.15,7.12,,0,backfill
,2016-07-25,1319.30,17.74,9.57,17.65,9.31,,0.09,8.17,8.43,,0,backfill
,2016-07-26,1320.70,17.45,9.50,17.51,8.97,,-0.06,7.95,8.48,,0,backfill
,2016-07-27,1326.60,16.93,9.94,17.54,8.65,,-0.61,6.99,8.28,,0,backfill
,2016-07-28,1332.30,16.31,10.22,17.56,9.28,,-1.25,6.09,7.03,,0,backfill
,2016-07-29,1349.00,15.80,10.01,17.76,10.25,,-1.96,5.79,5.55,,0,backfill
,2016-08-01,1351.40,16.28,9.22,17.72,9.29,,-1.44,7.06,6.99,,0,backfill
,2016-08-02,1364.40,16.45,8.27,17.84,10.24,,-1.39,8.18,6.21,,0,backfill
,2016-08-03,1356.10,16.18,9.58,17.26,10.57,,-1.08,6.60,5.61,,0,backfill
,2016-08-04,1358.80,16.06,9.48,17.22,11.16,,-1.16,6.58,4.90,,0,backfill
,2016-08-05,1336.40,15.60,15.58,17.95,13.31,,-2.35,0.02,2.29,,0,backfill
,2016-08-08,1333.40,15.49,15.51,12.31,12.91,,3.18,-0.02,2.58,,0,backfill
,2016-08-09,1339.00,14.41,13.39,12.35,10.99,,2.06,1.02,3.42,,0,backfill
,2016-08-10,1344.30,14.89,13.65,12.27,11.10,,2.62,1.24,3.79,,0,backfill
,2016-08-11,1342.50,15.37,11.60,12.15,10.69,,3.22,3.77,4.68,,0,backfill
,2016-08-12,1335.80,15.01,11.46,12.18,11.40,,2.83,3.55,3.61,,0,backfill
,2016-08-15,1340.30,14.67,11.70,11.55,10.88,,3.12,2.97,3.79,,0,backfill
,2016-08-16,1350.50,16.13,7.04,10.94,8.94,,5.19,9.09,7.19,,0,backfill
,2016-08-17,1342.70,15.83,8.08,10.89,9.01,,4.94,7.75,6.82,,0,backfill
,2016-08-18,1351.20,14.97,8.52,11.03,8.67,,3.94,6.45,6.30,,0,backfill
,2016-08-19,1340.40,15.35,9.88,11.24,8.81,,4.11,5.47,6.54,,0,backfill
,2016-08-22,1337.70,15.82,9.91,11.25,7.85,,4.57,5.91,7.97,,0,backfill
,2016-08-23,1340.60,15.62,9.47,10.31,6.33,,5.31,6.15,9.29,,0,backfill
,2016-08-24,1324.40,16.89,11.80,10.74,7.18,,6.15,5.09,9.71,,0,backfill
,2016-08-25,1320.10,16.73,9.85,10.52,6.42,,6.21,6.88,10.31,,0,backfill
,2016-08-26,1321.50,16.17,9.96,10.48,8.14,,5.69,6.21,8.03,,0,backfill
,2016-08-29,1322.90,15.95,8.44,10.47,8.27,,5.48,7.51,7.68,,0,backfill
,2016-08-30,1311.70,15.99,8.57,10.72,8.59,,5.27,7.42,7.40,,0,backfill
,2016-08-31,1306.90,16.01,8.54,10.41,8.75,,5.60,7.47,7.26,,0,backfill
,2016-09-01,1312.20,16.25,9.10,10.14,9.12,,6.11,7.15,7.13,,0,backfill
,2016-09-02,1322.10,14.58,8.47,10.27,9.55,,4.31,6.11,5.03,,0,backfill
,2016-09-06,1349.40,15.60,14.63,11.82,11.72,,3.78,0.97,3.88,,0,backfill
,2016-09-07,1344.30,15.00,15.20,11.89,10.49,,3.11,-0.20,4.51,,0,backfill
,2016-09-08,1336.80,14.97,15.96,11.96,10.58,,3.01,-0.99,4.39,,0,backfill
,2016-09-09,1330.10,15.49,15.16,11.99,10.25,,3.50,0.33,5.24,,0,backfill
,2016-09-12,1321.00,15.20,15.77,11.54,10.37,,3.66,-0.57,4.83,,0,backfill
,2016-09-13,1319.00,15.78,15.75,11.52,10.21,,4.26,0.03,5.57,,0,backfill
,2016-09-14,1321.50,15.32,15.08,11.13,9.06,,4.19,0.24,6.26,,0,backfill
,2016-09-15,1313.50,15.07,4.89,11.13,6.28,,3.94,10.18,8.79,,0,backfill
,2016-09-16,1305.80,14.78,5.04,11.17,6.31,,3.61,9.74,8.47,,0,backfill
,2016-09-19,1313.50,15.68,7.67,10.37,,,5.31,8.01,,,0,backfill
,2016-09-20,1313.70,15.69,7.59,10.36,,,5.33,8.10,,,0,backfill
,2016-09-21,1326.90,14.69,9.37,10.72,,,3.97,5.32,,,0,backfill
,2016-09-22,1340.40,13.73,10.75,11.07,,,2.66,2.98,,,0,backfill
,2016-09-23,1337.20,13.93,11.12,11.09,,,2.84,2.81,,,0,backfill
,2016-09-26,1339.70,14.98,9.72,11.00,,,3.98,5.26,,,0,backfill
,2016-09-27,1325.90,14.53,11.59,11.36,,,3.17,2.94,,,0,backfill
,2016-09-28,1319.40,13.98,11.95,11.18,,,2.80,2.03,,,0,backfill
,2016-09-29,1321.70,13.86,11.96,11.10,,,2.76,1.90,,,0,backfill
,2016-09-30,1313.30,13.88,10.68,11.03,,,2.85,3.20,,,0,backfill
,2016-10-03,1309.00,14.16,6.94,10.85,,,3.31,7.22,,,0,backfill
,2016-10-04,1266.30,15.80,19.06,14.35,,,1.45,-3.26,,,0,backfill
,2016-10-05,1265.20,15.21,18.54,14.30,,,0.91,-3.33,,,0,backfill
,2016-10-06,1249.80,16.05,18.67,14.31,,,1.74,-2.62,,,0,backfill
,2016-10-07,1248.90,15.72,19.17,14.30,15.20,,1.42,-3.45,0.52,,0,backfill
,2016-10-11,1253.00,15.63,19.51,14.36,15.04,,1.27,-3.88,0.59,,0,backfill
,2016-10-12,1251.10,15.61,19.85,14.33,14.51,,1.28,-4.24,1.10,,0,backfill
,2016-10-13,1255.00,15.63,20.70,14.26,14.36,,1.37,-5.07,1.27,,0,backfill
,2016-10-14,1253.10,15.14,8.21,14.25,7.50,,0.89,6.93,7.64,,0,backfill
,2016-10-17,1254.40,15.23,8.35,14.17,6.74,,1.06,6.88,8.49,,0,backfill
,2016-10-18,1260.80,14.73,4.18,14.05,5.08,,0.68,10.55,9.65,,0,backfill
,2016-10-19,1267.90,14.59,4.63,12.62,3.74,,1.97,9.96,10.85,,0,backfill
,2016-10-20,1265.60,14.68,5.09,12.61,3.62,,2.07,9.59,11.06,,0,backfill
,2016-10-21,1265.90,14.55,4.77,12.58,,,1.97,9.78,,,0,backfill
,2016-10-24,1262.00,14.95,5.39,12.55,,,2.40,9.56,,,0,backfill
,2016-10-25,1271.90,14.55,6.51,12.75,,,1.80,8.04,,,0,backfill
,2016-10-26,1264.80,14.48,8.02,12.81,,,1.67,6.46,,,0,backfill
,2016-10-27,1267.90,15.00,7.62,12.82,,,2.18,7.38,,,0,backfill
,2016-10-28,1275.50,16.62,7.72,12.91,,,3.71,8.90,,,0,backfill
,2016-10-31,1271.50,18.13,7.95,12.85,,,5.28,10.18,,,0,backfill
,2016-11-01,1286.40,19.02,10.30,13.22,7.93,,5.80,8.72,11.09,,0,backfill
,2016-11-02,1306.80,19.32,12.18,14.05,9.24,,5.27,7.14,10.08,,0,backfill
,2016-11-03,1302.10,19.98,12.97,13.74,9.83,,6.24,7.01,10.15,,0,backfill
,2016-11-04,1303.30,20.22,11.60,13.37,9.65,,6.85,8.62,10.57,,0,backfill
,2016-11-07,1278.30,18.53,18.43,14.40,10.66,,4.13,0.10,7.87,,0,backfill
,2016-11-08,1273.40,17.93,18.29,14.38,10.19,,3.55,-0.36,7.74,,0,backfill
,2016-11-09,1272.60,16.68,18.18,14.14,16.88,,2.54,-1.50,-0.20,,0,backfill
,2016-11-10,1265.50,18.52,16.45,14.16,19.19,,4.36,2.07,-0.67,,0,backfill
,2016-11-14,1221.20,20.50,20.99,17.25,19.32,,3.25,-0.49,1.18,,0,backfill
,2016-11-15,1224.00,16.42,21.99,17.27,18.84,,-0.85,-5.57,-2.42,,0,backfill
,2016-11-16,1223.40,15.77,21.74,17.27,18.84,,-1.50,-5.97,-3.07,,0,backfill
,2016-11-17,1216.50,17.50,20.52,14.63,18.75,,2.87,-3.02,-1.25,,0,backfill
,2016-11-18,1208.50,17.03,20.41,14.71,18.24,,2.32,-3.38,-1.21,,0,backfill
,2016-11-21,1209.60,15.86,20.64,14.37,,,1.49,-4.78,,,0,backfill
,2016-11-22,1211.00,15.43,21.26,14.38,,,1.05,-5.83,,,0,backfill
,2016-11-23,1189.10,18.53,11.50,15.15,,,3.38,7.03,,,0,backfill
,2016-11-25,1178.20,18.47,11.00,15.31,,,3.16,7.47,,,0,backfill
,2016-11-28,1190.60,17.39,14.49,15.67,,,1.72,2.90,,,0,backfill
,2016-11-29,1187.90,17.28,14.45,15.67,,,1.61,2.83,,,0,backfill
,2016-11-30,1170.80,19.18,15.89,16.07,,,3.11,3.29,,,0,backfill
,2016-12-01,1166.90,19.39,15.48,15.91,13.55,,3.48,3.91,5.84,,0,backfill
,2016-12-02,1175.10,18.44,16.82,15.98,13.92,,2.46,1.62,4.52,,0,backfill
,2016-12-05,1174.00,17.56,13.71,15.99,14.55,,1.57,3.85,3.01,,0,backfill
,2016-12-06,1167.60,17.06,13.03,15.99,14.24,,1.07,4.03,2.82,,0,backfill
,2016-12-07,1175.00,16.87,11.62,16.20,14.69,,0.67,5.25,2.18,,0,backfill
,2016-12-08,1169.80,16.48,11.72,15.91,14.19,,0.57,4.76,2.29,,0,backfill
,2016-12-09,1159.40,18.66,9.54,15.99,12.52,,2.67,9.12,6.14,,0,backfill
,2016-12-12,1163.50,16.97,9.84,16.03,12.17,,0.94,7.13,4.80,,0,backfill
,2016-12-13,1156.70,16.17,8.73,15.83,12.00,,0.34,7.44,4.17,,0,backfill
,2016-12-14,1161.30,18.21,9.50,15.97,10.38,,2.24,8.71,7.83,,0,backfill
,2016-12-15,1127.80,17.89,19.30,17.07,11.86,,0.82,-1.41,6.03,,0,backfill
,2016-12-16,1135.30,17.55,19.38,16.32,12.11,,1.23,-1.83,5.44,,0,backfill
,2016-12-19,1140.50,16.05,20.21,16.54,11.84,,-0.49,-4.16,4.21,,0,backfill
,2016-12-20,1131.50,16.69,20.10,16.49,11.38,,0.20,-3.41,5.31,,0,backfill
,2016-12-21,1131.10,15.82,19.66,15.93,11.03,,-0.11,-3.84,4.79,,0,backfill
,2016-12-22,1128.80,15.28,19.65,15.94,10.80,,-0.66,-4.37,4.48,,0,backfill
,2016-12-23,1131.90,16.36,19.47,16.03,8.37,,0.33,-3.11,7.99,,0,backfill
,2016-12-27,1137.30,16.68,7.99,16.22,6.19,,0.46,8.69,10.49,,0,backfill
,2016-12-28,1139.40,16.04,7.09,13.12,4.42,,2.92,8.95,11.62,,0,backfill
,2016-12-29,1156.40,15.68,11.08,13.98,6.43,,1.70,4.60,9.25,,0,backfill
,2016-12-30,1150.00,16.23,10.26,14.01,7.10,,2.22,5.97,9.13,,0,backfill
,2017-01-03,1160.40,16.26,10.76,14.32,8.16,,1.94,5.50,8.10,,0,backfill
,2017-01-04,1163.80,15.16,10.04,14.30,8.47,,0.86,5.12,6.69,,0,backfill
,2017-01-05,1179.70,14.98,11.33,14.92,9.18,,0.06,3.65,5.80,,0,backfill
,2017-01-06,1171.90,14.55,13.64,15.00,8.94,,-0.45,0.91,5.61,,0,backfill
,2017-01-09,1183.50,14.38,13.88,14.41,9.46,,-0.03,0.50,4.92,,0,backfill
,2017-01-10,1184.20,14.32,12.39,14.15,8.41,,0.17,1.93,5.91,,0,backfill
,2017-01-11,1195.60,14.96,11.05,14.10,9.78,,0.86,3.91,5.18,,0,backfill
,2017-01-12,1198.90,14.60,10.87,14.10,9.41,,0.50,3.73,5.19,,0,backfill
,2017-01-13,1195.30,14.63,11.81,13.43,9.36,,1.20,2.82,5.27,,0,backfill
,2017-01-17,1212.00,15.67,11.92,13.90,9.57,,1.77,3.75,6.10,,0,backfill
,2017-01-18,1211.30,15.25,10.09,13.80,10.07,,1.45,5.16,5.18,,0,backfill
,2017-01-19,1200.90,15.11,12.05,14.07,9.85,,1.04,3.06,5.26,,0,backfill
,2017-01-20,1204.30,14.38,12.01,13.96,10.04,,0.42,2.37,4.34,,0,backfill
,2017-01-23,1215.00,15.15,11.83,14.06,8.01,,1.09,3.32,7.14,,0,backfill
,2017-01-24,1210.30,14.65,12.38,14.04,7.90,,0.61,2.27,6.75,,0,backfill
,2017-01-25,1197.30,14.47,14.27,14.17,7.86,,0.30,0.20,6.61,,0,backfill
,2017-01-26,1189.50,14.74,10.94,14.31,7.94,,0.43,3.80,6.80,,0,backfill
,2017-01-27,1188.10,14.34,10.90,14.19,7.14,,0.15,3.44,7.20,,0,backfill
,2017-01-30,1193.20,15.19,10.74,14.20,7.54,,0.99,4.45,7.65,,0,backfill
,2017-01-31,1208.60,15.27,13.52,11.38,9.45,,3.89,1.75,5.82,,0,backfill
,2017-02-01,1205.60,14.80,12.23,11.39,10.23,,3.41,2.57,4.57,,0,backfill
,2017-02-02,1216.70,15.04,13.43,11.56,10.68,,3.48,1.61,4.36,,0,backfill
,2017-02-03,1218.50,15.04,10.75,11.16,11.25,,3.88,4.29,3.79,,0,backfill
,2017-02-06,1230.00,15.74,9.27,11.30,11.54,,4.44,6.47,4.20,,0,backfill
,2017-02-07,1234.20,15.26,8.40,11.21,11.75,,4.05,6.86,3.51,,0,backfill
,2017-02-08,1237.60,15.20,8.54,11.21,11.85,,3.99,6.66,3.35,,0,backfill
,2017-02-09,1235.10,14.88,7.58,11.29,11.12,,3.59,7.30,3.76,,0,backfill
,2017-02-10,1234.40,14.88,7.05,11.33,10.97,,3.55,7.83,3.91,,0,backfill
,2017-02-13,1224.40,14.61,8.56,11.14,10.61,,3.47,6.05,4.00,,0,backfill
,2017-02-14,1223.90,14.21,8.58,10.94,10.27,,3.27,5.63,3.94,,0,backfill
,2017-02-15,1231.70,13.71,7.39,10.82,9.94,,2.89,6.32,3.77,,0,backfill
,2017-02-16,1240.00,13.75,8.21,10.90,9.92,,2.85,5.54,3.83,,0,backfill
,2017-02-17,1237.60,13.27,8.20,10.40,9.37,,2.87,5.07,3.90,,0,backfill
,2017-02-21,1237.50,13.72,8.08,10.12,8.48,,3.60,5.64,5.24,,0,backfill
,2017-02-22,1232.00,13.26,8.57,9.98,7.85,,3.28,4.69,5.41,,0,backfill
,2017-02-23,1250.20,13.68,10.49,10.70,8.11,,2.98,3.19,5.57,,0,backfill
,2017-02-24,1256.90,13.54,10.28,10.50,7.81,,3.04,3.26,5.73,,0,backfill
,2017-02-27,1257.40,14.44,10.28,10.50,7.50,,3.94,4.16,6.94,,0,backfill
,2017-02-28,1252.60,14.30,10.60,10.53,7.75,,3.77,3.70,6.55,,0,backfill
,2017-03-01,1248.90,14.41,10.75,9.94,8.28,,4.47,3.66,6.13,,0,backfill
,2017-03-02,1231.90,13.89,14.08,10.81,9.23,,3.08,-0.19,4.66,,0,backfill
,2017-03-03,1225.50,13.66,14.17,10.60,9.71,,3.06,-0.51,3.95,,0,backfill
,2017-03-06,1224.50,13.24,9.30,10.59,9.34,,2.65,3.94,3.90,,0,backfill
,2017-03-07,1215.10,13.22,7.53,10.55,9.63,,2.67,5.69,3.59,,0,backfill
,2017-03-08,1208.50,13.58,6.59,10.61,9.06,,2.97,6.99,4.52,,0,backfill
,2017-03-09,1202.40,13.62,6.48,10.23,8.64,,3.39,7.14,4.98,,0,backfill
,2017-03-10,1200.70,13.03,6.83,10.04,8.19,,2.99,6.20,4.84,,0,backfill
,2017-03-13,1202.40,11.27,5.12,10.04,6.95,,1.23,6.15,4.32,,0,backfill
,2017-03-14,1201.90,11.57,5.24,9.97,6.54,,1.60,6.33,5.03,,0,backfill
,2017-03-15,1200.10,11.23,5.15,9.24,9.05,,1.99,6.08,2.18,,0,backfill
,2017-03-16,1226.50,11.12,14.82,11.19,8.79,,-0.07,-3.70,2.33,,0,backfill
,2017-03-17,1229.80,10.80,14.04,10.91,8.71,,-0.11,-3.24,2.09,,0,backfill
,2017-03-20,1233.60,11.35,13.01,10.94,8.78,,0.41,-1.66,2.57,,0,backfill
,2017-03-21,1246.10,12.13,12.95,10.99,10.27,,1.14,-0.82,1.86,,0,backfill
,2017-03-22,1249.30,12.28,12.83,10.97,10.02,,1.31,-0.55,2.26,,0,backfill
,2017-03-23,1246.90,12.58,13.14,10.97,9.68,,1.61,-0.56,2.90,,0,backfill
,2017-03-24,1248.20,12.06,12.68,10.95,6.68,,1.11,-0.62,5.38,,0,backfill
,2017-03-27,1255.40,12.51,5.99,11.05,6.21,,1.46,6.52,6.30,,0,backfill
,2017-03-28,1255.30,12.35,6.33,10.75,6.12,,1.60,6.02,6.23,,0,backfill
,2017-03-29,1253.40,11.65,6.86,10.76,5.94,,0.89,4.79,5.71,,0,backfill
,2017-03-30,1245.00,12.09,6.21,10.84,3.92,,1.25,5.88,8.17,,0,backfill
,2017-03-31,1247.30,12.41,6.09,10.68,4.87,,1.73,6.32,7.54,,0,backfill
,2017-04-03,1250.80,12.61,6.20,10.69,5.43,,1.92,6.41,7.18,,0,backfill
,2017-04-04,1255.00,12.41,6.44,10.72,5.82,,1.69,5.97,6.59,,0,backfill
,2017-04-05,1245.40,13.23,7.09,10.89,6.74,,2.34,6.14,6.49,,0,backfill
,2017-04-06,1250.30,12.85,7.73,10.08,7.17,,2.77,5.12,5.68,,0,backfill
,2017-04-07,1254.30,13.45,8.00,10.00,9.09,,3.45,5.45,4.36,,0,backfill
,2017-04-10,1251.10,13.75,6.80,10.03,8.69,,3.72,6.95,5.06,,0,backfill
,2017-04-11,1271.20,15.20,11.46,10.99,9.81,,4.21,3.74,5.39,,0,backfill
,2017-04-12,1275.30,16.08,11.47,10.97,10.17,,5.11,4.61,5.91,,0,backfill
,2017-04-13,1285.90,16.20,11.94,10.29,10.08,,5.91,4.26,6.12,,0,backfill
,2017-04-17,1289.40,16.20,9.17,10.10,9.87,,6.10,7.03,6.33,,0,backfill
,2017-04-18,1291.70,15.67,9.36,10.07,10.24,,5.60,6.31,5.43,,0,backfill
,2017-04-19,1281.40,14.50,12.10,10.09,9.43,,4.41,2.40,5.07,,0,backfill
,2017-04-20,1281.90,14.54,11.65,9.87,9.25,,4.67,2.89,5.29,,0,backfill
,2017-04-21,1287.40,15.31,7.91,9.66,7.85,,5.65,7.40,7.46,,0,backfill
,2017-04-24,1275.80,12.29,10.11,10.16,7.64,,2.13,2.18,4.65,,0,backfill
,2017-04-25,1265.60,12.45,9.24,10.57,8.58,,1.88,3.21,3.87,,0,backfill
,2017-04-26,1262.10,12.02,8.56,10.63,8.14,,1.39,3.46,3.88,,0,backfill
,2017-04-27,1263.70,11.53,8.44,10.59,7.40,,0.94,3.09,4.13,,0,backfill
,2017-04-28,1266.10,11.60,8.12,8.72,6.30,,2.88,3.48,5.30,,0,backfill
,2017-05-01,1253.30,12.35,9.35,9.29,7.62,,3.06,3.00,4.73,,0,backfill
,2017-05-02,1255.10,12.38,8.51,9.27,7.40,,3.11,3.87,4.98,,0,backfill
,2017-05-03,1246.40,12.54,8.03,9.06,8.29,,3.48,4.51,4.25,,0,backfill
,2017-05-04,1226.50,12.41,10.94,10.15,8.48,,2.26,1.47,3.93,,0,backfill
,2017-05-05,1224.80,12.01,11.06,10.15,8.81,,1.86,0.95,3.20,,0,backfill
,2017-05-08,1225.30,11.95,10.89,10.14,9.17,,1.81,1.06,2.78,,0,backfill
,2017-05-09,1214.30,12.10,10.18,10.24,9.83,,1.86,1.92,2.27,,0,backfill
,2017-05-10,1217.30,11.20,10.80,10.28,8.74,,0.92,0.40,2.46,,0,backfill
,2017-05-11,1222.70,11.24,11.57,10.40,8.72,,0.84,-0.33,2.52,,0,backfill
,2017-05-12,1226.20,11.13,11.92,10.30,7.25,,0.83,-0.79,3.88,,0,backfill
,2017-05-15,1228.60,11.28,7.12,10.30,5.84,,0.98,4.16,5.44,,0,backfill
,2017-05-16,1235.00,11.19,7.57,10.39,5.60,,0.80,3.62,5.59,,0,backfill
,2017-05-17,1257.50,13.03,12.56,11.65,7.16,,1.38,0.47,5.87,,0,backfill
,2017-05-18,1251.70,12.95,10.86,11.51,7.41,,1.44,2.09,5.54,,0,backfill
,2017-05-19,1252.70,12.04,11.02,11.46,,,0.58,1.02,,,0,backfill
,2017-05-22,1260.70,12.32,11.11,11.57,,,0.75,1.21,,,0,backfill
,2017-05-23,1254.80,11.89,12.39,11.63,,,0.26,-0.50,,,0,backfill
,2017-05-24,1252.40,11.75,12.78,10.62,,,1.13,-1.03,,,0,backfill
,2017-05-25,1255.80,11.20,12.66,10.61,,,0.59,-1.46,,,0,backfill
,2017-05-26,1267.60,11.59,8.55,10.69,,,0.90,3.04,,,0,backfill
,2017-05-30,1262.10,11.62,8.47,10.70,,,0.92,3.15,,,0,backfill
,2017-05-31,1272.00,11.82,9.34,10.97,,,0.85,2.48,,,0,backfill
,2017-06-01,1267.00,11.81,9.45,10.79,,,1.02,2.36,,,0,backfill
,2017-06-02,1276.80,12.09,9.40,11.04,,,1.05,2.69,,,0,backfill
,2017-06-05,1279.30,12.44,8.91,10.98,,,1.46,3.53,,,0,backfill
,2017-06-06,1294.40,13.23,10.31,11.17,,,2.06,2.92,,,0,backfill
,2017-06-07,1290.10,13.16,10.51,10.94,9.70,,2.22,2.65,3.46,,0,backfill
,2017-06-08,1276.30,12.62,12.74,11.39,10.65,,1.23,-0.12,1.97,,0,backfill
,2017-06-09,1268.50,12.50,12.63,11.54,10.49,,0.96,-0.13,2.01,,0,backfill
,2017-06-12,1266.10,12.41,12.44,11.55,10.36,,0.86,-0.03,2.05,,0,backfill
,2017-06-13,1265.80,12.16,11.20,11.14,8.90,,1.02,0.96,3.26,,0,backfill
,2017-06-14,1272.80,11.50,11.81,11.24,10.66,,0.26,-0.31,0.84,,0,backfill
,2017-06-15,1252.20,11.03,11.37,12.07,10.49,,-1.04,-0.34,0.54,,0,backfill
,2017-06-16,1254.00,10.16,11.96,11.04,10.26,,-0.88,-1.80,-0.10,,0,backfill
,2017-06-19,1244.20,10.69,11.39,11.31,9.16,,-0.62,-0.70,1.53,,0,backfill
,2017-06-20,1241.00,11.14,11.26,11.34,8.47,,-0.20,-0.12,2.67,,0,backfill
,2017-06-21,1243.40,11.25,11.66,10.99,8.41,,0.26,-0.41,2.84,,0,backfill
,2017-06-22,1247.60,11.24,12.16,11.01,8.37,,0.23,-0.92,2.87,,0,backfill
,2017-06-23,1256.20,10.86,12.54,11.10,8.94,,-0.24,-1.68,1.92,,0,backfill
,2017-06-26,1246.30,11.05,8.98,11.37,9.63,,-0.32,2.07,1.42,,0,backfill
,2017-06-27,1246.40,11.96,8.88,11.36,9.71,,0.60,3.08,2.25,,0,backfill
,2017-06-28,1248.00,11.38,7.44,11.28,9.24,,0.10,3.94,2.14,,0,backfill
,2017-06-29,1244.20,11.21,7.53,9.98,9.83,,1.23,3.68,1.38,,0,backfill
,2017-06-30,1240.70,11.00,7.65,9.93,9.81,,1.07,3.35,1.19,,0,backfill
,2017-07-03,1217.90,11.93,12.79,11.24,11.01,,0.69,-0.86,0.92,,0,backfill
,2017-07-05,1220.40,11.88,11.42,11.06,8.97,,0.82,0.46,2.91,,0,backfill
,2017-07-06,1222.20,11.72,11.50,11.03,7.24,,0.69,0.22,4.48,,0,backfill
,2017-07-07,1208.60,12.54,12.28,11.43,7.86,,1.11,0.26,4.68,,0,backfill
,2017-07-10,1212.10,12.22,12.62,11.43,7.89,,0.79,-0.40,4.33,,0,backfill
,2017-07-11,1213.60,12.30,13.04,11.02,7.24,,1.28,-0.74,5.06,,0,backfill
,2017-07-12,1218.10,11.56,13.76,11.08,7.13,,0.48,-2.20,4.43,,0,backfill
,2017-07-13,1216.30,11.29,8.12,10.75,4.98,,0.54,3.17,6.31,,0,backfill
,2017-07-14,1226.60,11.11,9.63,11.10,5.78,,0.01,1.48,5.33,,0,backfill
,2017-07-17,1232.80,11.08,9.97,10.94,5.81,,0.14,1.11,5.27,,0,backfill
,2017-07-18,1241.10,11.14,5.29,11.14,4.86,,-0.00,5.85,6.28,,0,backfill
,2017-07-19,1241.20,11.08,5.74,10.48,4.81,,0.60,5.34,6.27,,0,backfill
,2017-07-20,1244.80,10.85,5.57,10.53,5.04,,0.32,5.28,5.81,,0,backfill
,2017-07-21,1254.30,11.22,6.06,10.43,5.14,,0.79,5.16,6.08,,0,backfill
,2017-07-24,1253.90,11.80,5.63,10.29,4.95,,1.51,6.17,6.85,,0,backfill
,2017-07-25,1251.70,12.07,5.84,10.29,3.48,,1.78,6.23,8.59,,0,backfill
,2017-07-26,1249.00,11.63,6.31,10.30,3.54,,1.33,5.32,8.09,,0,backfill
,2017-07-27,1259.60,11.24,6.93,10.48,,,0.76,4.31,,,0,backfill
,2017-07-28,1268.40,11.44,7.30,9.53,,,1.91,4.14,,,0,backfill
,2017-07-31,1266.60,11.61,7.79,9.54,,,2.07,3.82,,,0,backfill
,2017-08-01,1272.60,11.28,7.16,9.30,,,1.98,4.12,,,0,backfill
,2017-08-02,1271.80,11.24,7.21,9.25,,,1.99,4.03,,,0,backfill
,2017-08-03,1267.80,11.31,7.55,9.32,,,1.99,3.76,,,0,backfill
,2017-08-04,1258.30,10.87,9.24,9.57,,,1.30,1.63,,,0,backfill
,2017-08-07,1258.20,10.73,7.66,9.37,8.28,,1.36,3.07,2.45,,0,backfill
,2017-08-08,1256.40,11.10,5.81,9.07,8.24,,2.03,5.29,2.86,,0,backfill
,2017-08-09,1273.00,12.31,10.45,9.81,9.53,,2.50,1.86,2.78,,0,backfill
,2017-08-10,1283.70,13.43,11.23,10.05,9.64,,3.38,2.20,3.79,,0,backfill
,2017-08-11,1287.70,13.45,11.20,10.00,9.62,,3.45,2.25,3.83,,0,backfill
,2017-08-14,1284.20,12.11,11.12,10.00,9.25,,2.11,0.99,2.86,,0,backfill
,2017-08-15,1273.70,12.20,11.37,8.57,8.90,,3.63,0.83,3.30,,0,backfill
,2017-08-16,1276.90,12.58,11.30,8.58,9.59,,4.00,1.28,2.99,,0,backfill
,2017-08-17,1286.40,13.34,11.38,8.75,9.00,,4.59,1.96,4.34,,0,backfill
,2017-08-18,1285.70,12.12,9.21,7.88,8.77,,4.24,2.91,3.35,,0,backfill
,2017-08-21,1290.80,13.01,8.13,7.90,8.21,,5.11,4.88,4.80,,0,backfill
,2017-08-22,1285.10,12.49,8.48,8.12,7.94,,4.37,4.01,4.55,,0,backfill
,2017-08-23,1288.90,12.68,8.47,8.11,7.50,,4.57,4.21,5.18,,0,backfill
,2017-08-24,1286.50,12.76,6.31,8.12,6.65,,4.64,6.45,6.11,,0,backfill
,2017-08-25,1292.50,12.63,6.59,7.93,6.51,,4.70,6.04,6.12,,0,backfill
,2017-08-28,1309.70,14.20,9.12,8.56,8.03,,5.64,5.08,6.17,,0,backfill
,2017-08-29,1313.10,13.50,8.86,8.44,7.22,,5.06,4.64,6.28,,0,backfill
,2017-08-30,1308.10,12.78,9.70,8.59,7.32,,4.19,3.08,5.46,,0,backfill
,2017-08-31,1316.20,13.26,8.85,8.68,9.14,,4.58,4.41,4.12,,0,backfill
,2017-09-01,1324.50,12.73,9.00,8.61,9.57,,4.12,3.73,3.16,,0,backfill
,2017-09-05,1339.20,14.30,8.86,8.99,9.91,,5.31,5.44,4.39,,0,backfill
,2017-09-06,1333.90,14.17,10.63,9.09,9.51,,5.08,3.54,4.66,,0,backfill
,2017-09-07,1345.10,14.49,9.27,9.17,8.81,,5.32,5.22,5.68,,0,backfill
,2017-09-08,1346.00,13.77,9.45,9.01,8.74,,4.76,4.32,5.03,,0,backfill
,2017-09-11,1331.00,13.28,12.43,9.69,8.55,,3.59,0.85,4.73,,0,backfill
,2017-09-12,1328.00,11.56,12.41,9.72,6.45,,1.84,-0.85,5.11,,0,backfill
,2017-09-13,1323.40,11.98,12.13,9.78,,,2.20,-0.15,,,0,backfill
,2017-09-14,1324.70,12.19,9.45,9.76,,,2.43,2.74,,,0,backfill
,2017-09-15,1320.40,12.06,9.39,9.76,,,2.30,2.67,,,0,backfill
,2017-09-18,1306.30,12.69,7.87,10.06,,,2.63,4.82,,,0,backfill
,2017-09-19,1306.20,12.27,7.69,10.06,,,2.21,4.58,,,0,backfill
,2017-09-20,1312.00,12.32,7.50,10.06,,,2.26,4.82,,,0,backfill
,2017-09-21,1290.60,12.19,11.45,10.71,,,1.48,0.74,,,0,backfill
,2017-09-22,1293.30,12.37,12.05,10.46,6.27,,1.91,0.32,6.10,,0,backfill
,2017-09-25,1306.80,13.77,14.52,10.84,7.60,,2.93,-0.75,6.17,,0,backfill
,2017-09-26,1297.00,13.32,14.90,11.05,7.95,,2.27,-1.58,5.37,,0,backfill
,2017-09-27,1283.40,12.99,14.85,11.22,,,1.77,-1.86,,,0,backfill
,2017-09-28,1285.50,11.75,15.01,11.21,,,0.54,-3.26,,,0,backfill
,2017-09-29,1281.50,11.77,14.25,11.04,,,0.73,-2.48,,,0,backfill
,2017-10-02,1272.70,11.72,11.45,11.21,,,0.51,0.27,,,0,backfill
,2017-10-03,1271.50,11.38,11.13,11.14,,,0.24,0.25,,,0,backfill
,2017-10-04,1273.70,11.41,7.60,11.09,,,0.32,3.81,,,0,backfill
,2017-10-05,1269.90,11.40,7.10,11.08,,,0.32,4.30,,,0,backfill
,2017-10-06,1271.60,11.53,5.11,11.08,6.87,,0.45,6.42,4.66,,0,backfill
,2017-10-09,1281.80,11.96,7.51,11.25,6.29,,0.71,4.45,5.67,,0,backfill
,2017-10-10,1290.60,12.22,8.34,10.73,6.69,,1.49,3.88,5.53,,0,backfill
,2017-10-11,1285.80,12.13,7.22,10.73,6.79,,1.40,4.91,5.34,,0,backfill
,2017-10-12,1293.30,11.82,7.41,10.85,6.81,,0.97,4.41,5.01,,0,backfill
,2017-10-13,1301.50,11.76,7.73,10.85,6.69,,0.91,4.03,5.07,,0,backfill
,2017-10-16,1299.90,12.13,7.21,10.67,6.88,,1.46,4.92,5.25,,0,backfill
,2017-10-17,1283.00,11.64,12.29,10.67,6.94,,0.97,-0.65,4.70,,0,backfill
,2017-10-18,1279.90,11.88,11.46,10.65,,,1.23,0.42,,,0,backfill
,2017-10-19,1286.90,11.94,11.13,10.45,,,1.49,0.81,,,0,backfill
,2017-10-20,1277.40,11.49,11.79,10.56,,,0.93,-0.30,,,0,backfill
,2017-10-23,1277.70,11.69,10.89,10.19,,,1.50,0.80,,,0,backfill
,2017-10-24,1275.00,11.73,9.33,10.19,,,1.54,2.40,,,0,backfill
,2017-10-25,1275.40,12.02,9.50,10.18,,,1.84,2.52,,,0,backfill
,2017-10-26,1266.30,11.62,7.15,10.30,,,1.32,4.47,,,0,backfill
,2017-10-27,1268.50,11.48,7.45,10.32,4.08,,1.16,4.03,7.40,,0,backfill
,2017-10-30,1274.10,11.74,7.07,10.06,4.41,,1.68,4.67,7.33,,0,backfill
,2017-10-31,1267.00,11.81,6.48,10.15,4.99,,1.66,5.33,6.82,,0,backfill
,2017-11-01,1274.10,11.80,7.66,10.21,4.43,,1.59,4.14,7.37,,0,backfill
,2017-11-02,1274.90,10.95,7.58,9.10,,,1.85,3.37,,,0,backfill
,2017-11-03,1266.50,10.65,8.53,9.24,,,1.41,2.12,,,0,backfill
,2017-11-06,1279.40,10.94,9.54,9.21,,,1.73,1.40,,,0,backfill
,2017-11-07,1273.70,10.98,10.17,9.06,,,1.92,0.81,,,0,backfill
,2017-11-08,1281.60,11.32,10.50,8.75,,,2.57,0.82,,,0,backfill
,2017-11-09,1285.60,11.73,9.52,8.79,,,2.94,2.21,,,0,backfill
,2017-11-10,1272.40,11.68,11.61,9.25,,,2.43,0.07,,,0,backfill
,2017-11-13,1277.30,11.53,11.86,9.10,6.04,,2.43,-0.33,5.49,,0,backfill
,2017-11-14,1281.50,11.61,10.90,9.14,6.14,,2.47,0.71,5.47,,0,backfill
,2017-11-15,1276.50,11.75,9.49,9.20,5.76,,2.55,2.26,5.99,,0,backfill
,2017-11-16,1277.40,11.02,9.04,9.16,5.47,,1.86,1.98,5.55,,0,backfill
,2017-11-17,1295.80,10.62,12.03,10.03,5.11,,0.59,-1.41,5.51,,0,backfill
,2017-11-20,1274.60,11.18,16.06,10.94,4.70,,0.24,-4.88,6.48,,0,backfill
,2017-11-21,1281.10,10.84,15.02,10.85,,,-0.01,-4.18,,,0,backfill
,2017-11-22,1291.60,10.75,15.58,11.06,,,-0.31,-4.83,,,0,backfill
,2017-11-24,1286.70,10.58,15.84,10.99,,,-0.41,-5.26,,,0,backfill
,2017-11-27,1293.80,10.72,15.72,10.95,,,-0.23,-5.00,,,0,backfill
,2017-11-28,1294.70,10.64,15.72,10.95,,,-0.31,-5.08,,,0,backfill
,2017-11-29,1282.10,11.02,14.34,10.64,,,0.38,-3.32,,,0,backfill
,2017-11-30,1273.20,11.79,10.88,10.81,,,0.98,0.91,,,0,backfill
,2017-12-01,1278.80,11.39,10.74,10.77,,,0.62,0.65,,,0,backfill
,2017-12-04,1274.30,11.38,9.05,10.60,,,0.78,2.33,,,0,backfill
,2017-12-05,1261.60,12.28,10.28,10.98,,,1.30,2.00,,,0,backfill
,2017-12-06,1262.80,11.67,9.02,10.98,,,0.69,2.65,,,0,backfill
,2017-12-07,1249.80,12.99,9.31,11.35,10.68,,1.64,3.68,2.31,,0,backfill
,2017-12-08,1245.20,11.70,8.70,11.23,10.07,,0.47,3.00,1.63,,0,backfill
,2017-12-11,1243.70,11.46,8.61,11.21,9.55,,0.25,2.85,1.91,,0,backfill
,2017-12-12,1238.50,12.14,6.70,11.14,8.48,,1.00,5.44,3.66,,0,backfill
,2017-12-13,1245.40,10.87,9.09,11.21,9.34,,-0.34,1.78,1.53,,0,backfill
,2017-12-14,1253.80,10.40,9.42,11.27,8.46,,-0.87,0.98,1.94,,0,backfill
,2017-12-15,1254.30,9.43,9.38,11.27,8.53,,-1.84,0.05,0.90,,0,backfill
,2017-12-18,1262.20,9.93,7.51,11.28,6.94,,-1.35,2.42,2.99,,0,backfill
,2017-12-19,1260.70,10.32,6.93,10.86,6.70,,-0.54,3.39,3.62,,0,backfill
,2017-12-20,1266.10,9.79,6.71,10.88,6.32,,-1.09,3.08,3.47,,0,backfill
,2017-12-21,1267.30,9.64,5.05,10.71,5.95,,-1.07,4.59,3.69,,0,backfill
,2017-12-22,1275.40,10.01,5.22,10.85,5.04,,-0.84,4.79,4.97,,0,backfill
,2017-12-26,1284.10,11.17,5.25,10.60,4.62,,0.57,5.92,6.55,,0,backfill
,2017-12-27,1287.00,10.73,4.90,10.56,4.22,,0.17,5.83,6.51,,0,backfill
,2017-12-28,1294.10,10.43,4.75,10.64,4.10,,-0.21,5.68,6.33,,0,backfill
,2017-12-29,1306.30,10.96,4.54,10.87,5.15,,0.09,6.42,5.81,,0,backfill
,2018-01-02,1313.70,11.96,4.51,10.96,6.48,,1.00,7.45,5.48,,0,backfill
,2018-01-03,1316.20,11.56,4.15,10.21,6.78,,1.35,7.41,4.78,,0,backfill
,2018-01-04,1319.40,11.80,4.43,8.86,6.20,,2.94,7.37,5.60,,0,backfill
,2018-01-05,1320.30,11.26,4.80,8.78,,,2.48,6.46,,,0,backfill
,2018-01-08,1318.60,11.19,5.72,8.53,,,2.66,5.47,,,0,backfill
,2018-01-09,1311.70,10.79,7.48,8.61,,,2.18,3.31,,,0,backfill
,2018-01-10,1317.40,10.79,5.78,8.56,,,2.23,5.01,,,0,backfill
,2018-01-11,1320.60,10.96,5.02,8.57,,,2.39,5.94,,,0,backfill
,2018-01-12,1333.40,11.62,7.37,8.36,,,3.26,4.25,,,0,backfill
,2018-01-16,1335.40,12.09,7.36,7.99,,,4.10,4.73,,,0,backfill
,2018-01-17,1338.00,11.77,7.32,7.94,4.95,,3.83,4.45,6.82,,0,backfill
,2018-01-18,1326.00,12.26,9.79,8.39,4.80,,3.87,2.47,7.46,,0,backfill
,2018-01-19,1331.90,11.43,8.96,7.71,4.83,,3.72,2.47,6.60,,0,backfill
,2018-01-22,1330.90,11.66,8.97,7.75,4.64,,3.91,2.69,7.02,,0,backfill
,2018-01-23,1335.70,11.72,9.05,6.86,4.49,,4.86,2.67,7.23,,0,backfill
,2018-01-24,1355.90,13.38,11.33,7.56,3.52,,5.82,2.05,9.86,,0,backfill
,2018-01-25,1362.40,13.04,11.39,7.48,5.33,,5.56,1.65,7.71,,0,backfill
,2018-01-26,1351.60,12.98,13.14,7.87,4.40,,5.11,-0.16,8.58,,0,backfill
,2018-01-30,1335.40,13.86,14.24,8.94,5.92,,4.92,-0.38,7.94,,0,backfill
,2018-01-31,1339.00,12.97,14.10,8.84,7.13,,4.13,-1.13,5.84,,0,backfill
,2018-02-01,1344.30,12.32,14.17,8.84,8.01,,3.48,-1.85,4.31,,0,backfill
,2018-02-02,1333.70,13.11,15.09,9.23,10.35,,3.88,-1.98,2.76,,0,backfill
,2018-02-05,1333.00,14.35,10.77,9.22,10.78,,5.13,3.58,3.57,,0,backfill
,2018-02-06,1326.10,13.80,9.55,9.41,11.90,,4.39,4.25,1.90,,0,backfill
,2018-02-07,1311.60,13.62,10.25,10.09,13.16,,3.53,3.37,0.46,,0,backfill
,2018-02-08,1316.90,14.85,9.66,10.00,13.11,,4.85,5.19,1.74,,0,backfill
,2018-02-09,1313.10,14.93,9.08,9.91,12.77,,5.02,5.85,2.16,,0,backfill
,2018-02-12,1324.20,14.37,10.72,10.15,12.39,,4.22,3.65,1.98,,0,backfill
,2018-02-13,1328.10,14.07,10.24,10.08,10.64,,3.99,3.83,3.43,,0,backfill
,2018-02-14,1355.50,14.97,16.25,11.32,13.26,,3.65,-1.28,1.71,,0,backfill
,2018-02-15,1352.10,15.03,15.80,11.29,11.65,,3.74,-0.77,3.38,,0,backfill
,2018-02-16,1353.20,13.96,12.78,11.29,11.11,,2.67,1.18,2.85,,0,backfill
,2018-02-20,1328.80,14.08,18.69,12.56,11.94,,1.52,-4.61,2.14,,0,backfill
,2018-02-21,1330.00,13.83,18.47,12.56,11.77,,1.27,-4.64,2.06,,0,backfill
,2018-02-22,1330.60,13.47,17.88,12.55,11.87,,0.92,-4.41,1.60,,0,backfill
,2018-02-23,1328.20,11.97,17.86,12.46,11.81,,-0.49,-5.89,0.16,,0,backfill
,2018-02-26,1330.70,11.89,11.17,12.41,8.65,,-0.52,0.72,3.24,,0,backfill
,2018-02-27,1315.50,11.76,12.36,12.86,10.07,,-1.10,-0.60,1.69,,0,backfill
,2018-02-28,1315.50,11.74,12.24,12.52,9.19,,-0.78,-0.50,2.55,,0,backfill
,2018-03-01,1302.90,12.07,8.62,12.78,8.40,,-0.71,3.45,3.67,,0,backfill
,2018-03-02,1321.10,11.97,13.24,13.46,8.53,,-1.49,-1.27,3.44,,0,backfill
,2018-03-05,1318.10,11.89,13.22,13.22,8.41,,-1.33,-1.33,3.48,,0,backfill
,2018-03-06,1333.60,12.33,15.34,13.60,8.96,,-1.27,-3.01,3.37,,0,backfill
,2018-03-07,1326.00,12.37,15.74,13.71,9.16,,-1.34,-3.37,3.21,,0,backfill
,2018-03-08,1319.90,11.57,14.19,13.72,7.66,,-2.15,-2.62,3.91,,0,backfill
,2018-03-09,1322.40,10.94,14.21,12.94,7.94,,-2.00,-3.27,3.00,,0,backfill
,2018-03-12,1319.40,11.01,12.54,12.84,,,-1.83,-1.53,,,0,backfill
,2018-03-13,1325.90,10.70,9.76,12.78,,,-2.08,0.94,,,0,backfill
,2018-03-14,1324.40,10.41,9.65,12.32,,,-1.91,0.76,,,0,backfill
,2018-03-15,1316.80,10.40,6.42,12.38,,,-1.98,3.98,,,0,backfill
,2018-03-16,1311.30,9.88,6.09,12.35,,,-2.47,3.79,,,0,backfill
,2018-03-19,1316.80,10.99,6.53,12.24,,,-1.25,4.46,,,0,backfill
,2018-03-20,1311.10,11.01,6.71,12.30,,,-1.29,4.30,,,0,backfill
,2018-03-21,1320.70,10.91,8.34,12.42,,,-1.51,2.57,,,0,backfill
,2018-03-22,1326.60,11.24,8.23,12.05,,,-0.81,3.01,,,0,backfill
,2018-03-23,1349.30,13.46,12.94,12.94,,,0.52,0.52,,,0,backfill
,2018-03-26,1354.40,12.95,11.52,12.92,,,0.03,1.43,,,0,backfill
,2018-03-27,1341.30,12.22,13.48,13.08,,,-0.86,-1.26,,,0,backfill
,2018-03-28,1324.20,11.74,16.51,13.61,,,-1.87,-4.77,,,0,backfill
,2018-03-29,1322.80,11.06,16.19,12.14,,,-1.08,-5.13,,,0,backfill
,2018-04-02,1342.10,12.86,17.81,12.91,,,-0.05,-4.95,,,0,backfill
,2018-04-03,1332.80,11.80,18.53,13.05,9.65,,-1.25,-6.73,2.15,,0,backfill
,2018-04-04,1335.80,12.00,14.82,11.94,10.40,,0.06,-2.82,1.60,,0,backfill
,2018-04-05,1324.30,11.55,14.86,12.20,10.54,,-0.65,-3.31,1.01,,0,backfill
,2018-04-06,1331.90,11.95,14.91,12.32,11.21,,-0.37,-2.96,0.74,,0,backfill
,2018-04-09,1336.30,12.39,12.48,12.34,9.57,,0.05,-0.09,2.82,,0,backfill
,2018-04-10,1342.00,12.78,12.47,12.39,9.77,,0.39,0.31,3.01,,0,backfill
,2018-04-11,1356.50,14.36,11.02,12.23,10.63,,2.13,3.34,3.73,,0,backfill
,2018-04-12,1338.40,12.88,13.52,12.93,11.01,,-0.05,-0.64,1.87,,0,backfill
,2018-04-13,1344.80,13.36,13.73,12.61,10.53,,0.75,-0.37,2.83,,0,backfill
,2018-04-16,1347.50,13.43,11.97,12.02,10.30,,1.41,1.46,3.13,,0,backfill
,2018-04-17,1347.20,13.07,11.83,11.99,9.88,,1.08,1.24,3.19,,0,backfill
,2018-04-18,1351.20,13.46,11.81,11.55,9.89,,1.91,1.65,3.57,,0,backfill
,2018-04-19,1346.80,12.88,11.96,11.46,10.25,,1.42,0.92,2.63,,0,backfill
,2018-04-20,1336.70,12.14,10.30,11.60,8.02,,0.54,1.84,4.12,,0,backfill
,2018-04-23,1322.50,12.13,9.09,12.03,7.36,,0.10,3.04,4.77,,0,backfill
,2018-04-24,1331.40,12.24,9.72,12.16,7.01,,0.08,2.52,5.23,,0,backfill
,2018-04-25,1321.20,11.97,10.02,12.30,6.83,,-0.33,1.95,5.14,,0,backfill
,2018-04-26,1316.30,11.49,9.85,12.34,6.38,,-0.85,1.64,5.11,,0,backfill
,2018-04-27,1320.30,10.99,9.87,12.26,6.20,,-1.27,1.12,4.79,,0,backfill
,2018-04-30,1316.20,11.15,9.87,12.23,5.34,,-1.08,1.28,5.81,,0,backfill
,2018-05-01,1303.80,11.88,10.28,12.47,5.65,,-0.59,1.60,6.23,,0,backfill
,2018-05-02,1302.60,11.64,9.04,12.42,4.99,,-0.78,2.60,6.65,,0,backfill
,2018-05-03,1310.70,11.46,8.83,12.36,,,-0.90,2.63,,,0,backfill
,2018-05-04,1312.70,10.99,8.14,12.29,,,-1.30,2.85,,,0,backfill
,2018-05-07,1312.20,11.32,7.91,11.14,,,0.18,3.41,,,0,backfill
,2018-05-08,1312.00,11.50,7.54,11.06,,,0.44,3.96,,,0,backfill
,2018-05-09,1311.30,11.39,7.38,10.75,,,0.64,4.01,,,0,backfill
,2018-05-10,1320.80,11.42,5.43,10.36,,,1.06,5.99,,,0,backfill
,2018-05-11,1319.00,11.04,5.53,10.36,,,0.68,5.51,,,0,backfill
,2018-05-14,1316.50,11.15,4.92,9.40,,,1.75,6.23,,,0,backfill
,2018-05-15,1288.90,11.91,13.89,11.00,,,0.91,-1.98,,,0,backfill
,2018-05-16,1290.20,11.77,14.00,10.97,,,0.80,-2.23,,,0,backfill
,2018-05-17,1288.20,11.64,13.93,10.74,,,0.90,-2.29,,,0,backfill
,2018-05-18,1290.20,11.11,14.12,10.58,,,0.53,-3.01,,,0,backfill
,2018-05-21,1290.20,11.62,12.66,10.51,,,1.11,-1.04,,,0,backfill
,2018-05-22,1291.70,10.90,12.92,10.41,,,0.49,-2.02,,,0,backfill
,2018-05-23,1289.30,11.18,12.92,9.76,,,1.42,-1.74,,,0,backfill
,2018-05-24,1303.70,10.99,6.96,9.79,,,1.20,4.03,,,0,backfill
,2018-05-25,1303.30,10.31,7.05,9.64,,,0.67,3.26,,,0,backfill
,2018-05-29,1298.70,12.33,7.50,9.63,,,2.70,4.83,,,0,backfill
,2018-05-30,1301.50,10.87,7.52,9.67,,,1.20,3.35,,,0,backfill
,2018-05-31,1300.10,10.92,7.62,9.59,,,1.33,3.30,,,0,backfill
,2018-06-01,1294.80,10.58,8.23,9.61,,,0.97,2.35,,,0,backfill
,2018-06-04,1293.10,10.54,8.17,9.43,,,1.11,2.37,,,0,backfill
,2018-06-05,1297.50,10.46,4.35,9.06,,,1.40,6.11,,,0,backfill
,2018-06-06,1297.10,10.31,4.35,8.79,,,1.52,5.96,,,0,backfill
,2018-06-07,1298.70,10.55,3.96,8.57,6.34,,1.98,6.59,4.21,,0,backfill
,2018-06-08,1298.10,10.69,3.66,8.52,6.02,,2.17,7.03,4.67,,0,backfill
,2018-06-11,1298.90,10.54,3.67,8.46,5.64,,2.08,6.87,4.90,,0,backfill
,2018-06-12,1295.10,10.52,3.18,8.45,5.04,,2.07,7.34,5.48,,0,backfill
,2018-06-13,1296.90,10.60,3.11,8.03,5.20,,2.57,7.49,5.40,,0,backfill
,2018-06-14,1304.00,9.83,4.05,8.19,5.28,,1.64,5.78,4.55,,0,backfill
,2018-06-15,1274.60,10.65,14.76,10.33,10.65,,0.32,-4.11,0.00,,0,backfill
,2018-06-18,1276.20,9.82,14.76,10.33,10.56,,-0.51,-4.94,-0.74,,0,backfill
,2018-06-19,1275.60,10.99,14.76,10.32,11.01,,0.67,-3.77,-0.02,,0,backfill
,2018-06-20,1271.20,11.08,14.60,10.35,10.89,,0.73,-3.52,0.19,,0,backfill
,2018-06-21,1267.20,11.22,14.60,10.36,11.08,,0.86,-3.38,0.14,,0,backfill
,2018-06-22,1267.40,10.67,14.46,10.07,10.86,,0.60,-3.79,-0.19,,0,backfill
,2018-06-25,1265.60,10.83,13.25,10.07,10.58,,0.76,-2.42,0.25,,0,backfill
,2018-06-26,1256.60,10.97,4.48,10.20,5.72,,0.77,6.49,5.25,,0,backfill
,2018-06-27,1252.80,11.01,3.85,8.36,5.65,,2.65,7.16,5.36,,0,backfill
,2018-06-28,1247.80,11.03,3.59,8.38,4.96,,2.65,7.44,6.07,,0,backfill
,2018-06-29,1251.30,10.75,5.03,8.46,5.02,,2.29,5.72,5.73,,0,backfill
,2018-07-02,1239.80,11.75,6.58,8.75,5.23,,3.00,5.17,6.52,,0,backfill
,2018-07-03,1251.60,11.41,10.01,9.29,7.14,,2.12,1.40,4.27,,0,backfill
,2018-07-05,1257.30,11.32,10.72,9.41,7.04,,1.91,0.60,4.28,,0,backfill
,2018-07-06,1254.30,10.65,9.91,9.41,6.37,,1.24,0.74,4.28,,0,backfill
,2018-07-09,1258.10,10.55,9.87,8.79,6.44,,1.76,0.68,4.11,,0,backfill
,2018-07-10,1253.80,10.69,9.76,8.81,6.50,,1.88,0.93,4.19,,0,backfill
,2018-07-11,1242.80,11.25,11.10,9.05,7.06,,2.20,0.15,4.19,,0,backfill
,2018-07-12,1245.00,10.82,9.51,9.04,6.64,,1.78,1.31,4.18,,0,backfill
,2018-07-13,1239.60,10.99,7.49,9.08,4.92,,1.91,3.50,6.07,,0,backfill
,2018-07-16,1238.10,11.46,6.28,9.05,5.08,,2.41,5.18,6.38,,0,backfill
,2018-07-17,1225.70,11.79,7.87,9.38,,,2.41,3.92,,,0,backfill
,2018-07-18,1226.30,12.15,7.12,9.28,,,2.87,5.03,,,0,backfill
,2018-07-19,1222.40,12.66,7.13,9.27,,,3.39,5.53,,,0,backfill
,2018-07-20,1229.50,12.10,8.00,9.50,,,2.60,4.10,,,0,backfill
,2018-07-23,1224.00,12.22,7.79,9.52,,,2.70,4.43,,,0,backfill
,2018-07-24,1223.90,11.74,7.77,9.51,,,2.23,3.97,,,0,backfill
,2018-07-25,1231.40,11.65,9.13,9.79,,,1.86,2.52,,,0,backfill
,2018-07-26,1225.30,11.43,7.27,9.79,,,1.64,4.16,,,0,backfill
,2018-07-27,1222.60,11.05,7.37,9.54,,,1.51,3.68,,,0,backfill
,2018-07-30,1221.30,11.18,7.14,7.25,,,3.93,4.04,,,0,backfill
,2018-07-31,1223.70,11.21,6.11,7.28,,,3.93,5.10,,,0,backfill
,2018-08-01,1217.90,10.91,6.18,7.34,,,3.57,4.73,,,0,backfill
,2018-08-02,1210.60,11.08,6.90,7.43,,,3.65,4.18,,,0,backfill
,2018-08-03,1214.20,10.77,5.57,7.53,,,3.24,5.20,,,0,backfill
,2018-08-06,1208.60,11.02,5.49,7.57,,,3.45,5.53,,,0,backfill
,2018-08-07,1209.60,11.11,5.73,7.61,8.50,,3.50,5.38,2.61,,0,backfill
,2018-08-08,1212.60,11.43,6.23,7.50,8.78,,3.93,5.20,2.65,,0,backfill
,2018-08-09,1211.90,10.99,5.89,7.48,7.64,,3.51,5.10,3.35,,0,backfill
,2018-08-10,1211.10,11.78,5.40,7.43,7.82,,4.35,6.38,3.96,,0,backfill
,2018-08-13,1191.30,11.73,10.70,8.59,8.27,,3.14,1.03,3.46,,0,backfill
,2018-08-14,1193.00,11.88,10.42,8.32,7.37,,3.56,1.46,4.51,,0,backfill
,2018-08-15,1177.50,13.16,12.22,8.35,8.12,,4.81,0.94,5.04,,0,backfill
,2018-08-16,1176.20,13.39,11.97,8.12,9.75,,5.27,1.42,3.64,,0,backfill
,2018-08-17,1176.50,12.89,11.53,8.15,9.56,,4.74,1.36,3.33,,0,backfill
,2018-08-20,1186.80,12.40,13.90,8.62,9.64,,3.78,-1.50,2.76,,0,backfill
,2018-08-21,1192.60,11.86,14.66,8.83,9.13,,3.03,-2.80,2.73,,0,backfill
,2018-08-22,1196.30,11.81,10.87,8.67,7.76,,3.14,0.94,4.05,,0,backfill
,2018-08-23,1187.00,11.60,11.93,8.82,7.80,,2.78,-0.33,3.80,,0,backfill
,2018-08-24,1206.30,11.71,12.09,10.16,9.52,,1.55,-0.38,2.19,,0,backfill
,2018-08-27,1209.00,11.77,11.73,10.20,7.79,,1.57,0.04,3.98,,0,backfill
,2018-08-28,1207.40,11.46,11.97,9.81,8.71,,1.65,-0.51,2.75,,0,backfill
,2018-08-29,1204.50,11.25,11.87,9.82,8.58,,1.43,-0.62,2.67,,0,backfill
,2018-08-30,1197.70,11.41,12.51,9.91,9.01,,1.50,-1.10,2.40,,0,backfill
,2018-08-31,1200.30,10.96,12.44,9.75,9.40,,1.21,-1.48,1.56,,0,backfill
,2018-09-04,1192.70,11.42,12.06,9.83,9.33,,1.59,-0.64,2.09,,0,backfill
,2018-09-05,1194.90,11.24,5.80,9.86,6.44,,1.38,5.44,4.80,,0,backfill
,2018-09-06,1197.90,11.54,5.87,9.69,6.29,,1.85,5.67,5.25,,0,backfill
,2018-09-07,1193.60,11.30,6.03,9.65,4.79,,1.65,5.27,6.51,,0,backfill
,2018-09-10,1193.00,11.33,6.04,9.64,,,1.69,5.29,,,0,backfill
,2018-09-11,1195.40,11.26,5.48,9.68,,,1.58,5.78,,,0,backfill
,2018-09-12,1204.70,11.18,7.26,9.96,,,1.22,3.92,,,0,backfill
,2018-09-13,1202.00,11.15,5.92,9.89,,,1.26,5.23,,,0,backfill
,2018-09-14,1195.00,10.84,7.18,9.88,,,0.96,3.66,,,0,backfill
,2018-09-17,1199.70,10.85,7.43,9.92,,,0.93,3.42,,,0,backfill
,2018-09-18,1196.80,10.78,7.21,9.86,,,0.92,3.57,,,0,backfill
,2018-09-19,1202.20,10.81,7.57,9.95,,,0.86,3.24,,,0,backfill
,2018-09-20,1206.20,10.72,7.67,9.97,,,0.75,3.05,,,0,backfill
,2018-09-21,1196.20,10.76,8.04,10.25,,,0.51,2.72,,,0,backfill
,2018-09-24,1199.30,10.97,8.25,10.29,,,0.68,2.72,,,0,backfill
,2018-09-25,1200.00,10.83,7.29,9.07,,,1.76,3.54,,,0,backfill
,2018-09-26,1194.00,10.76,7.54,9.19,,,1.57,3.22,,,0,backfill
,2018-09-27,1182.30,10.86,9.36,8.83,,,2.03,1.50,,,0,backfill
,2018-09-28,1191.50,10.74,10.41,9.09,,,1.65,0.33,,,0,backfill
,2018-10-01,1187.10,11.03,9.95,9.17,,,1.86,1.08,,,0,backfill
,2018-10-02,1202.40,11.24,12.35,9.57,,,1.67,-1.11,,,0,backfill
,2018-10-03,1198.30,11.21,12.50,9.53,,,1.68,-1.29,,,0,backfill
,2018-10-04,1197.20,11.59,12.49,9.50,,,2.09,-0.90,,,0,backfill
,2018-10-05,1201.20,11.64,12.18,9.25,8.88,,2.39,-0.54,2.76,,0,backfill
,2018-10-08,1184.40,12.48,13.89,8.92,8.96,,3.56,-1.41,3.52,,0,backfill
,2018-10-09,1187.20,12.03,13.02,8.92,8.27,,3.11,-0.99,3.76,,0,backfill
,2018-10-10,1189.30,12.51,12.87,8.95,8.12,,3.56,-0.36,4.39,,0,backfill
,2018-10-11,1223.50,13.57,20.40,12.22,10.71,,1.35,-6.83,2.86,,0,backfill
,2018-10-12,1218.10,12.76,20.53,12.17,10.68,,0.59,-7.77,2.08,,0,backfill
,2018-10-15,1226.40,13.13,20.54,12.30,10.85,,0.83,-7.41,2.28,,0,backfill
,2018-10-16,1227.30,12.20,20.61,12.11,10.60,,0.09,-8.41,1.60,,0,backfill
,2018-10-17,1223.70,12.14,17.57,12.16,9.24,,-0.02,-5.43,2.90,,0,backfill
,2018-10-18,1226.50,12.23,17.58,12.16,,,0.07,-5.35,,,0,backfill
,2018-10-19,1225.30,11.76,17.84,12.10,,,-0.34,-6.08,,,0,backfill
,2018-10-22,1221.20,11.68,6.21,12.16,,,-0.48,5.47,,,0,backfill
,2018-10-23,1233.40,12.31,7.92,12.44,,,-0.13,4.39,,,0,backfill
,2018-10-24,1227.80,13.11,7.83,12.37,,,0.74,5.28,,,0,backfill
,2018-10-25,1229.10,12.30,7.84,12.34,,,-0.04,4.46,,,0,backfill
,2018-10-26,1232.50,12.92,7.62,12.20,,,0.72,5.30,,,0,backfill
,2018-10-29,1224.50,12.98,8.75,12.36,,,0.62,4.23,,,0,backfill
,2018-10-30,1222.60,12.30,8.78,12.34,,,-0.04,3.52,,,0,backfill
,2018-10-31,1212.30,12.08,9.98,12.56,,,-0.48,2.10,,,0,backfill
,2018-11-01,1236.00,12.60,14.78,13.71,,,-1.11,-2.18,,,0,backfill
,2018-11-02,1230.90,12.50,14.72,13.52,,,-1.02,-2.22,,,0,backfill
,2018-11-05,1229.80,12.39,14.73,13.52,,,-1.13,-2.34,,,0,backfill
,2018-11-06,1223.80,12.47,14.86,13.62,,,-1.15,-2.39,,,0,backfill
,2018-11-07,1226.20,11.23,14.41,13.52,7.45,,-2.29,-3.18,3.78,,0,backfill
,2018-11-08,1222.90,11.41,14.48,13.18,,,-1.77,-3.07,,,0,backfill
,2018-11-09,1206.40,11.44,15.99,13.69,,,-2.25,-4.55,,,0,backfill
,2018-11-12,1201.30,12.13,7.66,13.70,,,-1.57,4.47,,,0,backfill
,2018-11-13,1199.20,12.19,7.78,13.20,,,-1.01,4.41,,,0,backfill
,2018-11-14,1207.90,12.88,10.18,13.32,,,-0.44,2.70,,,0,backfill
,2018-11-15,1212.80,12.12,10.72,13.36,,,-1.24,1.40,,,0,backfill
,2018-11-16,1220.80,12.05,11.63,13.46,,,-1.41,0.42,,,0,backfill
,2018-11-19,1223.10,12.57,11.61,12.73,,,-0.16,0.96,,,0,backfill
,2018-11-20,1219.00,12.63,7.45,12.78,,,-0.15,5.18,,,0,backfill
,2018-11-21,1225.80,12.12,6.56,12.85,,,-0.73,5.56,,,0,backfill
,2018-11-23,1221.00,12.10,7.29,9.97,,,2.13,4.81,,,0,backfill
,2018-11-26,1220.20,11.83,6.69,9.88,,,1.95,5.14,,,0,backfill
,2018-11-27,1211.20,12.01,8.18,9.90,,,2.11,3.83,,,0,backfill
,2018-11-28,1221.40,11.43,8.85,10.22,,,1.21,2.58,,,0,backfill
,2018-11-29,1224.10,11.39,8.88,10.21,,,1.18,2.51,,,0,backfill
,2018-11-30,1220.20,11.26,8.86,10.22,,,1.04,2.40,,,0,backfill
,2018-12-03,1233.90,10.93,10.74,10.73,6.87,,0.20,0.19,4.06,,0,backfill
,2018-12-04,1241.10,11.63,10.47,10.80,7.50,,0.83,1.16,4.13,,0,backfill
,2018-12-06,1238.10,11.61,10.73,10.45,7.98,,1.16,0.88,3.63,,0,backfill
,2018-12-07,1246.80,12.22,8.67,10.54,8.12,,1.68,3.55,4.10,,0,backfill
,2018-12-10,1243.70,12.04,8.88,10.57,7.91,,1.47,3.16,4.13,,0,backfill
,2018-12-11,1241.90,11.46,9.21,10.56,7.82,,0.90,2.25,3.64,,0,backfill
,2018-12-12,1244.40,11.29,8.47,10.37,7.38,,0.92,2.82,3.91,,0,backfill
,2018-12-13,1242.70,10.69,6.34,10.37,6.39,,0.32,4.35,4.30,,0,backfill
,2018-12-14,1237.00,10.77,6.10,10.14,5.95,,0.63,4.67,4.82,,0,backfill
,2018-12-17,1247.40,11.75,7.84,8.79,5.76,,2.96,3.91,5.99,,0,backfill
,2018-12-18,1249.20,12.18,6.70,8.69,4.67,,3.49,5.48,7.51,,0,backfill
,2018-12-19,1252.10,11.40,6.49,8.69,4.20,,2.71,4.91,7.20,,0,backfill
,2018-12-20,1263.60,12.45,7.81,8.87,6.91,,3.58,4.64,5.54,,0,backfill
,2018-12-21,1253.80,11.97,9.97,9.23,7.22,,2.74,2.00,4.75,,0,backfill
,2018-12-24,1267.50,14.80,11.32,9.62,7.56,,5.18,3.48,7.24,,0,backfill
,2018-12-26,1269.20,14.47,10.19,8.54,7.59,,5.93,4.28,6.88,,0,backfill
,2018-12-27,1277.30,15.18,9.87,8.45,7.22,,6.73,5.31,7.96,,0,backfill
,2018-12-28,1279.90,14.56,9.83,8.38,7.38,,6.18,4.73,7.18,,0,backfill
,2018-12-31,1278.30,13.48,10.23,8.29,7.38,,5.19,3.25,6.10,,0,backfill
,2019-01-02,1281.00,13.18,9.27,8.27,5.06,,4.91,3.91,8.12,,0,backfill
,2019-01-03,1291.80,13.77,6.91,8.37,4.82,,5.40,6.86,8.95,,0,backfill
,2019-01-04,1282.70,12.04,8.01,8.77,6.77,,3.27,4.03,5.27,,0,backfill
,2019-01-07,1286.80,11.66,8.05,8.65,6.36,,3.01,3.61,5.30,,0,backfill
,2019-01-08,1283.20,11.16,7.82,8.67,6.51,,2.49,3.34,4.65,,0,backfill
,2019-01-09,1289.30,11.69,8.18,8.56,6.85,,3.13,3.51,4.84,,0,backfill
,2019-01-10,1284.70,10.95,8.56,8.68,,,2.27,2.39,,,0,backfill
,2019-01-11,1287.10,11.00,8.55,8.24,,,2.76,2.45,,,0,backfill
,2019-01-14,1289.10,11.06,6.75,8.01,,,3.05,4.31,,,0,backfill
,2019-01-15,1286.20,11.06,5.15,8.10,,,2.96,5.91,,,0,backfill
,2019-01-16,1291.60,11.08,5.41,7.99,,,3.09,5.67,,,0,backfill
,2019-01-17,1291.00,10.90,4.97,7.52,,,3.38,5.93,,,0,backfill
,2019-01-18,1281.30,11.12,6.24,7.84,,,3.28,4.88,,,0,backfill
,2019-01-22,1282.50,10.77,6.01,7.77,,,3.00,4.76,,,0,backfill
,2019-01-23,1283.10,10.61,5.86,7.58,,,3.03,4.75,,,0,backfill
,2019-01-24,1279.10,10.37,5.87,7.60,,,2.77,4.50,,,0,backfill
,2019-01-25,1297.40,11.12,10.78,8.48,,,2.64,0.34,,,0,backfill
,2019-01-28,1302.40,11.04,10.74,8.51,,,2.53,0.30,,,0,backfill
,2019-01-29,1308.20,11.25,10.83,8.50,,,2.75,0.42,,,0,backfill
,2019-01-30,1309.90,11.14,8.68,8.29,,,2.85,2.46,,,0,backfill
,2019-01-31,1319.70,10.74,8.86,8.23,,,2.51,1.88,,,0,backfill
,2019-02-01,1316.90,10.12,9.42,8.31,,,1.81,0.70,,,0,backfill
,2019-02-04,1314.30,10.11,9.09,8.38,,,1.73,1.02,,,0,backfill
,2019-02-05,1314.20,10.14,5.67,8.08,,,2.06,4.47,,,0,backfill
,2019-02-06,1309.50,9.76,6.28,7.76,,,2.00,3.48,,,0,backfill
,2019-02-07,1309.40,9.72,5.74,7.23,6.66,,2.49,3.98,3.06,,0,backfill
,2019-02-08,1313.70,9.89,6.02,7.26,5.45,,2.63,3.87,4.44,,0,backfill
,2019-02-11,1307.00,10.18,4.34,7.31,5.46,,2.87,5.84,4.72,,0,backfill
,2019-02-12,1309.20,10.03,4.65,7.30,5.40,,2.73,5.38,4.63,,0,backfill
,2019-02-13,1310.80,9.55,4.72,7.28,5.16,,2.27,4.83,4.39,,0,backfill
,2019-02-14,1309.80,9.92,4.72,7.28,5.77,,2.64,5.20,4.15,,0,backfill
,2019-02-15,1318.10,10.16,5.63,7.12,5.47,,3.04,4.53,4.69,,0,backfill
,2019-02-19,1340.10,11.39,10.82,8.11,7.28,,3.28,0.57,4.11,,0,backfill
,2019-02-20,1343.30,10.92,10.84,8.10,7.25,,2.82,0.08,3.67,,0,backfill
,2019-02-21,1323.50,10.29,14.81,9.31,7.83,,0.98,-4.52,2.46,,0,backfill
,2019-02-22,1329.20,10.02,14.89,9.29,8.23,,0.73,-4.87,1.79,,0,backfill
,2019-02-25,1325.90,9.91,15.15,9.25,8.10,,0.66,-5.24,1.81,,0,backfill
,2019-02-26,1325.10,9.86,15.14,9.26,7.62,,0.60,-5.28,2.24,,0,backfill
,2019-02-27,1317.70,9.72,15.29,9.45,8.11,,0.27,-5.57,1.61,,0,backfill
,2019-02-28,1312.80,9.52,9.95,9.50,6.98,,0.02,-0.43,2.54,,0,backfill
,2019-03-01,1296.40,10.20,10.62,10.18,9.37,,0.02,-0.42,0.83,,0,backfill
,2019-03-04,1284.80,10.26,8.77,10.52,8.68,,-0.26,1.49,1.58,,0,backfill
,2019-03-05,1282.00,10.19,6.75,10.30,8.34,,-0.11,3.44,1.85,,0,backfill
,2019-03-06,1284.90,10.13,8.03,10.32,8.27,,-0.19,2.10,1.86,,0,backfill
,2019-03-07,1283.80,10.36,7.98,10.32,8.31,,0.04,2.38,2.05,,0,backfill
,2019-03-08,1297.00,10.51,11.81,10.69,7.88,,-0.18,-1.30,2.63,,0,backfill
,2019-03-11,1288.80,10.18,12.05,10.03,7.16,,0.15,-1.87,3.02,,0,backfill
,2019-03-12,1296.30,10.08,10.65,10.12,3.13,,-0.04,-0.57,6.95,,0,backfill
,2019-03-13,1307.50,10.14,9.60,10.35,,,-0.21,0.54,,,0,backfill
,2019-03-14,1293.40,10.08,12.38,10.80,,,-0.72,-2.30,,,0,backfill
,2019-03-15,1301.80,10.01,12.77,10.74,,,-0.73,-2.76,,,0,backfill
,2019-03-18,1300.30,9.79,12.80,10.74,,,-0.95,-3.01,,,0,backfill
,2019-03-19,1305.00,9.82,11.53,10.79,,,-0.97,-1.71,,,0,backfill
,2019-03-20,1300.50,10.15,10.88,10.83,,,-0.68,-0.73,,,0,backfill
,2019-03-21,1306.10,10.20,10.65,10.86,,,-0.66,-0.45,,,0,backfill
,2019-03-22,1311.60,10.31,9.62,10.93,,,-0.62,0.69,,,0,backfill
,2019-03-25,1321.90,10.77,6.40,11.13,,,-0.36,4.37,,,0,backfill
,2019-03-26,1314.30,10.18,7.77,11.16,,,-0.98,2.41,,,0,backfill
,2019-03-27,1309.90,10.36,8.17,11.19,,,-0.83,2.19,,,0,backfill
,2019-03-28,1289.80,10.35,12.52,12.05,,,-1.70,-2.17,,,0,backfill
,2019-03-29,1293.00,9.94,12.67,12.08,,,-2.14,-2.73,,,0,backfill
,2019-04-01,1288.40,10.13,12.21,11.94,,,-1.81,-2.08,,,0,backfill
,2019-04-02,1290.00,9.81,11.70,10.78,,,-0.97,-1.89,,,0,backfill
,2019-04-03,1289.90,9.69,9.57,10.73,,,-1.04,0.12,,,0,backfill
,2019-04-04,1289.00,9.92,9.55,9.94,,,-0.02,0.37,,,0,backfill
,2019-04-05,1290.40,9.65,9.81,9.84,9.32,,-0.19,-0.16,0.33,,0,backfill
,2019-04-08,1297.10,9.71,4.31,9.98,7.27,,-0.27,5.40,2.44,,0,backfill
,2019-04-09,1303.50,9.55,4.92,10.12,6.64,,-0.57,4.63,2.91,,0,backfill
,2019-04-10,1309.10,9.45,3.91,10.09,6.35,,-0.64,5.54,3.10,,0,backfill
,2019-04-11,1288.60,9.59,11.59,11.02,7.97,,-1.43,-2.00,1.62,,0,backfill
,2019-04-12,1290.60,9.28,11.64,10.43,7.90,,-1.15,-2.36,1.38,,0,backfill
,2019-04-15,1286.80,9.57,11.78,10.13,7.14,,-0.56,-2.21,2.43,,0,backfill
,2019-04-16,1272.60,9.78,13.36,10.62,7.67,,-0.84,-3.58,2.11,,0,backfill
,2019-04-17,1272.20,9.39,12.51,10.59,7.14,,-1.20,-3.12,2.25,,0,backfill
,2019-04-18,1271.90,8.96,11.52,10.59,6.99,,-1.63,-2.56,1.97,,0,backfill
,2019-04-22,1273.50,9.56,10.78,10.13,,,-0.57,-1.22,,,0,backfill
,2019-04-23,1269.30,9.54,6.93,10.01,,,-0.47,2.61,,,0,backfill
,2019-04-24,1275.50,9.48,7.90,9.97,,,-0.49,1.58,,,0,backfill
,2019-04-25,1275.80,9.35,7.91,9.59,,,-0.24,1.44,,,0,backfill
,2019-04-26,1284.90,9.28,5.57,9.37,,,-0.09,3.71,,,0,backfill
,2019-04-29,1278.60,9.46,6.72,9.24,,,0.22,2.74,,,0,backfill
,2019-04-30,1282.80,9.32,6.84,9.31,,,0.01,2.48,,,0,backfill
,2019-05-01,1281.40,9.19,6.98,9.23,,,-0.04,2.21,,,0,backfill
,2019-05-02,1269.70,9.08,9.04,9.52,,,-0.44,0.04,,,0,backfill
,2019-05-03,1279.20,8.89,9.73,9.71,,,-0.82,-0.84,,,0,backfill
,2019-05-06,1281.70,9.26,9.77,9.64,,,-0.38,-0.51,,,0,backfill
,2019-05-07,1283.50,9.74,8.73,9.31,4.00,,0.43,1.01,5.74,,0,backfill
,2019-05-08,1279.40,9.78,8.39,9.23,,,0.55,1.39,,,0,backfill
,2019-05-09,1283.50,9.96,8.38,9.27,,,0.69,1.58,,,0,backfill
,2019-05-10,1285.70,9.33,8.38,8.16,,,1.17,0.95,,,0,backfill
,2019-05-13,1300.10,10.51,7.36,8.76,,,1.75,3.15,,,0,backfill
,2019-05-14,1294.70,9.76,7.93,8.79,,,0.97,1.83,,,0,backfill
,2019-05-15,1296.30,9.45,7.94,8.79,,,0.66,1.51,,,0,backfill
,2019-05-16,1285.00,9.16,10.10,9.16,,,0.00,-0.94,,,0,backfill
,2019-05-17,1274.50,9.16,11.19,9.45,5.76,,-0.29,-2.03,3.40,,0,backfill
,2019-05-20,1276.10,9.16,10.97,9.46,,,-0.30,-1.81,,,0,backfill
,2019-05-21,1272.00,8.99,10.89,9.34,,,-0.35,-1.90,,,0,backfill
,2019-05-22,1273.60,9.04,6.97,9.21,,,-0.17,2.07,,,0,backfill
,2019-05-23,1284.80,9.47,9.77,9.51,,,-0.04,-0.30,,,0,backfill
,2019-05-24,1283.00,9.00,9.63,8.36,,,0.64,-0.63,,,0,backfill
,2019-05-28,1276.50,9.20,8.67,8.46,,,0.74,0.53,,,0,backfill
,2019-05-29,1280.60,8.88,7.24,8.49,,,0.39,1.64,,,0,backfill
,2019-05-30,1287.10,9.30,7.72,7.96,,,1.34,1.58,,,0,backfill
,2019-05-31,1305.80,10.33,10.28,8.93,,,1.40,0.05,,,0,backfill
,2019-06-03,1322.70,11.79,11.40,9.57,,,2.22,0.39,,,0,backfill
,2019-06-04,1323.40,10.66,11.45,9.58,,,1.08,-0.79,,,0,backfill
,2019-06-05,1328.30,11.26,10.79,9.50,,,1.76,0.47,,,0,backfill
,2019-06-06,1337.60,11.62,8.19,9.58,,,2.04,3.43,,,0,backfill
,2019-06-07,1341.20,11.41,8.29,9.58,11.69,,1.83,3.12,-0.28,,0,backfill
,2019-06-10,1324.70,10.87,14.17,10.26,11.46,,0.61,-3.30,-0.59,,0,backfill
,2019-06-11,1326.40,10.52,12.21,10.10,10.50,,0.42,-1.69,0.02,,0,backfill
,2019-06-12,1331.90,11.06,9.93,10.12,9.06,,0.94,1.13,2.00,,0,backfill
,2019-06-13,1339.20,11.68,10.27,10.17,9.18,,1.51,1.41,2.50,,0,backfill
,2019-06-14,1340.10,11.90,10.19,9.66,9.04,,2.24,1.71,2.86,,0,backfill
,2019-06-17,1338.70,11.99,9.40,9.54,8.50,,2.45,2.59,3.49,,0,backfill
,2019-06-18,1346.60,12.40,9.95,9.62,7.30,,2.78,2.45,5.10,,0,backfill
,2019-06-19,1344.60,12.41,4.82,9.67,6.49,,2.74,7.59,5.92,,0,backfill
,2019-06-20,1392.90,15.69,20.38,13.64,6.91,,2.05,-4.69,8.78,,0,backfill
,2019-06-21,1396.20,15.54,20.51,13.64,7.74,,1.90,-4.97,7.80,,0,backfill
,2019-06-24,1414.30,16.80,20.80,13.95,8.70,,2.85,-4.00,8.10,,0,backfill
,2019-06-25,1414.90,17.08,20.84,13.76,8.88,,3.32,-3.76,8.20,,0,backfill
,2019-06-26,1411.60,15.88,21.08,13.69,8.97,,2.19,-5.20,6.91,,0,backfill
,2019-06-27,1408.40,15.57,21.90,13.76,9.17,,1.81,-6.33,6.40,,0,backfill
,2019-06-28,1409.70,15.99,21.58,13.34,9.81,,2.65,-5.59,6.18,,0,backfill
,2019-07-01,1385.60,14.08,14.15,14.23,9.77,,-0.15,-0.07,4.31,,0,backfill
,2019-07-02,1404.60,15.80,16.59,14.56,11.37,,1.24,-0.79,4.43,,0,backfill
,2019-07-03,1417.70,15.89,15.61,14.53,11.62,,1.36,0.28,4.27,,0,backfill
,2019-07-05,1396.70,15.07,18.09,15.49,12.86,,-0.42,-3.02,2.21,,0,backfill
,2019-07-08,1397.00,12.99,18.13,15.41,12.74,,-2.42,-5.14,0.25,,0,backfill
,2019-07-09,1397.50,13.45,18.15,15.38,12.77,,-1.93,-4.70,0.68,,0,backfill
,2019-07-10,1410.10,15.01,19.14,15.29,12.28,,-0.28,-4.13,2.73,,0,backfill
,2019-07-11,1404.30,13.64,15.42,15.44,12.83,,-1.80,-1.78,0.81,,0,backfill
,2019-07-12,1409.90,14.65,13.29,15.43,10.76,,-0.78,1.36,3.89,,0,backfill
,2019-07-15,1411.40,14.90,11.85,15.06,9.42,,-0.16,3.05,5.48,,0,backfill
,2019-07-16,1409.20,14.32,6.67,14.78,6.45,,-0.46,7.65,7.87,,0,backfill
,2019-07-17,1421.30,16.02,7.88,14.89,7.68,,1.13,8.14,8.34,,0,backfill
,2019-07-18,1426.10,17.45,7.74,14.89,9.44,,2.56,9.71,8.01,,0,backfill
,2019-07-19,1425.10,15.83,6.65,14.85,10.35,,0.98,9.18,5.48,,0,backfill
,2019-07-22,1425.30,14.89,5.53,14.85,9.06,,0.04,9.36,5.83,,0,backfill
,2019-07-23,1420.10,14.28,6.30,14.33,9.07,,-0.05,7.98,5.21,,0,backfill
,2019-07-24,1422.80,14.55,6.32,14.32,,,0.23,8.23,,,0,backfill
,2019-07-25,1413.90,13.54,7.66,14.53,,,-0.99,5.88,,,0,backfill
,2019-07-26,1418.50,12.31,5.73,14.49,,,-2.18,6.58,,,0,backfill
,2019-07-29,1419.60,13.59,5.23,14.49,,,-0.90,8.36,,,0,backfill
,2019-07-30,1429.70,14.51,6.99,14.54,,,-0.03,7.52,,,0,backfill
,2019-07-31,1426.10,13.21,7.22,14.56,,,-1.35,5.99,,,0,backfill
,2019-08-01,1420.90,16.01,7.22,14.62,,,1.39,8.79,,,0,backfill
,2019-08-02,1445.60,15.00,12.66,11.66,,,3.34,2.34,,,0,backfill
,2019-08-05,1464.60,16.91,12.49,12.15,,,4.76,4.42,,,0,backfill
,2019-08-06,1472.40,16.02,12.43,11.73,,,4.29,3.59,,,0,backfill
,2019-08-07,1507.30,18.16,15.89,13.36,18.39,,4.80,2.27,-0.23,,0,backfill
,2019-08-08,1497.70,17.53,18.29,13.53,18.58,,4.00,-0.76,-1.05,,0,backfill
,2019-08-09,1496.60,16.64,17.94,13.49,17.73,,3.15,-1.30,-1.09,,0,backfill
,2019-08-12,1505.30,18.46,16.44,13.53,15.17,,4.93,2.02,3.29,,0,backfill
,2019-08-13,1502.20,17.92,16.08,12.30,18.56,,5.62,1.84,-0.64,,0,backfill
,2019-08-14,1515.90,18.19,15.46,12.01,17.98,,6.18,2.73,0.21,,0,backfill
,2019-08-15,1519.60,18.72,15.53,11.84,17.71,,6.88,3.19,1.01,,0,backfill
,2019-08-16,1512.50,16.86,8.88,10.88,16.04,,5.98,7.98,0.82,,0,backfill
,2019-08-19,1500.40,14.94,9.45,11.29,15.94,,3.65,5.49,-1.00,,0,backfill
,2019-08-20,1504.60,15.42,9.53,11.28,15.82,,4.14,5.89,-0.40,,0,backfill
,2019-08-21,1504.60,15.13,8.86,11.13,14.53,,4.00,6.27,0.60,,0,backfill
,2019-08-22,1497.30,15.35,9.27,11.17,9.05,,4.18,6.08,6.30,,0,backfill
,2019-08-23,1526.60,18.36,14.38,12.23,10.79,,6.13,3.98,7.57,,0,backfill
,2019-08-26,1526.30,17.54,14.36,12.25,11.32,,5.29,3.18,6.22,,0,backfill
,2019-08-27,1541.00,17.34,14.69,12.34,10.77,,5.00,2.65,6.57,,0,backfill
,2019-08-28,1537.80,16.83,13.23,12.31,10.17,,4.52,3.60,6.66,,0,backfill
,2019-08-29,1526.50,16.31,14.78,12.64,12.16,,3.67,1.53,4.15,,0,backfill
,2019-08-30,1519.10,15.45,15.34,12.79,12.50,,2.66,0.11,2.95,,0,backfill
,2019-09-03,1545.90,16.86,17.27,13.52,13.91,,3.34,-0.41,2.95,,0,backfill
,2019-09-04,1550.30,17.27,13.81,13.38,12.08,,3.89,3.46,5.19,,0,backfill
,2019-09-05,1515.40,15.72,20.49,15.32,14.65,,0.40,-4.77,1.07,,0,backfill
,2019-09-06,1506.20,14.75,19.19,15.31,15.18,,-0.56,-4.44,-0.43,,0,backfill
,2019-09-09,1502.20,14.76,19.18,15.37,15.60,,-0.61,-4.42,-0.84,,0,backfill
,2019-09-10,1490.30,14.62,19.24,15.63,14.23,,-1.01,-4.62,0.39,,0,backfill
,2019-09-11,1494.40,14.95,19.54,15.55,13.95,,-0.60,-4.59,1.00,,0,backfill
,2019-09-12,1498.70,15.07,14.67,15.50,13.13,,-0.43,0.40,1.94,,0,backfill
,2019-09-13,1490.90,14.94,13.76,15.56,12.44,,-0.62,1.18,2.50,,0,backfill
,2019-09-16,1503.10,16.07,9.33,14.98,8.47,,1.09,6.74,7.60,,0,backfill
,2019-09-17,1505.10,15.91,8.73,14.56,6.97,,1.35,7.18,8.94,,0,backfill
,2019-09-18,1507.50,15.10,8.58,14.50,7.69,,0.60,6.52,7.41,,0,backfill
,2019-09-19,1498.40,15.13,7.84,12.93,7.32,,2.20,7.29,7.81,,0,backfill
,2019-09-20,1507.30,16.79,8.38,12.91,7.22,,3.88,8.41,9.57,,0,backfill
,2019-09-23,1523.70,16.92,10.20,13.27,6.33,,3.65,6.72,10.59,,0,backfill
,2019-09-24,1532.10,17.22,8.78,13.26,7.55,,3.96,8.44,9.67,,0,backfill
,2019-09-25,1504.60,15.62,15.22,14.31,9.06,,1.31,0.40,6.56,,0,backfill
,2019-09-26,1507.50,15.11,15.24,14.07,,,1.04,-0.13,,,0,backfill
,2019-09-27,1499.10,14.96,15.58,14.13,,,0.83,-0.62,,,0,backfill
,2019-09-30,1465.70,15.37,20.32,15.48,,,-0.11,-4.95,,,0,backfill
,2019-10-01,1482.00,15.61,21.49,15.71,,,-0.10,-5.88,,,0,backfill
,2019-10-02,1501.00,15.75,22.01,16.15,,,-0.40,-6.26,,,0,backfill
,2019-10-03,1507.10,16.33,21.81,16.19,,,0.14,-5.48,,,0,backfill
,2019-10-04,1506.20,15.26,18.83,16.13,,,-0.87,-3.57,,,0,backfill
,2019-10-07,1497.70,15.44,19.07,15.14,15.26,,0.30,-3.63,0.18,,0,backfill
,2019-10-08,1497.20,16.21,18.79,15.14,15.01,,1.07,-2.58,1.20,,0,backfill
,2019-10-09,1506.10,15.73,10.51,14.96,12.96,,0.77,5.22,2.77,,0,backfill
,2019-10-10,1494.80,15.70,11.08,15.09,12.17,,0.61,4.62,3.53,,0,backfill
,2019-10-11,1482.70,15.72,8.82,15.12,10.76,,0.60,6.90,4.96,,0,backfill
,2019-10-14,1491.70,15.65,9.44,15.20,9.89,,0.45,6.21,5.76,,0,backfill
,2019-10-15,1477.60,15.08,10.54,14.40,10.53,,0.68,4.54,4.55,,0,backfill
,2019-10-16,1488.00,14.94,11.74,14.56,9.92,,0.38,3.20,5.02,,0,backfill
,2019-10-17,1492.30,14.84,11.96,13.11,9.22,,1.73,2.88,5.62,,0,backfill
,2019-10-18,1488.20,14.85,11.12,13.03,8.97,,1.82,3.73,5.88,,0,backfill
,2019-10-21,1482.40,14.05,10.52,13.05,7.75,,1.00,3.53,6.30,,0,backfill
,2019-10-22,1481.70,13.67,9.33,12.85,6.42,,0.82,4.34,7.25,,0,backfill
,2019-10-23,1489.90,13.23,9.19,12.93,5.78,,0.30,4.04,7.45,,0,backfill
,2019-10-24,1498.90,13.97,7.04,13.03,5.12,,0.94,6.93,8.85,,0,backfill
,2019-10-25,1499.50,13.48,6.14,12.93,5.99,,0.55,7.34,7.49,,0,backfill
,2019-10-28,1490.00,13.78,7.39,12.84,6.64,,0.94,6.39,7.14,,0,backfill
,2019-10-29,1487.00,13.46,7.30,12.84,6.62,,0.62,6.16,6.84,,0,backfill
,2019-10-30,1493.20,13.17,7.14,12.90,7.20,,0.27,6.03,5.97,,0,backfill
,2019-10-31,1511.40,13.39,9.59,13.26,8.26,,0.13,3.80,5.13,,0,backfill
,2019-11-01,1508.00,12.86,9.81,13.17,8.46,,-0.31,3.05,4.40,,0,backfill
,2019-11-04,1508.00,12.45,9.36,12.77,7.66,,-0.32,3.09,4.79,,0,backfill
,2019-11-05,1480.80,12.43,14.81,13.65,9.25,,-1.22,-2.38,3.18,,0,backfill
,2019-11-06,1490.20,12.04,15.12,12.82,8.81,,-0.78,-3.08,3.23,,0,backfill
,2019-11-07,1464.20,12.35,18.51,13.74,10.70,,-1.39,-6.16,1.65,,0,backfill
,2019-11-08,1461.30,12.27,17.99,13.67,10.29,,-1.40,-5.72,1.98,,0,backfill
,2019-11-11,1455.50,12.87,14.54,12.08,9.89,,0.79,-1.67,2.98,,0,backfill
,2019-11-12,1452.10,11.91,14.53,11.60,9.86,,0.31,-2.62,2.05,,0,backfill
,2019-11-13,1461.70,11.56,16.02,11.11,9.96,,0.45,-4.46,1.60,,0,backfill
,2019-11-14,1471.80,11.83,13.91,11.25,7.93,,0.58,-2.08,3.90,,0,backfill
,2019-11-15,1467.30,11.23,12.98,11.27,7.71,,-0.04,-1.75,3.52,,0,backfill
,2019-11-18,1470.90,11.55,7.35,11.22,4.78,,0.33,4.20,6.77,,0,backfill
,2019-11-19,1473.30,11.50,7.12,11.23,4.67,,0.27,4.38,6.83,,0,backfill
,2019-11-20,1473.30,11.55,6.26,11.07,4.06,,0.48,5.29,7.49,,0,backfill
,2019-11-21,1463.10,11.37,7.91,11.04,,,0.33,3.46,,,0,backfill
,2019-11-22,1463.10,11.32,6.91,10.81,,,0.51,4.41,,,0,backfill
,2019-11-25,1456.60,11.15,5.45,10.69,,,0.46,5.70,,,0,backfill
,2019-11-26,1459.80,10.76,5.72,10.40,,,0.36,5.04,,,0,backfill
,2019-11-27,1453.40,10.30,5.59,10.22,,,0.08,4.71,,,0,backfill
,2019-11-29,1465.60,10.71,8.15,10.51,,,0.20,2.56,,,0,backfill
,2019-12-02,1462.30,10.77,8.18,10.50,,,0.27,2.59,,,0,backfill
,2019-12-03,1478.20,12.15,9.63,10.95,,,1.20,2.52,,,0,backfill
,2019-12-04,1474.00,11.57,9.96,10.98,,,0.59,1.61,,,0,backfill
,2019-12-05,1476.90,11.25,9.18,10.87,,,0.38,2.07,,,0,backfill
,2019-12-06,1459.10,10.73,12.47,11.22,8.99,,-0.49,-1.74,1.74,,0,backfill
,2019-12-09,1459.30,10.75,12.10,11.21,8.76,,-0.46,-1.35,1.99,,0,backfill
,2019-12-10,1462.60,10.33,10.95,11.13,8.25,,-0.80,-0.62,2.08,,0,backfill
,2019-12-11,1469.40,10.81,11.21,11.22,8.35,,-0.41,-0.40,2.46,,0,backfill
,2019-12-12,1466.70,10.95,8.70,11.15,8.24,,-0.20,2.25,2.71,,0,backfill
,2019-12-13,1475.60,10.39,9.55,10.67,8.30,,-0.28,0.84,2.09,,0,backfill
,2019-12-16,1475.00,10.39,9.47,10.66,8.19,,-0.27,0.92,2.20,,0,backfill
,2019-12-17,1474.60,10.03,4.62,10.66,6.96,,-0.63,5.41,3.07,,0,backfill
,2019-12-18,1472.60,10.04,4.89,9.30,,,0.74,5.15,,,0,backfill
,2019-12-19,1478.20,10.39,5.10,9.17,,,1.22,5.29,,,0,backfill
,2019-12-20,1474.70,9.69,5.03,7.60,,,2.09,4.66,,,0,backfill
,2019-12-23,1482.50,10.56,5.43,7.70,,,2.86,5.13,,,0,backfill
,2019-12-24,1499.10,11.93,7.62,8.17,,,3.76,4.31,,,0,backfill
,2019-12-26,1509.30,13.33,7.78,8.28,,,5.05,5.55,,,0,backfill
,2019-12-27,1513.80,12.32,7.39,8.14,,,4.18,4.93,,,0,backfill
,2019-12-30,1514.50,12.56,6.93,7.96,,,4.60,5.63,,,0,backfill
,2019-12-31,1519.50,12.63,6.95,7.90,,,4.73,5.68,,,0,backfill
,2020-01-02,1524.50,12.70,5.46,7.91,,,4.79,7.24,,,0,backfill
,2020-01-03,1549.20,13.46,8.75,9.01,,,4.45,4.71,,,0,backfill
,2020-01-06,1566.20,14.21,8.70,9.38,,,4.83,5.51,,,0,backfill
,2020-01-07,1571.80,14.01,8.83,8.99,,,5.02,5.18,,,0,backfill
,2020-01-08,1557.40,13.67,12.66,9.58,14.79,,4.09,1.01,-1.12,,0,backfill
,2020-01-09,1551.70,12.54,13.37,9.54,15.02,,3.00,-0.83,-2.48,,0,backfill
,2020-01-10,1557.50,12.27,13.37,9.55,15.17,,2.72,-1.10,-2.90,,0,backfill
,2020-01-13,1548.40,10.91,14.52,9.65,15.12,,1.26,-3.61,-4.21,,0,backfill
,2020-01-14,1542.40,11.02,11.05,9.61,14.43,,1.41,-0.03,-3.41,,0,backfill
,2020-01-15,1552.10,11.75,9.21,9.62,13.85,,2.13,2.54,-2.10,,0,backfill
,2020-01-16,1549.00,11.38,8.56,9.31,13.34,,2.07,2.82,-1.96,,0,backfill
,2020-01-17,1558.80,11.31,8.19,9.32,6.23,,1.99,3.12,5.08,,0,backfill
,2020-01-21,1556.40,11.48,7.87,9.37,6.55,,2.11,3.61,4.93,,0,backfill
,2020-01-22,1555.30,11.16,7.53,8.44,6.01,,2.72,3.63,5.15,,0,backfill
,2020-01-23,1564.60,11.61,7.13,8.49,6.27,,3.12,4.48,5.34,,0,backfill
,2020-01-24,1571.10,12.48,6.15,8.50,6.58,,3.98,6.33,5.90,,0,backfill
,2020-01-27,1576.80,12.90,5.68,8.48,6.54,,4.42,7.22,6.36,,0,backfill
,2020-01-28,1569.20,11.89,6.73,8.65,6.51,,3.24,5.16,5.38,,0,backfill
,2020-01-29,1569.80,12.09,5.98,8.59,,,3.50,6.11,,,0,backfill
,2020-01-30,1583.50,12.23,7.18,8.77,,,3.46,5.05,,,0,backfill
,2020-01-31,1582.90,13.50,7.12,8.77,,,4.73,6.38,,,0,backfill
,2020-02-03,1577.20,12.48,7.48,8.88,,,3.60,5.00,,,0,backfill
,2020-02-04,1550.40,12.01,12.86,10.50,,,1.51,-0.85,,,0,backfill
,2020-02-05,1557.80,11.32,13.08,10.47,,,0.85,-1.76,,,0,backfill
,2020-02-06,1565.10,11.45,13.38,10.45,,,1.00,-1.93,,,0,backfill
,2020-02-07,1568.60,11.30,13.47,10.07,11.63,,1.23,-2.17,-0.33,,0,backfill
,2020-02-10,1574.70,11.91,12.42,9.97,11.29,,1.94,-0.51,0.62,,0,backfill
,2020-02-11,1565.60,11.48,12.76,10.18,10.64,,1.30,-1.28,0.84,,0,backfill
,2020-02-12,1567.40,11.07,12.76,10.17,9.14,,0.90,-1.69,1.93,,0,backfill
,2020-02-13,1575.10,11.59,6.07,10.21,6.11,,1.38,5.52,5.48,,0,backfill
,2020-02-14,1582.70,11.62,6.08,10.25,5.61,,1.37,5.54,6.01,,0,backfill
,2020-02-18,1600.00,13.02,7.96,9.69,7.19,,3.33,5.06,5.83,,0,backfill
,2020-02-19,1607.50,13.34,7.98,9.30,7.12,,4.04,5.36,6.22,,0,backfill
,2020-02-20,1616.60,13.35,8.08,9.37,8.06,,3.98,5.27,5.29,,0,backfill
,2020-02-21,1644.60,15.79,8.43,9.99,9.63,,5.80,7.36,6.16,,0,backfill
,2020-02-24,1672.40,17.58,9.03,10.74,12.33,,6.84,8.55,5.25,,0,backfill
,2020-02-25,1646.90,18.13,17.43,11.92,13.14,,6.21,0.70,4.99,,0,backfill
,2020-02-26,1640.00,16.48,18.57,11.83,13.27,,4.65,-2.09,3.21,,0,backfill
,2020-02-27,1640.00,18.05,18.29,11.72,12.79,,6.33,-0.24,5.26,,0,backfill
,2020-02-28,1564.10,21.27,35.50,18.43,21.64,,2.84,-14.23,-0.37,,0,backfill
,2020-03-02,1592.30,18.98,37.57,19.11,22.61,,-0.13,-18.59,-3.63,,0,backfill
,2020-03-03,1642.10,22.01,41.23,20.94,24.69,,1.07,-19.22,-2.68,,0,backfill
,2020-03-04,1641.10,18.55,39.51,20.93,23.61,,-2.38,-20.96,-5.06,,0,backfill
,2020-03-05,1666.40,22.43,39.66,21.27,24.41,,1.16,-17.23,-1.98,,0,backfill
,2020-03-06,1670.80,25.12,39.45,21.25,25.69,,3.87,-14.33,-0.57,,0,backfill
,2020-03-09,1674.50,31.29,39.41,21.24,27.03,,10.05,-8.12,4.26,,0,backfill
,2020-03-10,1659.10,23.99,21.52,21.49,21.62,,2.50,2.47,2.37,,0,backfill
,2020-03-11,1641.40,26.74,23.03,21.71,21.34,,5.03,3.71,5.40,,0,backfill
,2020-03-12,1589.30,30.18,23.67,23.81,25.61,,6.37,6.51,4.57,,0,backfill
,2020-03-13,1515.70,37.43,34.49,27.40,30.94,,10.03,2.94,6.49,,0,backfill
,2020-03-16,1485.90,41.43,29.11,27.91,40.94,,13.52,12.32,0.49,,0,backfill
,2020-03-17,1524.90,45.27,37.60,29.06,43.29,,16.21,7.67,1.98,,0,backfill
,2020-03-18,1477.30,48.98,37.33,30.05,44.99,,18.93,11.65,3.99,,0,backfill
,2020-03-19,1478.60,39.48,38.78,30.00,44.74,,9.48,0.70,-5.26,,0,backfill
,2020-03-20,1484.00,36.81,40.59,29.98,44.21,,6.83,-3.78,-7.40,,0,backfill
,2020-03-23,1567.00,41.16,55.25,34.12,44.18,,7.04,-14.09,-3.02,,0,backfill
,2020-03-24,1660.20,40.41,54.99,38.01,45.35,,2.40,-14.58,-4.94,,0,backfill
,2020-03-25,1632.30,40.56,54.29,38.34,37.08,,2.22,-13.73,3.48,,0,backfill
,2020-03-26,1650.10,37.48,53.58,38.43,33.33,,-0.95,-16.10,4.15,,0,backfill
,2020-03-27,1623.90,34.89,48.91,38.76,,,-3.87,-14.02,,,0,backfill
,2020-03-30,1622.00,30.42,49.15,38.75,,,-8.33,-18.73,,,0,backfill
,2020-03-31,1583.40,29.19,54.00,39.28,,,-10.09,-24.81,,,0,backfill
,2020-04-01,1578.20,30.26,43.88,39.26,,,-9.00,-13.62,,,0,backfill
,2020-04-02,1625.70,31.91,29.48,40.20,,,-8.29,2.43,,,0,backfill
,2020-04-03,1633.70,31.85,28.02,39.90,,,-8.05,3.83,,,0,backfill
,2020-04-06,1677.00,35.76,31.74,40.34,,,-4.58,4.02,,,0,backfill
,2020-04-07,1664.80,34.27,30.01,40.14,28.33,,-5.87,4.26,5.94,,0,backfill
,2020-04-08,1665.40,29.98,29.93,40.12,26.66,,-10.14,0.05,3.32,,0,backfill
,2020-04-09,1736.20,27.59,30.21,41.85,29.17,,-14.26,-2.62,-1.58,,0,backfill
,2020-04-13,1744.80,28.41,28.69,39.15,29.93,,-10.74,-0.28,-1.52,,0,backfill
,2020-04-14,1756.70,28.87,26.78,38.94,29.09,,-10.07,2.09,-0.22,,0,backfill
,2020-04-15,1727.20,27.39,31.66,38.46,29.24,,-11.07,-4.27,-1.85,,0,backfill
,2020-04-16,1720.40,27.74,29.46,38.49,25.96,,-10.75,-1.72,1.78,,0,backfill
,2020-04-17,1689.20,26.96,31.82,38.68,23.36,,-11.72,-4.86,3.60,,0,backfill
,2020-04-20,1701.60,28.01,31.94,38.72,23.60,,-10.71,-3.93,4.41,,0,backfill
,2020-04-21,1678.20,30.62,18.20,38.95,20.40,,-8.33,12.42,10.22,,0,backfill
,2020-04-22,1728.70,30.44,27.46,39.76,20.25,,-9.32,2.98,10.19,,0,backfill
,2020-04-23,1733.30,30.25,27.06,39.60,19.05,,-9.35,3.19,11.20,,0,backfill
,2020-04-24,1723.50,29.22,25.21,38.34,19.48,,-9.12,4.01,9.74,,0,backfill
,2020-04-27,1711.90,26.75,25.44,35.42,18.50,,-8.67,1.31,8.25,,0,backfill
,2020-04-28,1710.50,24.43,22.33,34.72,16.57,,-10.29,2.10,7.86,,0,backfill
,2020-04-29,1703.40,24.16,22.20,34.22,16.10,,-10.06,1.96,8.06,,0,backfill
,2020-04-30,1684.20,24.24,21.58,32.87,14.96,,-8.63,2.66,9.28,,0,backfill
,2020-05-01,1694.50,24.25,9.42,32.86,13.48,,-8.61,14.83,10.77,,0,backfill
,2020-05-04,1706.90,23.68,10.86,32.86,13.40,,-9.18,12.82,10.28,,0,backfill
,2020-05-05,1704.40,24.97,10.59,29.31,12.01,,-4.34,14.38,12.96,,0,backfill
,2020-05-06,1684.20,24.47,12.00,24.52,12.02,,-0.05,12.47,12.45,,0,backfill
,2020-05-07,1721.80,26.15,19.02,24.72,14.11,,1.43,7.13,12.04,,0,backfill
,2020-05-08,1709.90,24.89,19.41,24.69,14.86,,0.20,5.48,10.03,,0,backfill
,2020-05-11,1695.30,23.55,18.76,24.33,12.79,,-0.78,4.79,10.76,,0,backfill
,2020-05-12,1704.40,22.45,18.68,24.34,11.32,,-1.89,3.77,11.13,,0,backfill
,2020-05-13,1713.90,22.71,18.45,23.10,11.87,,-0.39,4.26,10.84,,0,backfill
,2020-05-14,1738.10,24.15,20.00,23.26,12.67,,0.89,4.15,11.48,,0,backfill
,2020-05-15,1753.40,23.63,17.27,21.95,12.28,,1.68,6.36,11.35,,0,backfill
,2020-05-18,1731.80,22.81,15.92,22.36,12.48,,0.45,6.89,10.33,,0,backfill
,2020-05-19,1744.20,21.33,15.26,21.22,11.36,,0.11,6.07,9.97,,0,backfill
,2020-05-20,1750.60,20.12,13.02,21.07,11.03,,-0.95,7.10,9.09,,0,backfill
,2020-05-21,1720.50,19.74,18.45,21.78,11.96,,-2.04,1.29,7.78,,0,backfill
,2020-05-22,1734.60,18.95,18.76,18.23,11.37,,0.72,0.19,7.58,,0,backfill
,2020-05-26,1704.80,18.57,19.54,18.84,11.30,,-0.27,-0.97,7.27,,0,backfill
,2020-05-27,1710.30,18.51,18.42,18.74,12.13,,-0.23,0.09,6.38,,0,backfill
,2020-05-28,1713.30,18.10,17.50,18.12,10.33,,-0.02,0.60,7.77,,0,backfill
,2020-05-29,1751.70,18.15,22.29,19.21,11.92,,-1.06,-4.14,6.23,,0,backfill
,2020-06-01,1750.30,18.06,22.20,18.36,12.78,,-0.30,-4.14,5.28,,0,backfill
,2020-06-02,1734.00,18.10,19.99,18.52,13.02,,-0.42,-1.89,5.08,,0,backfill
,2020-06-03,1704.80,18.47,21.87,18.75,16.46,,-0.28,-3.40,2.01,,0,backfill
,2020-06-04,1727.40,18.05,20.80,17.06,17.05,,0.99,-2.75,1.00,,0,backfill
,2020-06-05,1683.00,18.17,26.61,18.62,19.56,,-0.45,-8.44,-1.39,,0,backfill
,2020-06-08,1705.10,17.94,28.15,19.00,19.81,,-1.06,-10.21,-1.87,,0,backfill
,2020-06-09,1721.90,19.00,24.70,19.12,20.01,,-0.12,-5.70,-1.01,,0,backfill
,2020-06-10,1720.70,20.75,24.70,19.12,20.77,,1.63,-3.95,-0.02,,0,backfill
,2020-06-11,1739.80,23.04,25.32,19.32,20.68,,3.72,-2.28,2.36,,0,backfill
,2020-06-12,1737.30,20.39,22.37,19.00,18.70,,1.39,-1.98,1.69,,0,backfill
,2020-06-15,1727.20,20.11,21.52,19.04,19.27,,1.07,-1.41,0.84,,0,backfill
,2020-06-16,1736.50,19.29,11.48,18.99,16.37,,0.30,7.81,2.92,,0,backfill
,2020-06-17,1735.60,18.88,10.01,18.98,16.01,,-0.10,8.87,2.87,,0,backfill
,2020-06-18,1731.10,18.31,8.94,18.63,15.55,,-0.32,9.37,2.76,,0,backfill
,2020-06-19,1753.00,18.27,11.27,17.88,15.27,,0.39,7.00,3.00,,0,backfill
,2020-06-22,1766.40,19.55,10.35,17.85,15.11,,1.70,9.20,4.44,,0,backfill
,2020-06-23,1782.00,20.51,10.67,17.74,15.34,,2.77,9.84,5.17,,0,backfill
,2020-06-24,1775.10,20.01,9.98,17.78,14.15,,2.23,10.03,5.86,,0,backfill
,2020-06-25,1770.60,19.73,10.61,17.77,13.92,,1.96,9.12,5.81,,0,backfill
,2020-06-26,1780.30,20.52,10.43,17.39,14.69,,3.13,10.09,5.83,,0,backfill
,2020-06-29,1781.20,19.26,9.80,17.23,13.90,,2.03,9.46,5.36,,0,backfill
,2020-06-30,1800.50,19.65,9.19,17.03,13.51,,2.62,10.46,6.14,,0,backfill
,2020-07-01,1779.90,18.85,12.45,17.33,14.83,,1.52,6.40,4.02,,0,backfill
,2020-07-02,1790.00,17.70,11.76,17.37,14.59,,0.33,5.94,3.11,,0,backfill
,2020-07-06,1793.50,17.42,11.33,16.50,14.22,,0.92,6.09,3.20,,0,backfill
,2020-07-07,1809.90,17.37,11.75,16.53,15.08,,0.84,5.62,2.29,,0,backfill
,2020-07-08,1820.60,17.74,11.78,15.59,14.53,,2.15,5.96,3.21,,0,backfill
,2020-07-09,1803.80,17.39,13.98,15.93,15.16,,1.46,3.41,2.23,,0,backfill
,2020-07-10,1801.90,16.64,12.51,15.95,14.55,,0.69,4.13,2.09,,0,backfill
,2020-07-13,1814.10,16.53,9.92,14.82,12.59,,1.71,6.61,3.94,,0,backfill
,2020-07-14,1813.40,16.00,9.83,14.82,12.44,,1.18,6.17,3.56,,0,backfill
,2020-07-15,1813.80,15.36,9.88,14.48,12.18,,0.88,5.48,3.18,,0,backfill
,2020-07-16,1800.30,15.37,9.60,13.66,11.52,,1.71,5.77,3.85,,0,backfill
,2020-07-17,1810.00,15.09,9.45,13.28,10.95,,1.81,5.64,4.14,,0,backfill
,2020-07-20,1817.40,15.30,7.67,10.40,10.23,,4.90,7.63,5.07,,0,backfill
,2020-07-21,1843.90,16.67,10.86,10.53,10.84,,6.14,5.81,5.83,,0,backfill
,2020-07-22,1865.10,22.45,11.81,10.64,11.82,,11.81,10.64,10.63,,0,backfill
,2020-07-23,1890.00,21.99,12.52,11.02,12.69,,10.97,9.47,9.30,,0,backfill
,2020-07-24,1897.50,21.61,11.99,10.77,13.13,,10.84,9.62,8.48,,0,backfill
,2020-07-27,1931.00,25.52,8.74,11.48,14.76,,14.04,16.78,10.76,,0,backfill
,2020-07-28,1944.60,28.96,8.42,11.17,19.90,,17.79,20.54,9.06,,0,backfill
,2020-07-29,1953.40,26.79,8.29,11.16,20.94,,15.63,18.50,5.85,,0,backfill
,2020-07-30,1942.30,24.13,12.03,11.44,21.23,,12.69,12.10,2.90,,0,backfill
,2020-07-31,1962.80,24.46,11.91,11.44,21.32,,13.02,12.55,3.14,,0,backfill
,2020-08-03,1966.00,23.56,11.50,11.18,20.93,,12.38,12.06,2.63,,0,backfill
,2020-08-04,2021.00,26.30,17.32,13.10,22.69,,13.20,8.98,3.61,,0,backfill
,2020-08-05,2049.30,25.69,16.71,13.33,22.51,,12.36,8.98,3.18,,0,backfill
,2020-08-06,2069.40,27.36,16.69,13.15,18.64,,14.21,10.67,8.72,,0,backfill
,2020-08-07,2028.00,26.22,24.27,14.93,20.52,,11.29,1.95,5.70,,0,backfill
,2020-08-10,2039.70,23.89,23.03,14.93,20.32,,8.96,0.86,3.57,,0,backfill
,2020-08-11,1946.30,27.48,39.32,21.08,30.52,,6.40,-11.84,-3.04,,0,backfill
,2020-08-12,1949.00,25.85,39.31,20.96,34.20,,4.89,-13.46,-8.35,,0,backfill
,2020-08-13,1970.40,25.82,35.24,20.65,34.12,,5.17,-9.42,-8.30,,0,backfill
,2020-08-14,1949.80,23.53,33.12,21.02,33.76,,2.51,-9.59,-10.23,,0,backfill
,2020-08-17,1998.70,26.35,37.29,21.96,35.13,,4.39,-10.94,-8.78,,0,backfill
,2020-08-18,2013.10,26.46,36.19,21.92,34.02,,4.54,-9.73,-7.56,,0,backfill
,2020-08-19,1970.30,28.15,37.70,23.07,36.95,,5.08,-9.55,-8.80,,0,backfill
,2020-08-20,1946.50,25.91,25.15,23.22,29.15,,2.69,0.76,-3.24,,0,backfill
,2020-08-21,1947.00,25.96,25.14,23.20,25.65,,2.76,0.82,0.31,,0,backfill
,2020-08-24,1939.20,23.86,23.94,23.24,24.89,,0.62,-0.08,-1.03,,0,backfill
,2020-08-25,1923.10,22.76,23.66,23.43,24.68,,-0.67,-0.90,-1.92,,0,backfill
,2020-08-26,1952.50,24.79,19.43,23.74,24.21,,1.05,5.36,0.58,,0,backfill
,2020-08-27,1932.60,23.08,18.24,23.85,26.73,,-0.77,4.84,-3.65,,0,backfill
,2020-08-28,1974.90,23.19,20.86,24.49,23.98,,-1.30,2.33,-0.79,,0,backfill
,2020-08-31,1978.60,24.32,18.95,24.49,23.52,,-0.17,5.37,0.80,,0,backfill
,2020-09-01,1978.90,23.00,18.95,24.25,22.63,,-1.25,4.05,0.37,,0,backfill
,2020-09-02,1944.70,23.57,22.26,24.74,22.74,,-1.17,1.31,0.83,,0,backfill
,2020-09-03,1937.80,23.68,21.65,24.52,22.92,,-0.84,2.03,0.76,,0,backfill
,2020-09-04,1934.30,21.98,19.27,24.52,21.51,,-2.54,2.71,0.47,,0,backfill
,2020-09-08,1943.20,22.49,18.43,24.03,18.20,,-1.54,4.06,4.29,,0,backfill
,2020-09-09,1954.90,21.66,12.39,24.00,16.36,,-2.34,9.27,5.30,,0,backfill
,2020-09-10,1964.30,21.26,12.84,24.01,16.52,,-2.75,8.42,4.74,,0,backfill
,2020-09-11,1947.90,20.20,13.51,24.08,15.88,,-3.88,6.69,4.32,,0,backfill
,2020-09-14,1963.70,20.91,9.57,24.00,14.80,,-3.09,11.34,6.11,,0,backfill
,2020-09-15,1966.20,20.32,8.94,23.99,14.61,,-3.67,11.38,5.71,,0,backfill
,2020-09-16,1970.50,20.08,8.52,22.54,13.95,,-2.46,11.56,6.13,,0,backfill
,2020-09-17,1949.90,19.95,11.41,22.26,13.45,,-2.31,8.54,6.50,,0,backfill
,2020-09-18,1962.10,20.22,11.45,22.13,12.34,,-1.91,8.77,7.88,,0,backfill
,2020-09-21,1910.60,21.60,19.32,22.66,18.42,,-1.06,2.28,3.18,,0,backfill
,2020-09-22,1907.60,21.63,19.10,22.54,18.75,,-0.91,2.53,2.88,,0,backfill
,2020-09-23,1868.40,23.43,19.90,19.05,20.80,,4.38,3.53,2.63,,0,backfill
,2020-09-24,1876.90,23.41,20.57,19.11,21.02,,4.30,2.84,2.39,,0,backfill
,2020-09-25,1866.30,22.09,19.67,18.79,21.02,,3.30,2.42,1.07,,0,backfill
,2020-09-28,1882.30,22.01,21.76,18.84,21.45,,3.17,0.25,0.56,,0,backfill
,2020-09-29,1903.20,23.28,22.97,17.57,21.71,,5.71,0.31,1.57,,0,backfill
,2020-09-30,1895.50,22.07,17.01,17.38,16.69,,4.69,5.06,5.38,,0,backfill
,2020-10-01,1916.30,22.39,18.46,16.75,16.78,,5.64,3.93,5.61,,0,backfill
,2020-10-02,1907.60,22.59,11.99,16.45,14.27,,6.14,10.60,8.32,,0,backfill
,2020-10-05,1920.10,22.13,12.16,16.58,14.52,,5.55,9.97,7.61,,0,backfill
,2020-10-06,1908.80,22.79,12.23,16.63,16.51,,6.16,10.56,6.28,,0,backfill
,2020-10-07,1890.80,23.28,13.63,16.68,15.65,,6.60,9.65,7.63,,0,backfill
,2020-10-08,1895.10,21.96,11.70,16.03,15.44,,5.93,10.26,6.52,,0,backfill
,2020-10-09,1926.20,22.44,15.06,16.53,16.54,,5.91,7.38,5.90,,0,backfill
,2020-10-12,1928.90,22.66,13.81,15.20,15.94,,7.46,8.85,6.72,,0,backfill
,2020-10-13,1894.60,23.17,17.80,15.97,16.91,,7.20,5.37,6.26,,0,backfill
,2020-10-14,1907.30,21.88,17.83,16.14,16.84,,5.74,4.05,5.04,,0,backfill
,2020-10-15,1908.90,21.73,17.50,15.39,14.60,,6.34,4.23,7.13,,0,backfill
,2020-10-16,1906.40,20.29,16.28,15.37,14.17,,4.92,4.01,6.12,,0,backfill
,2020-10-19,1911.70,21.33,16.30,15.40,14.34,,5.93,5.03,6.99,,0,backfill
,2020-10-20,1915.40,21.54,12.60,15.34,12.96,,6.20,8.94,8.58,,0,backfill
,2020-10-21,1929.50,22.66,13.50,15.39,13.44,,7.27,9.16,9.22,,0,backfill
,2020-10-22,1904.60,21.38,10.79,15.73,12.80,,5.65,10.59,8.58,,0,backfill
,2020-10-23,1905.20,21.04,9.96,15.58,11.97,,5.46,11.08,9.07,,0,backfill
,2020-10-26,1905.70,20.93,9.94,15.35,11.86,,5.58,10.99,9.07,,0,backfill
,2020-10-27,1911.90,20.41,10.11,15.39,11.74,,5.02,10.30,8.67,,0,backfill
,2020-10-28,1879.20,21.93,14.38,16.06,13.69,,5.87,7.55,8.24,,0,backfill
,2020-10-29,1868.00,21.90,14.15,15.90,14.02,,6.00,7.75,7.88,,0,backfill
,2020-10-30,1879.90,23.26,13.84,15.90,14.27,,7.36,9.42,8.99,,0,backfill
,2020-11-02,1892.50,23.74,13.33,14.15,13.43,,9.59,10.41,10.31,,0,backfill
,2020-11-03,1910.40,23.32,14.73,14.43,13.59,,8.89,8.59,9.73,,0,backfill
,2020-11-04,1896.20,20.49,15.47,13.22,14.80,,7.27,5.02,5.69,,0,backfill
,2020-11-05,1946.80,22.00,22.54,15.17,17.49,,6.83,-0.54,4.51,,0,backfill
,2020-11-06,1951.70,21.10,17.87,15.03,16.05,,6.07,3.23,5.05,,0,backfill
,2020-11-09,1854.40,21.86,38.54,21.26,27.04,,0.60,-16.68,-5.18,,0,backfill
,2020-11-10,1876.40,20.46,39.11,21.30,27.14,,-0.84,-18.65,-6.68,,0,backfill
,2020-11-11,1861.60,19.14,39.01,21.38,27.32,,-2.24,-19.87,-8.18,,0,backfill
,2020-11-12,1873.30,18.98,38.65,21.21,27.25,,-2.23,-19.67,-8.27,,0,backfill
,2020-11-13,1886.20,17.74,38.88,21.29,26.77,,-3.55,-21.14,-9.03,,0,backfill
,2020-11-16,1887.80,18.31,34.14,21.19,25.90,,-2.88,-15.83,-7.59,,0,backfill
,2020-11-17,1885.10,17.54,33.89,21.13,25.69,,-3.59,-16.35,-8.15,,0,backfill
,2020-11-18,1873.90,17.67,11.43,21.03,13.51,,-3.36,6.24,4.16,,0,backfill
,2020-11-19,1861.50,17.96,9.66,21.09,12.98,,-3.13,8.30,4.98,,0,backfill
,2020-11-20,1872.40,17.72,9.12,20.57,12.37,,-2.85,8.60,5.35,,0,backfill
,2020-11-23,1837.80,18.98,13.89,21.19,14.78,,-2.21,5.09,4.20,,0,backfill
,2020-11-24,1804.60,20.09,14.74,21.21,16.13,,-1.12,5.35,3.96,,0,backfill
,2020-11-25,1805.50,19.75,14.67,21.07,14.95,,-1.32,5.08,4.80,,0,backfill
,2020-11-27,1781.90,19.09,14.70,21.31,17.33,,-2.22,4.39,1.76,,0,backfill
,2020-11-30,1775.70,19.69,14.92,21.31,17.45,,-1.62,4.77,2.24,,0,backfill
,2020-12-01,1814.10,19.61,23.03,22.36,18.79,,-2.75,-3.42,0.82,,0,backfill
,2020-12-02,1830.20,19.42,23.61,22.54,19.05,,-3.12,-4.19,0.37,,0,backfill
,2020-12-03,1841.10,19.61,21.38,22.50,17.20,,-2.89,-1.77,2.41,,0,backfill
,2020-12-04,1840.00,18.95,17.18,22.24,15.81,,-3.29,1.77,3.14,,0,backfill
,2020-12-07,1866.00,19.79,18.31,22.67,18.05,,-2.88,1.48,1.74,,0,backfill
,2020-12-08,1874.90,19.86,13.49,22.72,15.77,,-2.86,6.37,4.09,,0,backfill
,2020-12-09,1838.50,20.26,20.52,23.35,17.58,,-3.09,-0.26,2.68,,0,backfill
,2020-12-10,1837.40,19.66,17.08,22.85,16.16,,-3.19,2.58,3.50,,0,backfill
,2020-12-11,1843.60,19.24,16.44,22.83,16.13,,-3.59,2.80,3.11,,0,backfill
,2020-12-14,1832.10,19.43,16.54,22.79,16.41,,-3.36,2.89,3.02,,0,backfill
,2020-12-15,1855.30,19.75,18.37,23.03,17.00,,-3.28,1.38,2.75,,0,backfill
,2020-12-16,1859.10,19.39,16.12,22.84,14.79,,-3.45,3.27,4.60,,0,backfill
,2020-12-17,1890.40,20.10,19.08,23.31,16.03,,-3.21,1.02,4.07,,0,backfill
,2020-12-18,1888.90,19.58,12.77,21.92,13.33,,-2.34,6.81,6.25,,0,backfill
,2020-12-21,1882.80,19.80,13.25,21.90,16.14,,-2.10,6.55,3.66,,0,backfill
,2020-12-22,1870.30,19.50,14.58,16.12,16.16,,3.38,4.92,3.34,,0,backfill
,2020-12-23,1878.10,18.87,13.38,15.80,15.97,,3.07,5.49,2.90,,0,backfill
,2020-12-24,1883.20,18.99,11.80,15.63,15.04,,3.36,7.19,3.95,,0,backfill
,2020-12-28,1880.40,20.20,11.99,15.54,15.61,,4.66,8.21,4.59,,0,backfill
,2020-12-29,1882.90,19.53,5.86,15.41,14.31,,4.12,13.67,5.22,,0,backfill
,2020-12-30,1893.40,20.06,6.91,15.50,14.55,,4.56,13.15,5.51,,0,backfill
,2020-12-31,1895.10,20.79,6.44,15.49,10.87,,5.30,14.35,9.92,,0,backfill
,2021-01-04,1946.60,21.86,15.21,17.18,12.54,,4.68,6.65,9.32,,0,backfill
,2021-01-05,1954.40,22.14,15.22,17.03,12.24,,5.11,6.92,9.90,,0,backfill
,2021-01-06,1908.60,21.70,23.43,18.49,16.34,,3.21,-1.73,5.36,,0,backfill
,2021-01-07,1913.60,20.66,23.31,17.57,15.78,,3.09,-2.65,4.88,,0,backfill
,2021-01-08,1835.40,22.16,35.40,20.85,23.32,,1.31,-13.24,-1.16,,0,backfill
,2021-01-11,1850.80,20.65,35.74,20.97,24.26,,-0.32,-15.09,-3.61,,0,backfill
,2021-01-12,1844.20,20.01,35.62,20.60,24.69,,-0.59,-15.61,-4.68,,0,backfill
,2021-01-13,1854.90,18.80,29.77,20.59,23.74,,-1.79,-10.97,-4.94,,0,backfill
,2021-01-14,1851.40,19.21,29.06,19.72,24.26,,-0.51,-9.85,-5.05,,0,backfill
,2021-01-15,1829.90,19.04,27.11,19.88,22.57,,-0.84,-8.07,-3.53,,0,backfill
,2021-01-19,1840.20,18.87,27.57,19.87,23.84,,-1.00,-8.70,-4.97,,0,backfill
,2021-01-20,1866.50,18.95,13.73,20.29,18.11,,-1.34,5.22,0.84,,0,backfill
,2021-01-21,1865.90,18.85,13.12,19.88,16.75,,-1.03,5.73,2.10,,0,backfill
,2021-01-22,1856.20,18.42,13.40,19.88,17.19,,-1.46,5.02,1.23,,0,backfill
,2021-01-25,1855.20,18.51,12.97,19.03,17.17,,-0.52,5.54,1.34,,0,backfill
,2021-01-26,1850.90,17.88,13.00,19.04,16.28,,-1.16,4.88,1.60,,0,backfill
,2021-01-27,1844.90,18.47,10.59,19.04,15.49,,-0.57,7.88,2.98,,0,backfill
,2021-01-28,1837.90,19.38,10.43,18.99,14.18,,0.39,8.95,5.20,,0,backfill
,2021-01-29,1847.30,20.64,5.37,18.68,13.79,,1.96,15.27,6.85,,0,backfill
,2021-02-01,1863.90,21.81,8.29,18.86,14.19,,2.95,13.52,7.62,,0,backfill
,2021-02-02,1833.40,19.61,12.75,18.77,14.33,,0.84,6.86,5.28,,0,backfill
,2021-02-03,1835.10,18.45,12.84,18.78,14.07,,-0.33,5.61,4.38,,0,backfill
,2021-02-04,1791.20,19.30,18.75,19.95,17.16,,-0.65,0.55,2.14,,0,backfill
,2021-02-05,1813.00,18.70,21.32,20.28,17.22,,-1.58,-2.62,1.48,,0,backfill
,2021-02-08,1834.20,18.45,22.88,20.56,17.39,,-2.11,-4.43,1.06,,0,backfill
,2021-02-09,1837.50,18.35,22.64,20.55,16.25,,-2.20,-4.29,2.10,,0,backfill
,2021-02-10,1842.70,18.57,21.82,20.57,16.17,,-2.00,-3.25,2.40,,0,backfill
,2021-02-11,1826.80,18.31,20.01,20.69,15.51,,-2.38,-1.70,2.80,,0,backfill
,2021-02-12,1823.20,18.08,20.00,20.60,15.77,,-2.52,-1.92,2.31,,0,backfill
,2021-02-16,1799.00,19.57,15.16,20.88,14.34,,-1.31,4.41,5.23,,0,backfill
,2021-02-17,1772.80,20.49,15.16,19.36,14.54,,1.13,5.33,5.95,,0,backfill
,2021-02-18,1775.00,19.66,11.80,19.29,13.73,,0.37,7.86,5.93,,0,backfill
,2021-02-19,1777.40,19.26,11.70,18.31,14.71,,0.95,7.56,4.55,,0,backfill
,2021-02-22,1808.40,19.12,17.45,19.14,15.58,,-0.02,1.67,3.54,,0,backfill
,2021-02-23,1805.90,18.30,16.94,14.95,15.23,,3.35,1.36,3.07,,0,backfill
,2021-02-24,1797.90,18.31,17.02,14.75,15.88,,3.56,1.29,2.43,,0,backfill
,2021-02-25,1775.40,21.26,16.81,15.12,16.14,,6.14,4.45,5.12,,0,backfill
,2021-02-26,1728.80,21.08,21.49,16.64,19.50,,4.44,-0.41,1.58,,0,backfill
,2021-03-01,1723.00,21.33,21.23,16.64,20.73,,4.69,0.10,0.60,,0,backfill
,2021-03-02,1733.60,20.06,21.95,16.58,20.88,,3.48,-1.89,-0.82,,0,backfill
,2021-03-03,1715.80,20.93,16.50,16.60,21.43,,4.33,4.43,-0.50,,0,backfill
,2021-03-04,1700.70,21.61,15.94,15.94,22.22,,5.67,5.67,-0.61,,0,backfill
,2021-03-05,1698.50,20.21,16.39,15.93,21.89,,4.28,3.82,-1.68,,0,backfill
,2021-03-08,1678.00,20.64,16.34,16.13,21.86,,4.51,4.30,-1.22,,0,backfill
,2021-03-09,1716.90,19.54,19.45,17.83,20.23,,1.71,0.09,-0.69,,0,backfill
,2021-03-10,1721.80,18.55,19.49,17.90,18.89,,0.65,-0.94,-0.34,,0,backfill
,2021-03-11,1722.60,18.21,19.02,17.92,18.12,,0.29,-0.81,0.09,,0,backfill
,2021-03-12,1719.80,18.36,17.90,17.91,17.40,,0.45,0.46,0.96,,0,backfill
,2021-03-15,1729.20,17.86,16.84,17.93,16.11,,-0.07,1.02,1.75,,0,backfill
,2021-03-16,1730.90,17.93,16.69,17.64,15.73,,0.29,1.24,2.20,,0,backfill
,2021-03-17,1727.10,17.24,13.79,17.13,14.66,,0.11,3.45,2.58,,0,backfill
,2021-03-18,1732.50,17.79,4.33,17.18,14.01,,0.61,13.46,3.78,,0,backfill
,2021-03-19,1741.70,16.57,4.91,15.93,13.95,,0.64,11.66,2.62,,0,backfill
,2021-03-22,1738.10,16.47,5.37,15.45,13.91,,1.02,11.10,2.56,,0,backfill
,2021-03-23,1725.10,16.69,7.46,15.04,12.88,,1.65,9.23,3.81,,0,backfill
,2021-03-24,1733.20,15.70,7.26,15.12,12.95,,0.58,8.44,2.75,,0,backfill
,2021-03-25,1725.10,15.58,7.82,15.07,13.50,,0.51,7.76,2.08,,0,backfill
,2021-03-26,1732.30,15.48,8.16,15.05,12.62,,0.43,7.32,2.86,,0,backfill
,2021-03-29,1712.20,17.23,10.58,15.32,11.67,,1.91,6.65,5.56,,0,backfill
,2021-03-30,1683.90,18.30,12.52,15.56,13.40,,2.74,5.78,4.90,,0,backfill
,2021-03-31,1713.80,17.07,18.48,16.12,14.97,,0.95,-1.41,2.10,,0,backfill
,2021-04-01,1728.40,16.74,18.97,16.35,15.39,,0.39,-2.23,1.35,,0,backfill
,2021-04-05,1728.80,17.08,18.72,16.34,15.28,,0.74,-1.64,1.80,,0,backfill
,2021-04-06,1743.00,16.76,19.06,15.65,14.91,,1.11,-2.30,1.85,,0,backfill
,2021-04-07,1741.60,16.11,19.00,15.65,14.79,,0.46,-2.89,1.32,,0,backfill
,2021-04-08,1758.20,15.72,17.35,15.92,14.47,,-0.20,-1.63,1.25,,0,backfill
,2021-04-09,1744.80,15.30,13.24,15.66,13.51,,-0.36,2.06,1.79,,0,backfill
,2021-04-12,1732.70,14.88,11.58,13.75,11.64,,1.13,3.30,3.24,,0,backfill
,2021-04-13,1747.60,14.26,11.60,13.92,11.69,,0.34,2.66,2.57,,0,backfill
,2021-04-14,1736.30,14.69,12.59,13.95,12.00,,0.74,2.10,2.69,,0,backfill
,2021-04-15,1766.80,15.36,15.74,14.47,13.59,,0.89,-0.38,1.77,,0,backfill
,2021-04-16,1780.20,15.32,15.93,14.28,14.16,,1.04,-0.61,1.16,,0,backfill
,2021-04-19,1770.60,16.01,15.94,14.40,13.98,,1.61,0.07,2.03,,0,backfill
,2021-04-20,1778.40,15.59,14.79,13.84,13.26,,1.75,0.80,2.33,,0,backfill
,2021-04-21,1793.10,16.41,13.35,12.49,13.39,,3.92,3.06,3.02,,0,backfill
,2021-04-22,1782.00,16.05,14.53,12.68,12.94,,3.37,1.52,3.11,,0,backfill
,2021-04-23,1777.80,15.74,13.61,12.72,13.50,,3.02,2.13,2.24,,0,backfill
,2021-04-26,1780.10,15.51,9.42,12.69,11.66,,2.82,6.09,3.85,,0,backfill
,2021-04-27,1778.80,14.77,8.26,12.64,10.83,,2.13,6.51,3.94,,0,backfill
,2021-04-28,1773.90,14.79,7.68,12.68,10.59,,2.11,7.11,4.20,,0,backfill
,2021-04-29,1768.30,14.54,7.31,12.70,12.30,,1.84,7.23,2.24,,0,backfill
,2021-04-30,1767.70,14.58,3.83,12.69,11.66,,1.89,10.75,2.92,,0,backfill
,2021-05-03,1791.80,15.65,9.27,13.17,12.78,,2.48,6.38,2.87,,0,backfill
,2021-05-04,1776.00,15.91,10.88,13.45,13.10,,2.46,5.03,2.81,,0,backfill
,2021-05-05,1784.30,15.70,11.24,13.26,13.30,,2.44,4.46,2.40,,0,backfill
,2021-05-06,1815.70,16.57,15.13,14.05,15.01,,2.52,1.44,1.56,,0,backfill
,2021-05-07,1831.30,16.46,14.87,14.06,15.65,,2.40,1.59,0.81,,0,backfill
,2021-05-10,1837.60,17.19,13.93,14.05,14.25,,3.14,3.26,2.94,,0,backfill
,2021-05-11,1836.10,17.17,14.01,13.48,14.92,,3.69,3.16,2.25,,0,backfill
,2021-05-12,1822.80,17.56,14.51,12.57,14.71,,4.99,3.05,2.85,,0,backfill
,2021-05-13,1824.00,17.10,12.35,11.75,13.99,,5.35,4.75,3.11,,0,backfill
,2021-05-14,1838.10,16.75,12.57,11.72,14.55,,5.03,4.18,2.20,,0,backfill
,2021-05-17,1867.60,17.62,11.92,12.37,13.69,,5.25,5.70,3.93,,0,backfill
,2021-05-18,1868.00,17.00,11.64,12.27,12.46,,4.73,5.36,4.54,,0,backfill
,2021-05-19,1881.50,17.79,11.93,12.32,14.23,,5.47,5.86,3.56,,0,backfill
,2021-05-20,1881.90,17.29,11.80,12.16,13.97,,5.13,5.49,3.32,,0,backfill
,2021-05-21,1876.70,16.47,10.28,11.89,13.07,,4.58,6.19,3.40,,0,backfill
,2021-05-24,1884.50,16.91,9.99,11.56,12.63,,5.35,6.92,4.28,,0,backfill
,2021-05-25,1898.00,17.09,9.92,11.50,12.55,,5.59,7.17,4.54,,0,backfill
,2021-05-26,1901.20,16.81,5.98,11.17,12.08,,5.64,10.83,4.73,,0,backfill
,2021-05-27,1895.70,16.15,6.73,10.43,12.21,,5.72,9.42,3.94,,0,backfill
,2021-05-28,1902.50,16.08,5.88,10.32,10.60,,5.76,10.20,5.48,,0,backfill
,2021-06-01,1905.00,16.09,5.81,10.07,10.85,,6.02,10.28,5.24,,0,backfill
,2021-06-02,1909.90,15.65,4.88,10.05,10.56,,5.60,10.77,5.09,,0,backfill
,2021-06-03,1873.30,15.95,13.79,11.70,13.48,,4.25,2.16,2.47,,0,backfill
,2021-06-04,1892.00,15.83,14.55,11.71,14.92,,4.12,1.28,0.91,,0,backfill
,2021-06-07,1898.80,15.57,14.71,11.65,14.75,,3.92,0.86,0.82,,0,backfill
,2021-06-08,1894.40,15.59,14.67,11.72,15.00,,3.87,0.92,0.59,,0,backfill
,2021-06-09,1895.50,15.43,14.46,11.70,14.51,,3.73,0.97,0.92,,0,backfill
,2021-06-10,1896.40,15.50,14.43,11.62,14.97,,3.88,1.07,0.53,,0,backfill
,2021-06-11,1879.60,15.21,14.98,11.96,15.77,,3.25,0.23,-0.56,,0,backfill
,2021-06-14,1865.90,16.13,10.20,12.25,14.70,,3.88,5.93,1.43,,0,backfill
,2021-06-15,1856.40,16.26,7.28,11.88,12.60,,4.38,8.98,3.66,,0,backfill
,2021-06-16,1861.40,16.30,6.96,11.50,17.08,,4.80,9.34,-0.78,,0,backfill
,2021-06-17,1774.80,17.66,27.71,18.27,20.33,,-0.61,-10.05,-2.67,,0,backfill
,2021-06-18,1769.00,17.90,27.23,17.51,21.51,,0.39,-9.33,-3.61,,0,backfill
,2021-06-21,1782.90,16.91,28.72,17.48,21.18,,-0.57,-11.81,-4.27,,0,backfill
,2021-06-22,1777.40,16.66,28.92,17.44,20.75,,-0.78,-12.26,-4.09,,0,backfill
,2021-06-23,1783.40,16.20,29.72,17.49,20.19,,-1.29,-13.52,-3.99,,0,backfill
,2021-06-24,1776.70,15.70,29.76,17.40,20.15,,-1.70,-14.06,-4.45,,0,backfill
,2021-06-25,1777.80,15.29,29.52,17.40,16.50,,-2.11,-14.23,-1.21,,0,backfill
,2021-06-28,1780.70,15.36,6.75,17.23,12.03,,-1.87,8.61,3.33,,0,backfill
,2021-06-29,1763.60,16.19,8.96,16.63,11.17,,-0.44,7.23,5.02,,0,backfill
,2021-06-30,1771.60,15.97,7.83,16.72,11.08,,-0.75,8.14,4.89,,0,backfill
,2021-07-01,1776.80,15.80,7.96,16.57,10.99,,-0.77,7.84,4.81,,0,backfill
,2021-07-02,1783.30,15.28,8.01,16.64,10.90,,-1.36,7.27,4.38,,0,backfill
,2021-07-06,1794.20,15.45,8.25,16.79,12.13,,-1.34,7.20,3.32,,0,backfill
,2021-07-07,1802.10,15.21,8.41,16.80,12.04,,-1.59,6.80,3.17,,0,backfill
,2021-07-08,1800.20,15.82,8.60,16.60,12.72,,-0.78,7.22,3.10,,0,backfill
,2021-07-09,1810.60,15.27,3.80,16.71,11.71,,-1.44,11.47,3.56,,0,backfill
,2021-07-12,1805.90,15.04,5.30,16.71,11.57,,-1.67,9.74,3.47,,0,backfill
,2021-07-13,1809.90,14.84,5.31,16.68,11.67,,-1.84,9.53,3.17,,0,backfill
,2021-07-14,1825.00,14.79,6.32,16.91,12.01,,-2.12,8.47,2.78,,0,backfill
,2021-07-15,1829.00,15.01,6.02,16.90,10.67,,-1.89,8.99,4.34,,0,backfill
,2021-07-16,1815.00,14.60,8.49,16.15,11.16,,-1.55,6.11,3.44,,0,backfill
,2021-07-19,1809.20,15.96,8.80,15.82,10.89,,0.14,7.16,5.07,,0,backfill
,2021-07-20,1811.40,15.01,8.10,15.77,11.17,,-0.76,6.91,3.84,,0,backfill
,2021-07-21,1803.40,15.01,8.42,15.79,11.18,,-0.78,6.59,3.83,,0,backfill
,2021-07-22,1805.40,14.51,8.31,15.79,11.00,,-1.28,6.20,3.51,,0,backfill
,2021-07-23,1801.80,14.53,5.69,15.78,10.62,,-1.25,8.84,3.91,,0,backfill
,2021-07-26,1799.20,15.20,4.98,15.63,10.72,,-0.43,10.22,4.48,,0,backfill
,2021-07-27,1799.80,15.51,3.47,15.54,10.01,,-0.03,12.04,5.50,,0,backfill
,2021-07-28,1799.70,15.61,3.21,15.50,9.62,,0.11,12.40,5.99,,0,backfill
,2021-07-29,1831.20,15.21,11.43,16.36,10.16,,-1.15,3.78,5.05,,0,backfill
,2021-07-30,1812.60,15.09,13.11,8.89,10.27,,6.20,1.98,4.82,,0,backfill
,2021-08-02,1822.20,15.23,13.39,8.91,10.17,,6.32,1.84,5.06,,0,backfill
,2021-08-03,1814.10,15.09,13.73,8.80,9.36,,6.29,1.36,5.73,,0,backfill
,2021-08-04,1814.50,14.88,13.64,8.73,10.36,,6.15,1.24,4.52,,0,backfill
,2021-08-05,1808.90,14.84,13.88,8.76,10.68,,6.08,0.96,4.16,,0,backfill
,2021-08-06,1763.10,15.90,21.10,11.53,13.88,,4.37,-5.20,2.02,,0,backfill
,2021-08-09,1726.50,17.26,17.91,13.00,22.43,,4.26,-0.65,-5.17,,0,backfill
,2021-08-10,1731.70,16.93,19.07,13.03,22.44,,3.90,-2.14,-5.51,,0,backfill
,2021-08-11,1753.30,15.83,21.27,13.31,23.22,,2.52,-5.44,-7.39,,0,backfill
,2021-08-12,1751.80,15.67,21.46,13.23,23.41,,2.44,-5.79,-7.74,,0,backfill
,2021-08-13,1778.20,15.15,24.56,13.94,23.52,,1.21,-9.41,-8.37,,0,backfill
,2021-08-16,1789.80,15.62,25.19,14.02,23.56,,1.60,-9.57,-7.94,,0,backfill
,2021-08-17,1787.80,16.10,18.82,13.91,21.74,,2.19,-2.72,-5.64,,0,backfill
,2021-08-18,1784.40,15.80,10.82,13.85,12.11,,1.95,4.98,3.69,,0,backfill
,2021-08-19,1783.10,15.91,11.29,13.85,12.03,,2.06,4.62,3.88,,0,backfill
,2021-08-20,1784.00,15.34,9.81,13.74,10.27,,1.60,5.53,5.07,,0,backfill
,2021-08-23,1806.30,15.84,11.07,14.22,11.50,,1.62,4.77,4.34,,0,backfill
,2021-08-24,1808.50,15.45,8.27,14.21,10.06,,1.24,7.18,5.39,,0,backfill
,2021-08-25,1791.00,15.90,10.37,14.25,10.21,,1.65,5.53,5.69,,0,backfill
,2021-08-26,1795.20,16.44,10.41,14.25,10.45,,2.19,6.03,5.99,,0,backfill
,2021-08-27,1819.50,15.27,12.69,14.65,12.31,,0.62,2.58,2.96,,0,backfill
,2021-08-30,1812.20,15.52,13.21,14.67,12.05,,0.85,2.31,3.47,,0,backfill
,2021-08-31,1818.10,15.47,13.16,14.70,12.40,,0.77,2.31,3.07,,0,backfill
,2021-09-01,1816.00,15.12,11.34,14.64,10.98,,0.48,3.78,4.14,,0,backfill
,2021-09-02,1811.50,14.76,11.50,14.66,11.12,,0.10,3.26,3.64,,0,backfill
,2021-09-03,1833.70,14.95,11.03,15.05,11.48,,-0.10,3.92,3.47,,0,backfill
,2021-09-07,1798.50,15.36,17.61,16.12,13.40,,-0.76,-2.25,1.96,,0,backfill
,2021-09-08,1793.50,15.14,15.01,16.14,12.00,,-1.00,0.13,3.14,,0,backfill
,2021-09-09,1800.00,15.10,15.29,16.18,12.12,,-1.08,-0.19,2.98,,0,backfill
,2021-09-10,1792.10,15.15,15.09,15.36,12.08,,-0.21,0.06,3.07,,0,backfill
,2021-09-13,1794.40,15.09,15.22,15.10,12.26,,-0.01,-0.13,2.83,,0,backfill
,2021-09-14,1807.10,15.02,16.07,15.16,13.41,,-0.14,-1.05,1.61,,0,backfill
,2021-09-15,1794.80,15.14,13.72,15.24,12.84,,-0.10,1.42,2.30,,0,backfill
,2021-09-16,1756.70,15.92,14.77,16.42,14.60,,-0.50,1.15,1.32,,0,backfill
,2021-09-17,1751.40,15.92,14.77,16.41,14.59,,-0.49,1.15,1.33,,0,backfill
,2021-09-20,1763.80,16.85,15.58,14.82,15.10,,2.03,1.27,1.75,,0,backfill
,2021-09-21,1778.20,16.46,16.83,13.59,15.50,,2.87,-0.37,0.96,,0,backfill
,2021-09-22,1778.80,16.41,16.79,13.57,15.92,,2.84,-0.38,0.49,,0,backfill
,2021-09-23,1749.80,16.82,17.80,14.02,16.83,,2.80,-0.98,-0.01,,0,backfill
,2021-09-24,1751.70,16.44,18.01,14.02,16.89,,2.42,-1.57,-0.45,,0,backfill
,2021-09-27,1752.00,16.20,12.89,13.28,13.61,,2.92,3.31,2.59,,0,backfill
,2021-09-28,1737.50,16.78,13.71,13.30,14.05,,3.48,3.07,2.73,,0,backfill
,2021-09-29,1722.90,17.39,12.95,13.47,13.98,,3.92,4.44,3.41,,0,backfill
,2021-09-30,1757.00,17.16,18.05,14.76,15.82,,2.40,-0.89,1.34,,0,backfill
,2021-10-01,1758.40,16.33,18.07,14.77,15.39,,1.56,-1.74,0.94,,0,backfill
,2021-10-04,1767.60,16.77,15.04,14.85,13.95,,1.92,1.73,2.82,,0,backfill
,2021-10-05,1760.90,16.56,15.37,14.38,14.23,,2.18,1.19,2.33,,0,backfill
,2021-10-06,1761.80,16.58,15.37,14.38,14.46,,2.20,1.21,2.12,,0,backfill
,2021-10-07,1759.20,16.29,14.17,14.13,13.76,,2.16,2.12,2.53,,0,backfill
,2021-10-08,1757.40,15.67,12.53,14.10,14.04,,1.57,3.14,1.63,,0,backfill
,2021-10-11,1755.70,15.56,4.43,13.45,11.07,,2.11,11.13,4.49,,0,backfill
,2021-10-12,1759.30,15.10,4.59,13.45,11.34,,1.65,10.51,3.76,,0,backfill
,2021-10-13,1794.70,15.51,12.75,14.72,13.00,,0.79,2.76,2.51,,0,backfill
,2021-10-14,1797.90,15.34,12.07,14.73,12.49,,0.61,3.27,2.85,,0,backfill
,2021-10-15,1768.30,15.06,16.93,15.46,13.49,,-0.40,-1.87,1.57,,0,backfill
,2021-10-18,1765.70,15.53,16.93,14.96,13.33,,0.57,-1.40,2.20,,0,backfill
,2021-10-19,1770.50,15.32,16.93,13.97,12.82,,1.35,-1.61,2.50,,0,backfill
,2021-10-20,1784.90,15.27,17.34,14.18,13.41,,1.09,-2.07,1.86,,0,backfill
,2021-10-21,1781.90,15.15,17.51,14.14,13.09,,1.01,-2.36,2.06,,0,backfill
,2021-10-22,1796.30,15.74,13.30,14.29,12.19,,1.45,2.44,3.55,,0,backfill
,2021-10-25,1806.80,16.73,13.73,14.38,12.41,,2.35,3.00,4.32,,0,backfill
,2021-10-26,1793.40,15.96,9.25,14.40,11.81,,1.56,6.71,4.15,,0,backfill
,2021-10-27,1798.80,16.08,8.93,14.29,12.02,,1.79,7.15,4.06,,0,backfill
,2021-10-28,1802.60,15.80,8.93,12.75,11.78,,3.05,6.87,4.02,,0,backfill
,2021-10-29,1783.90,16.07,10.83,13.12,12.48,,2.95,5.24,3.59,,0,backfill
,2021-11-01,1795.80,16.31,11.45,13.10,12.67,,3.21,4.86,3.64,,0,backfill
,2021-11-02,1789.40,16.47,10.58,12.96,11.11,,3.51,5.89,5.36,,0,backfill
,2021-11-03,1763.90,16.28,12.26,13.63,12.21,,2.65,4.02,4.07,,0,backfill
,2021-11-04,1793.50,15.87,16.68,13.59,12.62,,2.28,-0.81,3.25,,0,backfill
,2021-11-05,1816.80,16.64,18.39,14.04,14.01,,2.60,-1.75,2.63,,0,backfill
,2021-11-08,1828.00,16.66,18.62,14.10,13.76,,2.56,-1.96,2.90,,0,backfill
,2021-11-09,1830.80,16.76,16.53,13.80,12.60,,2.96,0.23,4.16,,0,backfill
,2021-11-10,1848.30,16.80,16.83,13.63,15.26,,3.17,-0.03,1.54,,0,backfill
,2021-11-11,1863.90,16.95,16.05,12.76,15.80,,4.19,0.90,1.15,,0,backfill
,2021-11-12,1868.50,16.85,8.62,12.75,15.23,,4.10,8.23,1.62,,0,backfill
,2021-11-15,1866.60,17.00,7.86,12.74,14.16,,4.26,9.14,2.84,,0,backfill
,2021-11-16,1854.10,16.67,9.04,12.88,13.51,,3.79,7.63,3.16,,0,backfill
,2021-11-17,1870.20,16.69,9.53,13.03,13.73,,3.66,7.16,2.96,,0,backfill
,2021-11-18,1861.40,16.25,10.67,13.14,13.84,,3.11,5.58,2.41,,0,backfill
,2021-11-19,1851.60,15.99,10.19,13.28,11.26,,2.71,5.80,4.73,,0,backfill
,2021-11-22,1806.30,16.59,16.52,15.33,13.98,,1.26,0.07,2.61,,0,backfill
,2021-11-23,1783.80,16.81,16.32,15.82,14.57,,0.99,0.49,2.24,,0,backfill
,2021-11-24,1784.30,16.75,16.53,14.70,14.79,,2.05,0.22,1.96,,0,backfill
,2021-11-26,1785.50,17.99,17.06,14.69,15.67,,3.30,0.93,2.32,,0,backfill
,2021-11-29,1782.30,17.55,14.40,13.86,15.72,,3.69,3.15,1.83,,0,backfill
,2021-11-30,1773.60,17.99,14.39,13.94,17.31,,4.05,3.60,0.68,,0,backfill
,2021-12-01,1784.30,18.39,16.38,14.02,17.26,,4.37,2.01,1.13,,0,backfill
,2021-12-02,1762.70,18.45,10.92,14.27,15.17,,4.18,7.53,3.28,,0,backfill
,2021-12-03,1783.90,17.92,12.21,14.70,14.56,,3.22,5.71,3.36,,0,backfill
,2021-12-06,1779.50,17.44,12.30,14.52,14.28,,2.92,5.14,3.16,,0,backfill
,2021-12-07,1784.70,17.02,12.45,14.43,12.59,,2.59,4.57,4.43,,0,backfill
,2021-12-08,1785.50,16.48,12.39,14.28,12.28,,2.20,4.09,4.20,,0,backfill
,2021-12-09,1776.70,16.70,12.40,14.31,9.86,,2.39,4.30,6.84,,0,backfill
,2021-12-10,1784.80,15.35,12.14,14.37,9.74,,0.98,3.21,5.61,,0,backfill
,2021-12-13,1788.30,15.97,8.62,14.06,8.81,,1.91,7.35,7.16,,0,backfill
,2021-12-14,1772.30,16.41,7.63,14.15,8.98,,2.26,8.78,7.43,,0,backfill
,2021-12-15,1764.50,15.54,7.87,14.17,10.37,,1.37,7.67,5.17,,0,backfill
,2021-12-16,1798.20,15.22,14.48,14.61,11.01,,0.61,0.74,4.21,,0,backfill
,2021-12-17,1804.90,15.07,14.55,13.84,11.30,,1.23,0.52,3.77,,0,backfill
,2021-12-20,1794.60,15.77,14.71,13.40,11.32,,2.37,1.06,4.45,,0,backfill
,2021-12-21,1788.70,15.42,14.76,13.28,11.05,,2.14,0.66,4.37,,0,backfill
,2021-12-22,1802.20,14.94,15.38,13.48,11.59,,1.46,-0.44,3.35,,0,backfill
,2021-12-23,1811.70,14.62,13.75,13.26,10.87,,1.36,0.87,3.75,,0,backfill
,2021-12-27,1808.80,15.44,13.19,12.98,9.46,,2.46,2.25,5.98,,0,backfill
,2021-12-28,1810.90,15.06,7.63,12.96,8.63,,2.10,7.43,6.43,,0,backfill
,2021-12-29,1805.80,15.13,7.66,12.97,8.61,,2.16,7.47,6.52,,0,backfill
,2021-12-30,1814.10,14.77,6.83,12.95,9.13,,1.82,7.94,5.64,,0,backfill
,2021-12-31,1828.60,14.61,6.83,12.91,9.06,,1.70,7.78,5.55,,0,backfill
,2022-01-03,1800.10,15.34,12.47,13.58,10.62,,1.76,2.87,4.72,,0,backfill
,2022-01-04,1814.60,15.33,13.07,13.77,10.98,,1.56,2.26,4.35,,0,backfill
,2022-01-05,1825.10,16.21,13.39,11.84,11.65,,4.37,2.82,4.56,,0,backfill
,2022-01-06,1789.20,15.87,18.45,12.69,12.37,,3.18,-2.58,3.50,,0,backfill
,2022-01-07,1797.40,15.04,18.80,12.76,12.27,,2.28,-3.76,2.77,,0,backfill
,2022-01-10,1798.80,15.56,18.49,12.76,11.75,,2.80,-2.93,3.81,,0,backfill
,2022-01-11,1818.50,15.21,19.17,13.11,12.23,,2.10,-3.96,2.98,,0,backfill
,2022-01-12,1827.30,15.32,16.18,13.05,10.46,,2.27,-0.86,4.86,,0,backfill
,2022-01-13,1821.40,15.17,15.87,13.02,10.27,,2.15,-0.70,4.90,,0,backfill
,2022-01-14,1816.50,14.73,15.51,12.48,9.73,,2.25,-0.78,5.00,,0,backfill
,2022-01-18,1812.40,15.09,8.26,12.07,8.95,,3.02,6.83,6.14,,0,backfill
,2022-01-19,1843.20,15.64,12.28,12.92,10.76,,2.72,3.36,4.88,,0,backfill
,2022-01-20,1842.60,15.09,12.40,12.92,10.72,,2.17,2.69,4.37,,0,backfill
,2022-01-21,1831.80,15.20,12.25,13.07,10.12,,2.13,2.95,5.08,,0,backfill
,2022-01-24,1841.70,16.30,12.33,13.02,10.21,,3.28,3.97,6.09,,0,backfill
,2022-01-25,1852.50,16.47,12.18,13.05,10.42,,3.42,4.29,6.05,,0,backfill
,2022-01-26,1829.70,16.42,14.96,13.63,12.25,,2.79,1.46,4.17,,0,backfill
,2022-01-27,1793.10,17.15,19.73,14.68,13.22,,2.47,-2.58,3.93,,0,backfill
,2022-01-28,1784.90,17.12,14.96,14.68,11.95,,2.44,2.16,5.17,,0,backfill
,2022-01-31,1795.00,16.70,16.06,13.70,12.02,,3.00,0.64,4.68,,0,backfill
,2022-02-01,1801.50,16.50,16.54,13.70,11.94,,2.80,-0.04,4.56,,0,backfill
,2022-02-02,1810.30,15.66,16.44,13.66,12.06,,2.00,-0.78,3.60,,0,backfill
,2022-02-03,1804.10,16.01,15.38,13.66,12.17,,2.35,0.63,3.84,,0,backfill
,2022-02-04,1807.80,15.53,14.39,13.50,10.96,,2.03,1.14,4.57,,0,backfill
,2022-02-07,1821.80,16.15,7.36,13.60,9.69,,2.55,8.79,6.46,,0,backfill
,2022-02-08,1827.90,15.86,5.59,13.62,9.26,,2.24,10.27,6.60,,0,backfill
,2022-02-09,1836.60,15.63,5.46,13.68,9.15,,1.95,10.17,6.48,,0,backfill
,2022-02-10,1837.40,15.92,5.71,13.64,9.71,,2.28,10.21,6.21,,0,backfill
,2022-02-11,1842.10,17.81,5.52,13.60,12.81,,4.21,12.29,5.00,,0,backfill
,2022-02-14,1869.40,18.95,7.67,14.06,13.00,,4.89,11.28,5.95,,0,backfill
,2022-02-15,1856.20,17.70,10.59,13.39,13.99,,4.31,7.11,3.71,,0,backfill
,2022-02-16,1871.50,18.07,10.67,13.40,14.27,,4.67,7.40,3.80,,0,backfill
,2022-02-17,1902.00,19.79,12.95,14.04,15.46,,5.75,6.84,4.33,,0,backfill
,2022-02-18,1899.80,18.54,13.59,12.55,15.62,,5.99,4.95,2.92,,0,backfill
,2022-02-22,1907.40,17.93,13.27,12.54,15.99,,5.39,4.66,1.94,,0,backfill
,2022-02-23,1910.40,17.69,13.37,12.53,13.81,,5.16,4.32,3.88,,0,backfill
,2022-02-24,1926.30,18.12,11.93,12.40,22.43,,5.72,6.19,-4.31,,0,backfill
,2022-02-25,1887.60,18.40,18.20,13.93,22.65,,4.47,0.20,-4.25,,0,backfill
,2022-02-28,1900.70,20.97,18.04,13.97,23.65,,7.00,2.93,-2.68,,0,backfill
,2022-03-01,1943.80,22.70,20.32,15.17,24.54,,7.53,2.38,-1.84,,0,backfill
,2022-03-02,1922.30,21.85,22.01,15.61,25.21,,6.24,-0.16,-3.36,,0,backfill
,2022-03-03,1935.90,22.94,22.22,15.04,24.94,,7.90,0.72,-2.00,,0,backfill
,2022-03-04,1966.60,26.29,23.65,15.57,25.87,,10.72,2.64,0.42,,0,backfill
,2022-03-07,1995.90,29.67,24.44,15.80,19.90,,13.87,5.23,9.77,,0,backfill
,2022-03-08,2043.30,31.70,18.82,16.88,24.68,,14.82,12.88,7.02,,0,backfill
,2022-03-09,1988.20,28.01,30.06,19.07,28.03,,8.94,-2.05,-0.02,,0,backfill
,2022-03-10,2000.40,26.08,27.93,18.57,27.43,,7.51,-1.85,-1.35,,0,backfill
,2022-03-11,1985.00,24.73,27.22,17.54,27.77,,7.19,-2.49,-3.04,,0,backfill
,2022-03-14,1960.80,24.08,28.90,17.98,28.57,,6.10,-4.82,-4.49,,0,backfill
,2022-03-15,1929.70,23.80,28.76,18.80,28.89,,5.00,-4.96,-5.09,,0,backfill
,2022-03-16,1909.20,22.51,26.19,19.17,28.57,,3.34,-3.68,-6.06,,0,backfill
,2022-03-17,1943.20,22.23,23.51,19.69,23.87,,2.54,-1.28,-1.64,,0,backfill
,2022-03-18,1929.30,22.00,18.91,19.82,18.83,,2.18,3.09,3.17,,0,backfill
,2022-03-21,1929.50,21.89,17.83,19.83,17.98,,2.06,4.06,3.91,,0,backfill
,2022-03-22,1921.50,20.58,17.74,19.84,17.09,,0.74,2.84,3.49,,0,backfill
,2022-03-23,1937.30,23.41,18.29,19.92,16.41,,3.49,5.12,7.00,,0,backfill
,2022-03-24,1962.20,24.07,16.96,20.15,14.72,,3.92,7.11,9.35,,0,backfill
,2022-03-25,1954.20,24.68,15.19,20.23,13.81,,4.45,9.49,10.87,,0,backfill
,2022-03-28,1939.80,23.20,12.46,20.41,15.26,,2.79,10.74,7.94,,0,backfill
,2022-03-29,1912.20,21.28,14.68,20.54,16.29,,0.74,6.60,4.99,,0,backfill
,2022-03-30,1933.50,21.08,16.48,20.61,16.18,,0.47,4.60,4.90,,0,backfill
,2022-03-31,1949.20,20.25,16.72,20.61,16.25,,-0.36,3.53,4.00,,0,backfill
,2022-04-01,1923.70,19.08,18.26,20.53,15.62,,-1.45,0.82,3.46,,0,backfill
,2022-04-04,1934.00,19.22,16.35,20.57,15.26,,-1.35,2.87,3.96,,0,backfill
,2022-04-05,1927.50,18.47,16.32,20.58,15.59,,-2.11,2.15,2.88,,0,backfill
,2022-04-06,1923.10,18.88,15.89,20.59,13.84,,-1.71,2.99,5.04,,0,backfill
,2022-04-07,1937.80,18.43,13.58,20.57,11.97,,-2.14,4.85,6.46,,0,backfill
,2022-04-08,1945.60,18.37,12.17,19.65,11.91,,-1.28,6.20,6.46,,0,backfill
,2022-04-11,1948.20,19.25,11.12,19.57,11.96,,-0.32,8.13,7.29,,0,backfill
,2022-04-12,1976.10,19.37,9.61,18.92,12.41,,0.45,9.76,6.96,,0,backfill
,2022-04-13,1984.70,18.70,9.57,18.62,12.15,,0.08,9.13,6.55,,0,backfill
,2022-04-14,1974.90,17.71,10.09,18.61,11.64,,-0.90,7.62,6.07,,0,backfill
,2022-04-18,1986.40,19.07,9.29,18.12,12.10,,0.95,9.78,6.97,,0,backfill
,2022-04-19,1959.00,18.19,14.10,18.04,13.69,,0.15,4.09,4.50,,0,backfill
,2022-04-20,1955.60,18.15,14.10,16.53,13.58,,1.62,4.05,4.57,,0,backfill
,2022-04-21,1948.20,18.22,14.34,14.63,12.93,,3.59,3.88,5.29,,0,backfill
,2022-04-22,1934.30,18.97,10.72,14.60,12.97,,4.37,8.25,6.00,,0,backfill
,2022-04-25,1896.00,19.47,13.30,15.49,14.94,,3.98,6.17,4.53,,0,backfill
,2022-04-26,1904.10,19.23,14.82,15.23,14.73,,4.00,4.41,4.50,,0,backfill
,2022-04-27,1888.70,19.16,12.67,14.72,14.68,,4.44,6.49,4.48,,0,backfill
,2022-04-28,1891.30,19.00,12.60,14.42,13.76,,4.58,6.40,5.24,,0,backfill
,2022-04-29,1911.70,19.83,15.78,13.80,14.26,,6.03,4.05,5.57,,0,backfill
,2022-05-02,1863.60,20.06,20.70,15.48,16.38,,4.58,-0.64,3.68,,0,backfill
,2022-05-03,1870.60,19.71,21.54,15.54,16.38,,4.17,-1.83,3.33,,0,backfill
,2022-05-04,1868.80,18.81,18.73,15.51,15.36,,3.30,0.08,3.45,,0,backfill
,2022-05-05,1875.70,19.36,18.66,15.34,16.74,,4.02,0.70,2.62,,0,backfill
,2022-05-06,1882.80,18.71,18.42,14.85,16.91,,3.86,0.29,1.80,,0,backfill
,2022-05-09,1858.60,20.49,19.78,15.20,17.43,,5.29,0.71,3.06,,0,backfill
,2022-05-10,1841.00,20.02,17.72,15.29,17.64,,4.73,2.30,2.38,,0,backfill
,2022-05-11,1853.70,20.26,12.02,15.00,16.06,,5.26,8.24,4.20,,0,backfill
,2022-05-12,1824.60,21.51,14.43,15.14,16.87,,6.37,7.08,4.64,,0,backfill
,2022-05-13,1808.20,21.20,14.63,14.97,16.91,,6.23,6.57,4.29,,0,backfill
,2022-05-16,1814.00,21.16,14.52,14.70,17.30,,6.46,6.64,3.86,,0,backfill
,2022-05-17,1818.90,20.05,14.26,14.61,17.04,,5.44,5.79,3.01,,0,backfill
,2022-05-18,1815.90,19.69,13.17,14.60,16.08,,5.09,6.52,3.61,,0,backfill
,2022-05-19,1841.20,20.25,15.75,15.30,16.90,,4.95,4.50,3.35,,0,backfill
,2022-05-20,1842.10,19.31,15.03,15.08,16.39,,4.23,4.28,2.92,,0,backfill
,2022-05-23,1847.80,19.63,10.85,15.05,15.09,,4.58,8.78,4.54,,0,backfill
,2022-05-24,1865.40,19.13,8.52,15.37,14.45,,3.76,10.61,4.68,,0,backfill
,2022-05-25,1846.30,18.27,12.34,14.83,13.09,,3.44,5.93,5.18,,0,backfill
,2022-05-26,1847.60,17.81,12.39,14.73,12.63,,3.08,5.42,5.18,,0,backfill
,2022-05-27,1851.30,17.50,12.09,14.76,12.46,,2.74,5.41,5.04,,0,backfill
,2022-05-31,1842.70,17.19,9.86,14.58,11.24,,2.61,7.33,5.95,,0,backfill
,2022-06-01,1848.70,16.94,10.05,14.26,11.62,,2.68,6.89,5.32,,0,backfill
,2022-06-02,1871.40,17.13,12.27,14.84,12.14,,2.29,4.86,4.99,,0,backfill
,2022-06-03,1850.20,16.51,13.15,15.10,12.70,,1.41,3.36,3.81,,0,backfill
,2022-06-06,1843.70,16.81,11.73,15.03,12.01,,1.78,5.08,4.80,,0,backfill
,2022-06-07,1852.10,16.64,12.08,14.07,12.19,,2.57,4.56,4.45,,0,backfill
,2022-06-08,1856.50,16.04,12.10,14.02,12.23,,2.02,3.94,3.81,,0,backfill
,2022-06-09,1852.80,16.29,11.73,13.86,11.25,,2.43,4.56,5.04,,0,backfill
,2022-06-10,1875.50,17.58,13.60,14.34,14.61,,3.24,3.98,2.97,,0,backfill
,2022-06-13,1831.80,20.84,18.46,15.45,18.36,,5.39,2.38,2.48,,0,backfill
,2022-06-14,1813.50,21.99,18.22,13.94,18.30,,8.05,3.77,3.69,,0,backfill
,2022-06-15,1819.60,19.40,18.58,13.93,19.38,,5.47,0.82,0.02,,0,backfill
,2022-06-16,1849.90,20.65,21.48,14.82,20.85,,5.83,-0.83,-0.20,,0,backfill
,2022-06-17,1840.60,20.28,21.57,14.82,21.21,,5.46,-1.29,-0.93,,0,backfill
,2022-06-21,1838.80,18.24,21.56,14.77,21.27,,3.47,-3.32,-3.03,,0,backfill
,2022-06-22,1838.40,18.29,19.55,14.31,19.27,,3.98,-1.26,-0.98,,0,backfill
,2022-06-23,1829.80,18.65,13.49,14.11,15.60,,4.54,5.16,3.05,,0,backfill
,2022-06-24,1830.30,17.92,11.60,13.95,14.98,,3.97,6.32,2.94,,0,backfill
,2022-06-27,1824.80,17.88,11.76,13.19,13.71,,4.69,6.12,4.17,,0,backfill
,2022-06-28,1821.20,17.95,3.34,12.93,10.93,,5.02,14.61,7.02,,0,backfill
,2022-06-29,1817.50,18.08,2.70,12.92,10.85,,5.16,15.38,7.23,,0,backfill
,2022-06-30,1807.30,19.61,3.44,12.99,11.36,,6.62,16.17,8.25,,0,backfill
,2022-07-01,1801.50,20.17,3.07,13.02,11.84,,7.15,17.10,8.33,,0,backfill
,2022-07-05,1763.90,21.33,11.44,13.65,15.03,,7.68,9.89,6.30,,0,backfill
,2022-07-06,1736.50,21.91,12.19,14.24,16.92,,7.67,9.72,4.99,,0,backfill
,2022-07-07,1739.70,20.50,13.24,14.21,16.65,,6.29,7.26,3.85,,0,backfill
,2022-07-08,1742.30,19.41,13.92,13.83,17.32,,5.58,5.49,2.09,,0,backfill
,2022-07-11,1731.70,19.72,13.61,13.67,16.90,,6.05,6.11,2.82,,0,backfill
,2022-07-12,1724.80,19.78,13.71,13.65,16.75,,6.13,6.07,3.03,,0,backfill
,2022-07-13,1735.50,18.36,15.72,13.82,17.70,,4.54,2.64,0.66,,0,backfill
,2022-07-14,1705.80,19.60,14.20,14.49,16.51,,5.11,5.40,3.09,,0,backfill
,2022-07-15,1703.60,19.27,12.03,14.39,14.69,,4.88,7.24,4.58,,0,backfill
,2022-07-18,1710.20,19.42,12.41,13.83,14.89,,5.59,7.01,4.53,,0,backfill
,2022-07-19,1710.70,18.63,12.27,13.62,14.21,,5.01,6.36,4.42,,0,backfill
,2022-07-20,1700.20,19.26,12.27,13.66,14.71,,5.60,6.99,4.55,,0,backfill
,2022-07-21,1713.40,18.71,13.66,13.84,16.56,,4.87,5.05,2.15,,0,backfill
,2022-07-22,1727.40,18.30,14.13,14.12,15.36,,4.18,4.17,2.94,,0,backfill
,2022-07-25,1719.10,18.30,9.06,14.13,13.66,,4.17,9.24,4.64,,0,backfill
,2022-07-26,1717.70,18.06,9.01,13.44,13.51,,4.62,9.05,4.55,,0,backfill
,2022-07-27,1719.10,17.39,8.81,11.97,14.47,,5.42,8.58,2.92,,0,backfill
,2022-07-28,1750.30,16.84,13.55,13.06,14.94,,3.78,3.29,1.90,,0,backfill
,2022-07-29,1762.90,16.49,11.92,13.22,14.52,,3.27,4.57,1.97,,0,backfill
,2022-08-01,1787.70,17.52,13.02,12.95,12.18,,4.57,4.50,5.34,,0,backfill
,2022-08-02,1789.70,17.34,13.23,12.91,12.31,,4.43,4.11,5.03,,0,backfill
,2022-08-03,1776.40,16.76,14.12,13.05,12.10,,3.71,2.64,4.66,,0,backfill
,2022-08-04,1806.90,16.95,15.22,14.07,13.39,,2.88,1.73,3.56,,0,backfill
,2022-08-05,1791.20,16.37,17.77,14.22,13.36,,2.15,-1.40,3.01,,0,backfill
,2022-08-08,1805.20,16.76,15.79,14.43,13.08,,2.33,0.97,3.68,,0,backfill
,2022-08-09,1812.30,16.69,15.67,14.46,13.16,,2.23,1.02,3.53,,0,backfill
,2022-08-10,1813.70,16.27,14.05,14.46,13.32,,1.81,2.22,2.95,,0,backfill
,2022-08-11,1807.20,15.81,14.46,14.48,12.41,,1.33,1.35,3.40,,0,backfill
,2022-08-12,1815.50,15.22,13.10,14.45,12.40,,0.77,2.12,2.82,,0,backfill
,2022-08-15,1798.10,15.37,10.77,14.70,12.25,,0.67,4.60,3.12,,0,backfill
,2022-08-16,1789.70,15.27,9.72,13.37,10.80,,1.90,5.55,4.47,,0,backfill
,2022-08-17,1776.70,15.32,8.73,12.69,11.06,,2.63,6.59,4.26,,0,backfill
,2022-08-18,1771.20,15.36,7.58,12.74,11.08,,2.62,7.78,4.28,,0,backfill
,2022-08-19,1762.90,15.91,7.04,12.83,10.64,,3.08,8.87,5.27,,0,backfill
,2022-08-22,1748.40,16.57,7.46,12.93,11.09,,3.64,9.11,5.48,,0,backfill
,2022-08-23,1761.20,15.80,8.91,13.02,11.53,,2.78,6.89,4.27,,0,backfill
,2022-08-24,1761.50,15.90,8.39,12.92,10.14,,2.98,7.51,5.76,,0,backfill
,2022-08-25,1771.40,15.57,9.67,11.84,10.33,,3.73,5.90,5.24,,0,backfill
,2022-08-26,1749.80,15.42,11.26,12.46,10.69,,2.96,4.16,4.73,,0,backfill
,2022-08-29,1749.70,16.02,11.30,12.43,11.48,,3.59,4.72,4.54,,0,backfill
,2022-08-30,1736.30,16.52,11.76,12.67,11.84,,3.85,4.76,4.68,,0,backfill
,2022-08-31,1726.20,17.02,11.32,12.65,11.54,,4.37,5.70,5.48,,0,backfill
,2022-09-01,1709.30,17.80,10.12,12.80,11.55,,5.00,7.68,6.25,,0,backfill
,2022-09-02,1722.60,16.88,12.31,12.78,12.20,,4.10,4.57,4.68,,0,backfill
,2022-09-06,1712.90,17.68,10.67,12.81,13.03,,4.87,7.01,4.65,,0,backfill
,2022-09-07,1727.80,16.77,11.84,13.06,13.40,,3.71,4.93,3.37,,0,backfill
,2022-09-08,1720.20,16.40,11.86,13.13,13.36,,3.27,4.54,3.04,,0,backfill
,2022-09-09,1728.60,15.91,11.92,12.07,13.45,,3.84,3.99,2.46,,0,backfill
,2022-09-12,1740.60,15.79,12.04,12.06,13.88,,3.73,3.75,1.91,,0,backfill
,2022-09-13,1717.40,16.93,13.51,11.83,14.99,,5.10,3.42,1.94,,0,backfill
,2022-09-14,1709.10,17.17,12.84,11.85,14.45,,5.32,4.33,2.72,,0,backfill
,2022-09-15,1677.30,19.66,16.64,12.76,15.70,,6.90,3.02,3.96,,0,backfill
,2022-09-16,1683.50,18.31,15.40,11.57,15.63,,6.74,2.91,2.68,,0,backfill
,2022-09-19,1678.20,18.37,15.39,11.42,15.37,,6.95,2.98,3.00,,0,backfill
,2022-09-20,1671.10,18.59,14.23,11.03,15.38,,7.56,4.36,3.21,,0,backfill
,2022-09-21,1675.70,18.48,12.95,10.97,16.43,,7.51,5.53,2.05,,0,backfill
,2022-09-22,1681.10,17.93,12.47,11.06,15.96,,6.87,5.46,1.97,,0,backfill
,2022-09-23,1655.60,19.42,14.51,11.66,17.75,,7.76,4.91,1.67,,0,backfill
,2022-09-26,1633.40,20.26,12.55,11.83,16.97,,8.43,7.71,3.29,,0,backfill
,2022-09-27,1636.20,19.26,12.10,11.78,16.55,,7.48,7.16,2.71,,0,backfill
,2022-09-28,1670.00,19.27,19.11,13.60,19.24,,5.67,0.16,0.03,,0,backfill
,2022-09-29,1668.60,19.78,18.95,13.52,19.41,,6.26,0.83,0.37,,0,backfill
,2022-09-30,1672.00,19.52,18.91,13.57,18.21,,5.95,0.61,1.31,,0,backfill
,2022-10-03,1702.00,20.29,21.84,14.69,19.43,,5.60,-1.55,0.86,,0,backfill
,2022-10-04,1730.50,19.55,19.66,15.40,19.01,,4.15,-0.11,0.54,,0,backfill
,2022-10-05,1720.80,19.69,16.67,15.30,18.79,,4.39,3.02,0.90,,0,backfill
,2022-10-06,1720.80,19.67,16.94,15.30,18.64,,4.37,2.73,1.03,,0,backfill
,2022-10-07,1709.30,19.66,15.82,15.27,16.03,,4.39,3.84,3.63,,0,backfill
,2022-10-10,1675.20,20.54,21.26,15.92,16.91,,4.62,-0.72,3.63,,0,backfill
,2022-10-11,1686.00,20.59,21.55,16.08,17.28,,4.51,-0.96,3.31,,0,backfill
,2022-10-12,1677.50,20.40,18.28,16.01,14.98,,4.39,2.12,5.42,,0,backfill
,2022-10-13,1677.00,20.07,13.10,15.95,15.76,,4.12,6.97,4.31,,0,backfill
,2022-10-14,1648.90,20.07,15.11,16.41,16.23,,3.66,4.96,3.84,,0,backfill
,2022-10-17,1664.00,19.96,17.46,16.48,16.64,,3.48,2.50,3.32,,0,backfill
,2022-10-18,1655.80,19.19,17.41,16.47,16.18,,2.72,1.78,3.01,,0,backfill
,2022-10-19,1634.20,19.41,15.13,16.55,15.58,,2.86,4.28,3.83,,0,backfill
,2022-10-20,1636.80,19.23,14.02,16.56,15.64,,2.67,5.21,3.59,,0,backfill
,2022-10-21,1656.30,19.05,16.96,16.92,17.78,,2.13,2.09,1.27,,0,backfill
,2022-10-24,1654.10,19.58,16.94,16.73,16.57,,2.85,2.64,3.01,,0,backfill
,2022-10-25,1658.00,19.33,13.37,16.39,16.03,,2.94,5.96,3.30,,0,backfill
,2022-10-26,1669.20,18.67,12.81,16.51,16.06,,2.16,5.86,2.61,,0,backfill
,2022-10-27,1665.60,18.51,12.42,15.62,16.09,,2.89,6.09,2.42,,0,backfill
,2022-10-28,1644.80,18.01,12.16,15.97,16.30,,2.04,5.85,1.71,,0,backfill
,2022-10-31,1640.70,18.27,12.31,15.96,15.73,,2.31,5.96,2.54,,0,backfill
,2022-11-01,1649.70,18.45,10.23,16.03,14.02,,2.42,8.22,4.43,,0,backfill
,2022-11-02,1650.00,17.84,10.22,16.00,14.88,,1.84,7.62,2.96,,0,backfill
,2022-11-03,1630.90,18.03,11.97,16.27,14.85,,1.76,6.06,3.18,,0,backfill
,2022-11-04,1676.60,18.03,21.45,17.70,18.28,,0.33,-3.42,-0.25,,0,backfill
,2022-11-07,1680.50,18.12,21.37,17.20,18.25,,0.92,-3.25,-0.13,,0,backfill
,2022-11-08,1716.00,18.91,21.70,18.15,20.46,,0.76,-2.79,-1.55,,0,backfill
,2022-11-09,1713.70,18.91,21.52,17.26,20.69,,1.65,-2.61,-1.78,,0,backfill
,2022-11-10,1753.70,17.69,23.74,18.41,22.91,,-0.72,-6.05,-5.22,,0,backfill
,2022-11-11,1769.40,17.57,22.99,18.53,22.17,,-0.96,-5.42,-4.60,,0,backfill
,2022-11-14,1776.90,17.41,18.19,17.92,21.96,,-0.51,-0.78,-4.55,,0,backfill
,2022-11-15,1776.80,17.72,15.78,17.34,18.90,,0.38,1.94,-1.18,,0,backfill
,2022-11-16,1775.80,17.23,16.32,17.23,18.84,,-0.00,0.91,-1.61,,0,backfill
,2022-11-17,1763.00,16.77,15.61,17.40,15.64,,-0.63,1.16,1.13,,0,backfill
,2022-11-18,1754.40,16.51,16.23,17.34,15.61,,-0.83,0.28,0.90,,0,backfill
,2022-11-21,1739.60,16.68,9.96,16.41,11.46,,0.27,6.72,5.22,,0,backfill
,2022-11-22,1739.90,16.07,7.27,16.34,10.60,,-0.27,8.80,5.47,,0,backfill
,2022-11-23,1745.60,15.84,6.92,16.25,12.10,,-0.41,8.92,3.74,,0,backfill
,2022-11-25,1754.00,15.23,8.15,16.27,11.72,,-1.04,7.08,3.51,,0,backfill
,2022-11-28,1740.30,15.77,8.82,15.58,12.47,,0.19,6.95,3.30,,0,backfill
,2022-11-29,1748.40,15.71,9.23,15.45,12.43,,0.26,6.48,3.28,,0,backfill
,2022-11-30,1746.00,15.45,8.87,15.35,12.71,,0.10,6.58,2.74,,0,backfill
,2022-12-01,1815.20,15.92,24.00,18.12,13.89,,-2.20,-8.08,2.03,,0,backfill
,2022-12-02,1809.60,15.42,24.41,18.21,14.63,,-2.79,-8.99,0.79,,0,backfill
,2022-12-05,1781.30,15.81,27.63,18.84,15.46,,-3.03,-11.82,0.35,,0,backfill
,2022-12-06,1782.40,16.19,27.63,18.81,15.40,,-2.62,-11.44,0.79,,0,backfill
,2022-12-07,1798.00,16.55,26.85,18.90,15.20,,-2.35,-10.30,1.35,,0,backfill
,2022-12-08,1801.50,16.45,26.90,18.86,14.87,,-2.41,-10.45,1.58,,0,backfill
,2022-12-09,1810.70,16.26,26.61,18.82,14.50,,-2.56,-10.35,1.76,,0,backfill
,2022-12-12,1792.30,15.51,13.68,18.67,13.28,,-3.16,1.83,2.23,,0,backfill
,2022-12-13,1825.50,14.71,18.15,19.12,15.09,,-4.41,-3.44,-0.38,,0,backfill
,2022-12-14,1818.70,14.06,14.48,19.22,12.72,,-5.16,-0.42,1.34,,0,backfill
,2022-12-15,1787.80,14.39,18.93,20.10,14.52,,-5.71,-4.54,-0.13,,0,backfill
,2022-12-16,1800.20,14.14,18.63,19.67,14.37,,-5.53,-4.49,-0.23,,0,backfill
,2022-12-19,1797.70,14.49,18.60,18.30,14.44,,-3.81,-4.11,0.05,,0,backfill
,2022-12-20,1825.40,15.03,20.73,18.68,15.92,,-3.65,-5.70,-0.89,,0,backfill
,2022-12-21,1825.40,14.78,19.23,17.88,15.59,,-3.10,-4.45,-0.81,,0,backfill
,2022-12-22,1795.30,14.88,18.65,18.66,14.69,,-3.78,-3.77,0.19,,0,backfill
,2022-12-23,1804.20,14.86,19.10,17.55,14.43,,-2.69,-4.24,0.43,,0,backfill
,2022-12-27,1823.10,16.30,16.37,17.62,14.01,,-1.32,-0.07,2.29,,0,backfill
,2022-12-28,1815.80,15.99,16.53,17.65,13.90,,-1.66,-0.54,2.09,,0,backfill
,2022-12-29,1826.00,16.18,16.60,17.70,13.93,,-1.52,-0.42,2.25,,0,backfill
,2022-12-30,1826.20,16.25,13.85,17.70,11.87,,-1.45,2.40,4.38,,0,backfill
,2023-01-03,1846.10,17.26,15.29,17.75,12.62,,-0.49,1.97,4.64,,0,backfill
,2023-01-04,1859.00,17.35,8.52,17.71,11.77,,-0.36,8.83,5.58,,0,backfill
,2023-01-05,1840.60,16.78,12.36,17.79,13.29,,-1.01,4.42,3.49,,0,backfill
,2023-01-06,1869.70,16.44,14.01,18.22,13.86,,-1.78,2.43,2.58,,0,backfill
,2023-01-09,1877.80,16.92,12.96,18.23,13.76,,-1.31,3.96,3.16,,0,backfill
,2023-01-10,1876.50,16.59,13.34,18.24,13.62,,-1.65,3.25,2.97,,0,backfill
,2023-01-11,1878.90,16.32,13.22,17.99,13.93,,-1.67,3.10,2.39,,0,backfill
,2023-01-12,1898.80,15.95,13.16,18.13,14.56,,-2.18,2.79,1.39,,0,backfill
,2023-01-13,1921.70,16.37,13.95,18.28,14.56,,-1.91,2.42,1.81,,0,backfill
,2023-01-17,1909.90,16.49,12.37,15.01,13.79,,1.48,4.12,2.70,,0,backfill
,2023-01-18,1907.00,16.19,10.45,14.97,12.81,,1.22,5.74,3.38,,0,backfill
,2023-01-19,1923.90,16.71,11.05,14.14,14.01,,2.57,5.66,2.70,,0,backfill
,2023-01-20,1928.20,16.40,10.73,14.13,14.14,,2.27,5.67,2.26,,0,backfill
,2023-01-23,1928.60,16.20,10.85,14.03,14.35,,2.17,5.35,1.85,,0,backfill
,2023-01-24,1935.40,16.17,9.77,14.03,13.65,,2.14,6.40,2.52,,0,backfill
,2023-01-25,1942.60,16.12,7.46,14.01,13.52,,2.11,8.66,2.60,,0,backfill
,2023-01-26,1930.00,15.59,7.61,13.76,13.93,,1.83,7.98,1.66,,0,backfill
,2023-01-27,1929.40,15.23,7.45,12.93,13.12,,2.30,7.78,2.11,,0,backfill
,2023-01-30,1922.90,15.59,5.97,12.92,11.63,,2.67,9.62,3.96,,0,backfill
,2023-01-31,1929.50,15.75,6.21,11.60,12.52,,4.15,9.54,3.23,,0,backfill
,2023-02-01,1942.80,15.22,7.42,11.60,13.31,,3.62,7.80,1.91,,0,backfill
,2023-02-02,1930.80,15.14,8.30,11.82,15.44,,3.32,6.84,-0.30,,0,backfill
,2023-02-03,1876.60,15.06,18.23,14.23,18.15,,0.83,-3.17,-3.09,,0,backfill
,2023-02-06,1879.50,15.81,18.57,14.22,17.64,,1.59,-2.76,-1.83,,0,backfill
,2023-02-07,1884.80,15.62,18.91,13.21,17.68,,2.41,-3.29,-2.06,,0,backfill
,2023-02-08,1890.70,15.46,19.31,13.19,17.82,,2.27,-3.85,-2.36,,0,backfill
,2023-02-09,1878.50,15.52,18.96,13.11,18.00,,2.41,-3.44,-2.48,,0,backfill
,2023-02-10,1874.50,15.46,17.54,13.06,17.25,,2.40,-2.08,-1.79,,0,backfill
,2023-02-13,1863.50,15.58,17.53,13.13,14.96,,2.45,-1.95,0.62,,0,backfill
,2023-02-14,1865.40,14.88,6.39,13.13,11.62,,1.75,8.49,3.26,,0,backfill
,2023-02-15,1845.30,14.90,8.43,13.18,12.53,,1.72,6.47,2.37,,0,backfill
,2023-02-16,1851.80,14.92,8.62,13.06,12.47,,1.86,6.30,2.45,,0,backfill
,2023-02-17,1850.20,14.69,7.82,12.73,13.00,,1.96,6.87,1.69,,0,backfill
,2023-02-21,1842.50,15.48,7.52,11.90,11.96,,3.58,7.96,3.52,,0,backfill
,2023-02-22,1841.50,15.05,7.63,11.81,12.19,,3.24,7.42,2.86,,0,backfill
,2023-02-23,1826.80,14.84,8.12,12.00,12.21,,2.84,6.72,2.63,,0,backfill
,2023-02-24,1817.10,14.56,7.73,12.05,11.51,,2.51,6.83,3.05,,0,backfill
,2023-02-27,1824.90,14.35,7.22,11.66,10.20,,2.69,7.13,4.15,,0,backfill
,2023-02-28,1836.70,14.17,8.23,11.21,11.01,,2.96,5.94,3.16,,0,backfill
,2023-03-01,1845.40,14.16,8.97,11.26,10.80,,2.90,5.19,3.36,,0,backfill
,2023-03-02,1840.50,13.94,8.74,11.27,10.42,,2.67,5.20,3.52,,0,backfill
,2023-03-03,1854.60,13.93,9.89,11.18,10.35,,2.75,4.04,3.58,,0,backfill
,2023-03-06,1854.60,14.24,7.76,11.14,10.19,,3.10,6.48,4.05,,0,backfill
,2023-03-07,1820.00,14.20,14.52,12.23,12.24,,1.97,-0.32,1.96,,0,backfill
,2023-03-08,1818.60,13.79,14.24,12.13,12.24,,1.66,-0.45,1.55,,0,backfill
,2023-03-09,1834.60,14.30,14.77,12.42,11.92,,1.88,-0.47,2.38,,0,backfill
,2023-03-10,1867.20,16.57,18.19,13.56,14.01,,3.01,-1.62,2.56,,0,backfill
,2023-03-13,1916.50,20.00,22.87,15.68,16.19,,4.32,-2.87,3.81,,0,backfill
,2023-03-14,1910.90,17.95,23.39,15.67,16.02,,2.28,-5.44,1.93,,0,backfill
,2023-03-15,1931.30,19.75,23.44,15.95,18.68,,3.80,-3.69,1.07,,0,backfill
,2023-03-16,1923.00,17.38,18.03,15.87,17.68,,1.51,-0.65,-0.30,,0,backfill
,2023-03-17,1973.50,22.83,19.69,17.49,21.82,,5.34,3.14,1.01,,0,backfill
,2023-03-20,1982.80,21.40,20.09,15.16,22.80,,6.24,1.31,-1.40,,0,backfill
,2023-03-21,1941.10,19.14,27.11,16.57,23.02,,2.57,-7.97,-3.88,,0,backfill
,2023-03-22,1949.60,19.22,23.03,16.59,23.06,,2.63,-3.81,-3.84,,0,backfill
,2023-03-23,1995.90,20.95,25.73,17.81,23.82,,3.14,-4.78,-2.87,,0,backfill
,2023-03-24,1983.80,19.96,26.47,17.79,22.26,,2.17,-6.51,-2.30,,0,backfill
,2023-03-27,1953.80,19.18,28.61,18.44,22.85,,0.74,-9.43,-3.67,,0,backfill
,2023-03-28,1973.50,19.03,24.37,18.47,19.34,,0.56,-5.34,-0.31,,0,backfill
,2023-03-29,1966.90,17.77,24.19,18.53,17.81,,-0.76,-6.42,-0.04,,0,backfill
,2023-03-30,1980.30,18.39,19.87,18.19,16.19,,0.20,-1.48,2.20,,0,backfill
,2023-03-31,1969.00,17.31,20.46,18.34,14.24,,-1.03,-3.15,3.07,,0,backfill
,2023-04-03,2000.40,18.25,17.26,18.74,14.54,,-0.49,0.99,3.71,,0,backfill
,2023-04-04,2038.20,19.73,19.65,19.19,16.19,,0.54,0.08,3.54,,0,backfill
,2023-04-05,2035.60,18.98,15.24,19.21,15.09,,-0.23,3.74,3.89,,0,backfill
,2023-04-06,2026.40,18.44,16.05,19.05,14.73,,-0.61,2.39,3.71,,0,backfill
,2023-04-10,2003.80,18.54,18.08,19.36,15.10,,-0.82,0.46,3.44,,0,backfill
,2023-04-11,2019.00,18.33,18.16,19.40,14.50,,-1.07,0.17,3.83,,0,backfill
,2023-04-12,2024.90,17.69,17.18,19.38,14.95,,-1.69,0.51,2.74,,0,backfill
,2023-04-13,2055.30,18.48,16.92,19.67,14.26,,-1.19,1.56,4.22,,0,backfill
,2023-04-14,2015.80,17.16,18.27,20.70,14.92,,-3.54,-1.11,2.24,,0,backfill
,2023-04-17,2007.00,17.37,18.34,20.76,15.63,,-3.39,-0.97,1.74,,0,backfill
,2023-04-18,2019.70,17.14,18.87,20.77,15.64,,-3.63,-1.73,1.50,,0,backfill
,2023-04-19,2007.30,17.21,17.87,19.93,16.58,,-2.72,-0.66,0.63,,0,backfill
,2023-04-20,2019.10,17.21,17.61,19.91,16.71,,-2.70,-0.40,0.50,,0,backfill
,2023-04-21,1990.50,16.42,19.35,20.49,17.11,,-4.07,-2.93,-0.69,,0,backfill
,2023-04-24,1999.80,16.88,16.21,20.01,16.25,,-3.13,0.67,0.63,,0,backfill
,2023-04-25,2004.50,17.72,12.25,18.70,13.89,,-0.98,5.47,3.83,,0,backfill
,2023-04-26,1996.00,17.74,12.24,18.73,13.31,,-0.99,5.50,4.43,,0,backfill
,2023-04-27,1999.00,17.28,11.38,18.53,13.95,,-1.25,5.90,3.33,,0,backfill
,2023-04-28,1999.10,16.47,10.90,18.46,12.53,,-1.99,5.57,3.94,,0,backfill
,2023-05-01,1992.20,16.63,9.98,16.95,13.04,,-0.32,6.65,3.59,,0,backfill
,2023-05-02,2023.30,18.69,10.48,17.48,13.71,,1.21,8.21,4.98,,0,backfill
,2023-05-03,2037.00,18.70,10.74,16.27,14.65,,2.43,7.96,4.05,,0,backfill
,2023-05-04,2055.70,20.35,11.42,16.40,16.00,,3.95,8.93,4.35,,0,backfill
,2023-05-05,2024.80,18.50,15.65,15.76,18.05,,2.74,2.85,0.45,,0,backfill
,2023-05-08,2033.20,18.67,15.69,15.67,17.35,,3.00,2.98,1.32,,0,backfill
,2023-05-09,2042.90,18.73,15.65,14.94,17.30,,3.79,3.08,1.43,,0,backfill
,2023-05-10,2037.10,18.37,15.54,14.77,17.16,,3.60,2.83,1.21,,0,backfill
,2023-05-11,2020.50,17.77,14.09,14.96,16.37,,2.81,3.68,1.40,,0,backfill
,2023-05-12,2019.80,17.37,13.24,14.86,15.73,,2.51,4.13,1.64,,0,backfill
,2023-05-15,2022.70,17.52,11.39,14.73,13.73,,2.79,6.13,3.79,,0,backfill
,2023-05-16,1993.00,17.62,11.23,14.71,11.51,,2.91,6.39,6.11,,0,backfill
,2023-05-17,1984.90,16.99,10.30,13.62,11.71,,3.37,6.69,5.28,,0,backfill
,2023-05-18,1959.80,16.95,9.79,14.04,12.87,,2.91,7.16,4.08,,0,backfill
,2023-05-19,1981.60,17.22,14.20,14.45,13.19,,2.77,3.02,4.03,,0,backfill
,2023-05-22,1977.20,17.55,13.90,14.11,12.27,,3.44,3.65,5.28,,0,backfill
,2023-05-23,1974.50,17.66,13.83,13.91,12.44,,3.75,3.83,5.22,,0,backfill
,2023-05-24,1964.60,17.56,13.45,13.92,13.24,,3.64,4.11,4.32,,0,backfill
,2023-05-25,1943.70,16.84,12.26,13.34,12.75,,3.50,4.58,4.09,,0,backfill
,2023-05-26,1944.30,16.30,12.46,12.27,12.89,,4.03,3.84,3.41,,0,backfill
,2023-05-30,1958.00,15.88,11.56,12.46,12.68,,3.42,4.32,3.20,,0,backfill
,2023-05-31,1963.90,15.63,9.01,12.33,11.91,,3.30,6.62,3.72,,0,backfill
,2023-06-01,1995.50,15.50,13.63,13.15,12.89,,2.35,1.87,2.61,,0,backfill
,2023-06-02,1969.60,14.32,16.17,13.53,13.83,,0.79,-1.85,0.49,,0,backfill
,2023-06-05,1974.30,14.27,15.88,12.95,13.64,,1.32,-1.61,0.63,,0,backfill
,2023-06-06,1981.50,13.94,13.75,12.91,12.94,,1.03,0.19,1.00,,0,backfill
,2023-06-07,1958.40,13.81,16.30,13.30,13.59,,0.51,-2.49,0.22,,0,backfill
,2023-06-08,1978.60,13.94,16.91,13.63,13.47,,0.31,-2.97,0.47,,0,backfill
,2023-06-09,1977.20,13.69,16.91,13.62,13.32,,0.07,-3.22,0.37,,0,backfill
,2023-06-12,1969.70,13.70,13.33,13.66,12.56,,0.04,0.37,1.14,,0,backfill
,2023-06-13,1958.60,13.45,11.30,13.71,12.22,,-0.26,2.15,1.23,,0,backfill
,2023-06-14,1968.90,12.84,11.76,12.97,11.87,,-0.13,1.08,0.97,,0,backfill
,2023-06-15,1970.70,13.00,11.48,12.78,13.47,,0.22,1.52,-0.47,,0,backfill
,2023-06-16,1971.20,12.40,8.56,12.42,12.51,,-0.02,3.84,-0.11,,0,backfill
,2023-06-20,1947.70,12.73,8.78,12.15,12.57,,0.58,3.95,0.16,,0,backfill
,2023-06-21,1944.90,12.98,8.74,12.04,12.81,,0.94,4.24,0.17,,0,backfill
,2023-06-22,1923.70,12.96,10.18,12.19,13.09,,0.77,2.78,-0.13,,0,backfill
,2023-06-23,1929.60,12.73,10.69,12.27,12.86,,0.46,2.04,-0.13,,0,backfill
,2023-06-26,1933.80,13.08,9.93,12.17,12.46,,0.91,3.15,0.62,,0,backfill
,2023-06-27,1923.80,12.88,9.70,12.22,11.14,,0.66,3.18,1.74,,0,backfill
,2023-06-28,1922.20,12.53,9.55,12.18,11.14,,0.35,2.98,1.39,,0,backfill
,2023-06-29,1917.90,12.21,7.53,11.54,10.34,,0.67,4.68,1.87,,0,backfill
,2023-06-30,1929.40,12.04,9.01,11.69,10.47,,0.35,3.03,1.57,,0,backfill
,2023-07-03,1929.50,12.22,5.84,11.15,10.41,,1.07,6.38,1.81,,0,backfill
,2023-07-05,1927.10,12.46,5.59,10.59,9.65,,1.87,6.87,2.81,,0,backfill
,2023-07-06,1915.40,12.25,6.28,10.69,10.53,,1.56,5.97,1.72,,0,backfill
,2023-07-07,1932.50,12.12,8.10,11.07,10.92,,1.05,4.02,1.20,,0,backfill
,2023-07-10,1931.00,12.41,8.09,11.00,10.96,,1.41,4.32,1.45,,0,backfill
,2023-07-11,1937.10,12.64,7.93,10.62,10.60,,2.02,4.71,2.04,,0,backfill
,2023-07-12,1961.70,13.12,10.21,11.24,10.97,,1.88,2.91,2.15,,0,backfill
,2023-07-13,1963.80,12.73,10.13,11.06,10.38,,1.67,2.60,2.35,,0,backfill
,2023-07-14,1964.40,12.05,9.93,11.03,9.93,,1.02,2.12,2.12,,0,backfill
,2023-07-17,1956.40,12.34,9.22,9.99,9.11,,2.35,3.12,3.23,,0,backfill
,2023-07-18,1980.80,12.62,10.33,9.97,9.50,,2.65,2.29,3.12,,0,backfill
,2023-07-19,1980.80,12.89,10.21,9.95,9.27,,2.94,2.68,3.62,,0,backfill
,2023-07-20,1970.90,12.67,11.47,10.00,9.73,,2.67,1.20,2.94,,0,backfill
,2023-07-21,1966.60,12.23,9.18,9.40,8.86,,2.83,3.05,3.37,,0,backfill
,2023-07-24,1962.20,12.35,9.28,8.92,8.99,,3.43,3.07,3.36,,0,backfill
,2023-07-25,1963.70,12.42,9.30,8.92,9.12,,3.50,3.12,3.30,,0,backfill
,2023-07-26,1970.10,12.11,9.00,8.91,9.23,,3.20,3.11,2.88,,0,backfill
,2023-07-27,1945.70,12.29,8.09,9.49,10.54,,2.80,4.20,1.75,,0,backfill
,2023-07-28,1960.40,11.78,10.10,9.62,10.86,,2.16,1.68,0.92,,0,backfill
,2023-07-31,1970.50,12.16,10.44,9.74,10.84,,2.42,1.72,1.32,,0,backfill
,2023-08-01,1978.80,11.83,10.58,9.82,11.40,,2.01,1.25,0.43,,0,backfill
,2023-08-02,1975.00,12.45,10.55,9.15,11.86,,3.30,1.90,0.59,,0,backfill
,2023-08-03,1968.80,12.79,10.83,9.19,11.65,,3.60,1.96,1.14,,0,backfill
,2023-08-04,1976.10,12.22,10.88,8.58,12.49,,3.64,1.34,-0.27,,0,backfill
,2023-08-07,1970.00,12.24,6.97,8.63,10.38,,3.61,5.27,1.86,,0,backfill
,2023-08-08,1959.90,12.21,6.71,8.78,10.28,,3.43,5.50,1.93,,0,backfill
,2023-08-09,1950.60,12.33,6.11,8.75,10.10,,3.58,6.22,2.23,,0,backfill
,2023-08-10,1948.90,11.84,4.74,8.76,9.60,,3.08,7.10,2.24,,0,backfill
,2023-08-11,1946.60,11.54,4.78,8.73,8.86,,2.81,6.76,2.68,,0,backfill
,2023-08-14,1944.00,11.97,4.73,8.59,9.05,,3.38,7.24,2.92,,0,backfill
,2023-08-15,1935.20,12.11,2.94,8.70,7.88,,3.41,9.17,4.23,,0,backfill
,2023-08-16,1928.30,12.43,2.97,8.76,7.95,,3.67,9.46,4.48,,0,backfill
,2023-08-17,1915.20,12.89,3.57,8.80,8.21,,4.09,9.32,4.68,,0,backfill
,2023-08-18,1916.50,12.63,4.09,8.40,7.67,,4.23,8.54,4.96,,0,backfill
,2023-08-21,1923.00,12.91,5.40,8.46,7.32,,4.45,7.51,5.59,,0,backfill
,2023-08-22,1926.00,12.58,5.79,8.42,7.63,,4.16,6.79,4.95,,0,backfill
,2023-08-23,1948.10,12.67,9.69,8.27,8.40,,4.40,2.98,4.27,,0,backfill
,2023-08-24,1947.10,12.53,9.13,8.26,8.11,,4.27,3.40,4.42,,0,backfill
,2023-08-25,1939.90,12.09,9.16,8.31,8.34,,3.78,2.93,3.75,,0,backfill
,2023-08-28,1946.80,12.21,7.47,8.32,7.96,,3.89,4.74,4.25,,0,backfill
,2023-08-29,1965.10,12.50,8.42,7.96,8.98,,4.54,4.08,3.52,,0,backfill
,2023-08-30,1973.00,12.39,8.42,8.05,8.96,,4.34,3.97,3.43,,0,backfill
,2023-08-31,1965.90,11.78,9.47,7.99,8.64,,3.79,2.31,3.14,,0,backfill
,2023-09-01,1967.10,11.28,7.39,7.96,8.26,,3.32,3.89,3.02,,0,backfill
,2023-09-05,1952.60,11.36,9.09,8.23,8.92,,3.13,2.27,2.44,,0,backfill
,2023-09-06,1944.20,11.31,9.22,8.31,8.59,,3.00,2.09,2.72,,0,backfill
,2023-09-07,1942.50,11.11,8.94,8.24,8.30,,2.87,2.17,2.81,,0,backfill
,2023-09-08,1942.70,10.99,5.97,7.41,7.35,,3.58,5.02,3.64,,0,backfill
,2023-09-11,1947.20,10.75,5.35,7.10,7.41,,3.65,5.40,3.34,,0,backfill
,2023-09-12,1935.10,10.82,5.91,7.12,7.92,,3.70,4.91,2.90,,0,backfill
,2023-09-13,1932.50,10.33,5.62,6.97,7.37,,3.36,4.71,2.96,,0,backfill
,2023-09-14,1932.80,10.22,4.61,6.97,6.61,,3.25,5.61,3.61,,0,backfill
,2023-09-15,1946.20,10.34,6.30,7.27,7.21,,3.07,4.04,3.13,,0,backfill
,2023-09-18,1953.40,11.10,6.58,7.27,7.41,,3.83,4.52,3.69,,0,backfill
,2023-09-19,1953.70,11.09,6.57,7.22,7.15,,3.87,4.52,3.94,,0,backfill
,2023-09-20,1967.10,10.96,7.50,7.35,7.56,,3.61,3.46,3.40,,0,backfill
,2023-09-21,1939.60,11.11,11.36,8.32,7.69,,2.79,-0.25,3.42,,0,backfill
,2023-09-22,1945.60,10.87,11.40,8.37,7.60,,2.50,-0.53,3.27,,0,backfill
,2023-09-25,1936.60,11.43,11.89,8.47,7.61,,2.96,-0.46,3.82,,0,backfill
,2023-09-26,1919.80,13.63,11.93,8.82,7.36,,4.81,1.70,6.27,,0,backfill
,2023-09-27,1890.90,13.86,13.45,9.75,9.20,,4.11,0.41,4.66,,0,backfill
,2023-09-28,1878.60,13.09,13.04,9.86,10.03,,3.23,0.05,3.06,,0,backfill
,2023-09-29,1866.10,12.94,9.73,9.85,11.41,,3.09,3.21,1.53,,0,backfill
,2023-10-02,1847.20,14.13,8.87,10.20,11.65,,3.93,5.26,2.48,,0,backfill
,2023-10-03,1841.50,15.31,6.34,10.12,12.07,,5.19,8.97,3.24,,0,backfill
,2023-10-04,1834.80,14.58,6.58,10.09,12.20,,4.49,8.00,2.38,,0,backfill
,2023-10-05,1831.80,14.70,7.44,9.31,12.19,,5.39,7.26,2.51,,0,backfill
,2023-10-06,1845.20,14.03,8.79,9.69,11.76,,4.34,5.24,2.27,,0,backfill
,2023-10-09,1864.30,15.18,11.68,10.28,11.61,,4.90,3.50,3.57,,0,backfill
,2023-10-10,1875.30,14.49,11.58,10.40,9.88,,4.09,2.91,4.61,,0,backfill
,2023-10-11,1887.30,14.38,9.03,10.17,9.63,,4.21,5.35,4.75,,0,backfill
,2023-10-12,1883.00,13.98,8.81,10.04,9.55,,3.94,5.17,4.43,,0,backfill
,2023-10-13,1941.50,18.91,17.41,13.67,15.19,,5.24,1.50,3.72,,0,backfill
,2023-10-16,1934.30,16.22,17.94,13.70,15.35,,2.52,-1.72,0.87,,0,backfill
,2023-10-17,1935.70,16.59,18.44,13.55,14.98,,3.04,-1.85,1.61,,0,backfill
,2023-10-18,1968.30,17.38,19.32,14.35,16.25,,3.03,-1.94,1.13,,0,backfill
,2023-10-19,1980.50,19.40,19.31,14.44,17.16,,4.96,0.09,2.24,,0,backfill
,2023-10-20,1994.40,18.56,19.29,14.56,17.38,,4.00,-0.73,1.18,,0,backfill
,2023-10-23,1987.80,17.28,19.53,14.60,17.57,,2.68,-2.25,-0.29,,0,backfill
,2023-10-24,1986.10,16.05,11.56,14.46,13.60,,1.59,4.49,2.45,,0,backfill
,2023-10-25,1994.90,16.76,10.49,14.48,13.75,,2.28,6.27,3.01,,0,backfill
,2023-10-26,1997.40,16.53,10.41,14.48,13.83,,2.05,6.12,2.70,,0,backfill
,2023-10-27,1998.50,17.69,6.05,14.37,13.16,,3.32,11.64,4.53,,0,backfill
,2023-10-30,2005.60,16.84,5.50,14.37,12.08,,2.47,11.34,4.76,,0,backfill
,2023-10-31,1994.30,16.23,5.71,14.49,12.43,,1.74,10.52,3.80,,0,backfill
,2023-11-01,1987.50,15.36,5.74,14.42,12.71,,0.94,9.62,2.65,,0,backfill
,2023-11-02,1993.50,14.76,5.96,13.77,11.92,,0.99,8.80,2.84,,0,backfill
,2023-11-03,1999.20,14.04,5.60,13.77,11.75,,0.27,8.44,2.29,,0,backfill
,2023-11-06,1988.60,13.25,6.45,13.79,11.42,,-0.54,6.80,1.83,,0,backfill
,2023-11-07,1973.50,13.33,7.59,13.73,10.55,,-0.40,5.74,2.78,,0,backfill
,2023-11-08,1957.80,14.07,7.33,13.15,11.03,,0.92,6.74,3.04,,0,backfill
,2023-11-09,1969.80,14.06,9.04,13.01,10.50,,1.05,5.02,3.56,,0,backfill
,2023-11-10,1937.70,13.96,12.68,13.83,10.64,,0.13,1.28,3.32,,0,backfill
,2023-11-13,1950.20,13.92,13.56,13.47,10.89,,0.45,0.36,3.03,,0,backfill
,2023-11-14,1966.50,13.73,14.91,13.52,12.14,,0.21,-1.18,1.59,,0,backfill
,2023-11-15,1964.30,12.98,14.77,13.44,12.37,,-0.46,-1.79,0.61,,0,backfill
,2023-11-16,1987.30,13.04,16.03,13.66,13.06,,-0.62,-2.99,-0.02,,0,backfill
,2023-11-17,1984.70,12.97,14.92,13.63,12.58,,-0.66,-1.95,0.39,,0,backfill
,2023-11-20,1980.30,12.59,14.78,13.49,12.42,,-0.90,-2.19,0.17,,0,backfill
,2023-11-21,2001.60,14.09,9.57,13.68,12.46,,0.41,4.52,1.63,,0,backfill
,2023-11-22,1992.80,13.35,10.84,13.75,12.53,,-0.40,2.51,0.82,,0,backfill
,2023-11-23,1993.30,13.35,10.27,13.70,10.69,,-0.35,3.08,2.66,,0,backfill
,2023-11-24,2003.00,13.05,10.15,10.72,10.31,,2.33,2.90,2.74,,0,backfill
,2023-11-27,2012.40,13.31,8.29,10.68,9.05,,2.63,5.02,4.26,,0,backfill
,2023-11-28,2040.00,15.54,10.49,11.25,10.38,,4.29,5.05,5.16,,0,backfill
,2023-11-29,2047.10,15.04,9.61,10.34,10.08,,4.70,5.43,4.96,,0,backfill
,2023-11-30,2038.10,14.22,9.94,10.36,8.87,,3.86,4.28,5.35,,0,backfill
,2023-12-01,2089.70,16.96,15.41,12.39,11.05,,4.57,1.55,5.91,,0,backfill
,2023-12-04,2042.20,17.13,23.66,14.24,22.44,,2.89,-6.53,-5.31,,0,backfill
,2023-12-05,2036.30,15.46,23.92,14.27,23.01,,1.19,-8.46,-7.55,,0,backfill
,2023-12-06,2047.90,15.40,23.97,14.30,23.01,,1.10,-8.57,-7.61,,0,backfill
,2023-12-07,2046.40,14.93,22.68,14.31,22.57,,0.62,-7.75,-7.64,,0,backfill
,2023-12-08,2014.50,14.14,24.46,15.09,23.48,,-0.95,-10.32,-9.34,,0,backfill
,2023-12-11,1993.70,13.99,24.93,15.37,24.06,,-1.38,-10.94,-10.07,,0,backfill
,2023-12-12,1993.20,12.82,15.94,15.28,23.16,,-2.46,-3.12,-10.34,,0,backfill
,2023-12-13,1997.30,13.67,11.76,15.26,15.82,,-1.59,1.91,-2.15,,0,backfill
,2023-12-14,2044.90,13.96,19.91,16.68,15.36,,-2.72,-5.95,-1.40,,0,backfill
,2023-12-15,2035.70,13.49,19.76,16.74,15.96,,-3.25,-6.27,-2.47,,0,backfill
,2023-12-18,2040.50,13.79,19.85,16.65,15.88,,-2.86,-6.06,-2.09,,0,backfill
,2023-12-19,2052.10,13.75,16.85,16.51,14.95,,-2.76,-3.10,-1.20,,0,backfill
,2023-12-20,2047.70,13.82,14.77,16.31,14.06,,-2.49,-0.95,-0.24,,0,backfill
,2023-12-21,2051.30,14.27,14.59,16.25,13.83,,-1.98,-0.32,0.44,,0,backfill
,2023-12-22,2069.10,15.25,14.73,15.48,10.57,,-0.23,0.52,4.68,,0,backfill
,2023-12-26,2069.80,15.83,7.09,15.43,10.07,,0.40,8.74,5.76,,0,backfill
,2023-12-27,2093.10,16.96,7.53,15.55,9.40,,1.41,9.43,7.56,,0,backfill
,2023-12-28,2083.50,16.05,9.14,15.65,9.71,,0.40,6.91,6.34,,0,backfill
,2023-12-29,2071.80,15.85,10.20,15.52,9.02,,0.33,5.65,6.83,,0,backfill
,2024-01-02,2073.40,15.73,9.92,15.50,9.50,,0.23,5.81,6.23,,0,backfill
,2024-01-03,2042.80,14.85,14.08,16.18,11.10,,-1.33,0.77,3.75,,0,backfill
,2024-01-04,2050.00,14.20,12.96,15.94,10.56,,-1.74,1.24,3.64,,0,backfill
,2024-01-05,2049.80,13.81,12.94,15.87,12.43,,-2.06,0.87,1.38,,0,backfill
,2024-01-08,2033.50,13.56,9.86,16.08,12.96,,-2.52,3.70,0.60,,0,backfill
,2024-01-09,2033.00,13.16,10.11,16.03,12.65,,-2.87,3.05,0.51,,0,backfill
,2024-01-10,2027.80,13.26,10.01,16.00,12.83,,-2.74,3.25,0.43,,0,backfill
,2024-01-11,2019.20,12.80,9.65,15.54,13.95,,-2.74,3.15,-1.15,,0,backfill
,2024-01-12,2051.60,13.49,12.15,16.21,13.82,,-2.72,1.34,-0.33,,0,backfill
,2024-01-16,2030.20,13.55,13.57,16.45,14.92,,-2.90,-0.02,-1.37,,0,backfill
,2024-01-17,2006.50,13.53,14.84,14.95,14.29,,-1.42,-1.31,-0.76,,0,backfill
,2024-01-18,2021.60,13.09,15.57,13.67,13.61,,-0.58,-2.48,-0.52,,0,backfill
,2024-01-19,2029.30,12.95,15.82,13.70,13.73,,-0.75,-2.87,-0.78,,0,backfill
,2024-01-22,2022.20,12.83,15.89,13.62,13.58,,-0.79,-3.06,-0.75,,0,backfill
,2024-01-23,2025.80,12.73,15.69,13.63,12.17,,-0.90,-2.96,0.56,,0,backfill
,2024-01-24,2016.00,12.70,11.48,12.91,11.57,,-0.21,1.22,1.13,,0,backfill
,2024-01-25,2017.80,12.79,10.10,12.53,10.50,,0.26,2.69,2.29,,0,backfill
,2024-01-26,2017.30,11.91,6.68,12.53,9.15,,-0.62,5.23,2.76,,0,backfill
,2024-01-29,2025.40,13.08,5.42,12.57,9.17,,0.51,7.66,3.91,,0,backfill
,2024-01-30,2031.50,13.05,5.22,10.53,9.22,,2.52,7.83,3.83,,0,backfill
,2024-01-31,2048.40,13.16,6.40,10.73,9.78,,2.43,6.76,3.38,,0,backfill
,2024-02-01,2071.10,13.72,8.44,11.17,11.23,,2.55,5.28,2.49,,0,backfill
,2024-02-02,2053.70,12.66,10.00,11.34,11.52,,1.32,2.66,1.14,,0,backfill
,2024-02-05,2042.90,12.49,11.08,11.43,11.95,,1.06,1.41,0.54,,0,backfill
,2024-02-06,2051.40,12.31,11.06,11.49,12.09,,0.82,1.25,0.22,,0,backfill
,2024-02-07,2051.70,11.84,11.07,11.19,11.93,,0.65,0.77,-0.09,,0,backfill
,2024-02-08,2047.90,11.71,11.24,11.20,11.86,,0.51,0.47,-0.15,,0,backfill
,2024-02-09,2038.70,11.20,10.41,10.71,11.44,,0.49,0.79,-0.24,,0,backfill
,2024-02-12,2033.00,11.81,6.43,10.66,9.91,,1.15,5.38,1.90,,0,backfill
,2024-02-13,2007.20,12.15,8.32,11.14,11.51,,1.01,3.83,0.64,,0,backfill
,2024-02-14,2004.30,12.02,8.25,11.12,10.61,,0.90,3.77,1.41,,0,backfill
,2024-02-15,2014.90,11.79,8.66,10.47,10.72,,1.32,3.13,1.07,,0,backfill
,2024-02-16,2024.10,11.75,9.59,10.51,11.03,,1.24,2.16,0.72,,0,backfill
,2024-02-20,2039.80,11.81,11.21,10.77,11.01,,1.04,0.60,0.80,,0,backfill
,2024-02-21,2034.30,11.46,11.00,10.55,10.80,,0.91,0.46,0.66,,0,backfill
,2024-02-22,2030.70,11.19,10.92,10.56,10.79,,0.63,0.27,0.40,,0,backfill
,2024-02-23,2049.40,11.50,7.75,10.86,8.82,,0.64,3.75,2.68,,0,backfill
,2024-02-26,2038.90,11.29,8.87,10.89,8.82,,0.40,2.42,2.47,,0,backfill
,2024-02-27,2044.10,10.95,8.65,9.87,8.41,,1.08,2.30,2.54,,0,backfill
,2024-02-28,2042.70,10.93,8.59,9.37,7.96,,1.56,2.34,2.97,,0,backfill
,2024-02-29,2054.70,11.16,8.06,8.80,8.32,,2.36,3.10,2.84,,0,backfill
,2024-03-01,2095.70,13.47,13.26,10.21,11.84,,3.26,0.21,1.63,,0,backfill
,2024-03-04,2126.30,14.61,13.75,10.90,13.39,,3.71,0.86,1.22,,0,backfill
,2024-03-05,2141.90,14.54,13.64,10.91,13.58,,3.63,0.90,0.96,,0,backfill
,2024-03-06,2158.20,15.17,11.05,11.03,14.24,,4.14,4.12,0.93,,0,backfill
,2024-03-07,2165.20,15.09,10.91,10.84,14.51,,4.25,4.18,0.58,,0,backfill
,2024-03-08,2185.50,15.47,8.96,11.01,15.88,,4.46,6.51,-0.41,,0,backfill
,2024-03-11,2188.60,15.50,10.07,10.98,15.53,,4.52,5.43,-0.03,,0,backfill
,2024-03-12,2166.10,14.10,12.49,11.61,14.07,,2.49,1.61,0.03,,0,backfill
,2024-03-13,2180.80,14.09,10.68,11.68,12.92,,2.41,3.41,1.17,,0,backfill
,2024-03-14,2167.50,13.30,11.72,11.79,12.41,,1.51,1.58,0.89,,0,backfill
,2024-03-15,2161.50,13.54,11.17,11.53,11.82,,2.01,2.37,1.72,,0,backfill
,2024-03-18,2164.30,13.83,11.01,11.15,11.71,,2.68,2.82,2.12,,0,backfill
,2024-03-19,2159.70,13.48,8.83,11.01,9.83,,2.47,4.65,3.65,,0,backfill
,2024-03-20,2161.00,13.62,8.72,11.00,11.60,,2.62,4.90,2.02,,0,backfill
,2024-03-21,2184.70,13.42,9.30,11.30,13.77,,2.12,4.12,-0.35,,0,backfill
,2024-03-22,2160.00,12.53,10.98,11.91,14.05,,0.62,1.55,-1.52,,0,backfill
,2024-03-25,2176.40,12.09,11.54,11.87,13.79,,0.22,0.55,-1.70,,0,backfill
,2024-03-26,2177.20,12.57,11.31,11.79,14.47,,0.78,1.26,-1.90,,0,backfill
,2024-03-27,2190.60,13.58,11.72,10.94,14.70,,2.64,1.86,-1.12,,0,backfill
,2024-03-28,2217.40,15.44,12.83,11.17,16.36,,4.27,2.61,-0.92,,0,backfill
,2024-04-01,2257.10,16.25,15.00,11.92,16.09,,4.33,1.25,0.16,,0,backfill
,2024-04-02,2281.80,17.13,14.99,12.09,14.19,,5.04,2.14,2.94,,0,backfill
,2024-04-03,2315.00,17.49,9.14,12.42,14.46,,5.07,8.35,3.03,,0,backfill
,2024-04-04,2308.50,17.29,11.94,12.43,14.74,,4.86,5.35,2.55,,0,backfill
,2024-04-05,2345.40,16.92,11.15,12.74,16.95,,4.18,5.77,-0.03,,0,backfill
,2024-04-08,2351.00,18.17,11.98,12.69,18.23,,5.48,6.19,-0.06,,0,backfill
,2024-04-09,2362.40,18.30,12.25,12.35,17.11,,5.95,6.05,1.19,,0,backfill
,2024-04-10,2348.40,18.67,13.38,12.73,17.23,,5.94,5.29,1.44,,0,backfill
,2024-04-11,2372.70,18.97,13.29,12.73,18.18,,6.24,5.68,0.79,,0,backfill
,2024-04-12,2374.10,20.21,11.94,12.79,22.72,,7.42,8.27,-2.51,,0,backfill
,2024-04-15,2383.00,22.25,11.08,11.98,24.37,,10.27,11.17,-2.12,,0,backfill
,2024-04-16,2407.80,20.56,9.01,11.73,22.89,,8.83,11.55,-2.33,,0,backfill
,2024-04-17,2388.40,19.01,11.52,12.21,22.40,,6.80,7.49,-3.39,,0,backfill
,2024-04-18,2398.00,18.65,11.45,12.15,22.45,,6.50,7.20,-3.80,,0,backfill
,2024-04-19,2413.80,18.51,10.13,12.18,22.66,,6.33,8.38,-4.15,,0,backfill
,2024-04-22,2346.40,17.76,20.80,15.17,23.46,,2.59,-3.04,-5.70,,0,backfill
,2024-04-23,2342.10,17.73,20.75,15.22,19.44,,2.51,-3.02,-1.71,,0,backfill
,2024-04-24,2338.40,17.45,20.38,14.80,17.30,,2.65,-2.93,0.15,,0,backfill
,2024-04-25,2342.50,17.32,18.64,14.74,17.64,,2.58,-1.32,-0.32,,0,backfill
,2024-04-26,2347.20,16.92,18.68,14.52,16.99,,2.40,-1.76,-0.07,,0,backfill
,2024-04-29,2357.70,16.92,18.75,14.44,16.90,,2.48,-1.83,0.02,,0,backfill
,2024-04-30,2302.90,16.54,21.22,16.34,17.34,,0.20,-4.68,-0.80,,0,backfill
,2024-05-01,2311.00,16.25,15.41,16.30,15.98,,-0.05,0.84,0.27,,0,backfill
,2024-05-02,2309.60,16.05,15.44,16.31,15.89,,-0.26,0.61,0.16,,0,backfill
,2024-05-03,2308.60,15.83,15.47,16.12,16.94,,-0.29,0.36,-1.11,,0,backfill
,2024-05-06,2331.20,16.23,16.92,15.77,16.96,,0.46,-0.69,-0.73,,0,backfill
,2024-05-07,2324.20,15.75,16.85,15.78,16.77,,-0.03,-1.10,-1.02,,0,backfill
,2024-05-08,2322.30,15.29,16.37,15.79,16.46,,-0.50,-1.08,-1.17,,0,backfill
,2024-05-09,2340.30,16.27,7.67,15.83,15.75,,0.44,8.60,0.52,,0,backfill
,2024-05-10,2375.00,16.20,10.74,15.99,14.77,,0.21,5.46,1.43,,0,backfill
,2024-05-13,2343.00,16.52,15.00,15.94,14.21,,0.58,1.52,2.31,,0,backfill
,2024-05-14,2359.90,16.61,15.16,15.78,12.87,,0.83,1.45,3.74,,0,backfill
,2024-05-15,2394.90,16.99,16.33,15.80,12.63,,1.19,0.66,4.36,,0,backfill
,2024-05-16,2385.50,16.26,16.50,15.82,12.91,,0.44,-0.24,3.35,,0,backfill
,2024-05-17,2417.40,17.40,17.03,15.63,14.63,,1.77,0.37,2.77,,0,backfill
,2024-05-20,2438.50,17.58,17.09,15.79,14.63,,1.79,0.49,2.95,,0,backfill
,2024-05-21,2425.90,16.76,16.93,15.85,14.42,,0.91,-0.17,2.34,,0,backfill
,2024-05-22,2392.90,16.45,16.98,16.30,15.62,,0.15,-0.53,0.83,,0,backfill
,2024-05-23,2337.20,16.03,22.82,17.46,17.53,,-1.43,-6.79,-1.50,,0,backfill
,2024-05-24,2334.50,15.26,19.92,17.46,16.87,,-2.20,-4.66,-1.61,,0,backfill
,2024-05-28,2356.50,15.92,21.39,17.66,17.06,,-1.74,-5.47,-1.14,,0,backfill
,2024-05-29,2341.20,15.83,18.67,17.44,16.00,,-1.61,-2.84,-0.17,,0,backfill
,2024-05-30,2342.90,15.74,16.81,17.31,15.33,,-1.57,-1.07,0.41,,0,backfill
,2024-05-31,2322.90,15.26,16.89,17.40,15.64,,-2.14,-1.63,-0.38,,0,backfill
,2024-06-03,2369.30,16.00,21.86,18.31,14.88,,-2.31,-5.86,1.12,,0,backfill
,2024-06-04,2347.40,16.22,16.91,16.55,13.33,,-0.33,-0.69,2.89,,0,backfill
,2024-06-05,2375.50,16.50,18.10,16.89,13.78,,-0.39,-1.60,2.72,,0,backfill
,2024-06-06,2390.90,16.85,17.72,16.97,13.46,,-0.12,-0.87,3.39,,0,backfill
,2024-06-07,2325.00,17.13,25.18,18.89,20.16,,-1.76,-8.05,-3.03,,0,backfill
,2024-06-10,2327.00,16.66,25.18,18.88,20.11,,-2.22,-8.52,-3.45,,0,backfill
,2024-06-11,2326.60,16.45,24.61,18.83,19.69,,-2.38,-8.16,-3.24,,0,backfill
,2024-06-12,2354.80,15.92,22.37,17.83,19.30,,-1.91,-6.45,-3.38,,0,backfill
,2024-06-13,2318.00,15.71,23.69,18.44,19.04,,-2.73,-7.98,-3.33,,0,backfill
,2024-06-14,2349.10,16.07,24.05,18.83,19.19,,-2.76,-7.98,-3.12,,0,backfill
,2024-06-17,2329.00,15.63,23.62,19.01,19.17,,-3.38,-7.99,-3.54,,0,backfill
,2024-06-18,2346.90,15.64,17.04,18.93,11.84,,-3.29,-1.40,3.80,,0,backfill
,2024-06-20,2369.00,16.40,17.69,19.09,12.73,,-2.69,-1.29,3.67,,0,backfill
,2024-06-21,2331.20,15.86,20.99,19.69,14.71,,-3.83,-5.13,1.15,,0,backfill
,2024-06-24,2344.40,15.49,19.80,19.63,14.16,,-4.14,-4.31,1.33,,0,backfill
,2024-06-25,2330.80,14.88,17.37,19.20,13.74,,-4.32,-2.49,1.14,,0,backfill
,2024-06-26,2313.20,14.88,15.45,18.92,13.49,,-4.04,-0.57,1.39,,0,backfill
,2024-06-27,2336.60,15.01,16.24,19.04,14.06,,-4.03,-1.23,0.95,,0,backfill
,2024-06-28,2339.60,14.72,15.49,18.51,13.76,,-3.79,-0.77,0.96,,0,backfill
,2024-07-01,2338.90,14.86,13.92,18.49,12.65,,-3.63,0.94,2.21,,0,backfill
,2024-07-02,2333.40,14.35,9.86,18.01,10.08,,-3.66,4.49,4.27,,0,backfill
,2024-07-03,2369.40,14.89,13.25,18.42,11.37,,-3.53,1.64,3.52,,0,backfill
,2024-07-05,2397.70,15.62,13.39,18.74,12.83,,-3.12,2.23,2.79,,0,backfill
,2024-07-08,2363.50,15.13,16.19,18.79,13.41,,-3.66,-1.06,1.72,,0,backfill
,2024-07-09,2367.90,14.64,15.43,17.46,12.71,,-2.82,-0.79,1.93,,0,backfill
,2024-07-10,2379.70,14.89,15.53,17.51,12.81,,-2.62,-0.64,2.08,,0,backfill
,2024-07-11,2421.90,15.74,17.76,18.02,14.79,,-2.28,-2.02,0.95,,0,backfill
,2024-07-12,2420.70,15.12,17.47,17.88,15.06,,-2.76,-2.35,0.06,,0,backfill
,2024-07-15,2428.90,15.98,15.98,17.89,15.00,,-1.91,-0.00,0.98,,0,backfill
,2024-07-16,2467.80,17.15,17.01,18.14,15.21,,-0.99,0.14,1.94,,0,backfill
,2024-07-17,2459.90,16.70,12.69,17.39,14.69,,-0.69,4.01,2.01,,0,backfill
,2024-07-18,2456.40,16.25,13.25,17.12,15.22,,-0.87,3.00,1.03,,0,backfill
,2024-07-19,2399.10,16.34,21.82,18.30,16.74,,-1.96,-5.48,-0.40,,0,backfill
,2024-07-22,2394.70,15.74,18.54,18.22,15.32,,-2.48,-2.80,0.42,,0,backfill
,2024-07-23,2407.30,15.44,19.00,16.21,15.22,,-0.77,-3.56,0.22,,0,backfill
,2024-07-24,2415.70,15.98,19.01,16.23,15.07,,-0.25,-3.03,0.91,,0,backfill
,2024-07-25,2353.50,15.54,20.20,18.06,15.10,,-2.52,-4.66,0.44,,0,backfill
,2024-07-26,2381.00,15.20,23.06,18.04,15.28,,-2.84,-7.86,-0.08,,0,backfill
,2024-07-29,2377.80,15.64,23.06,17.39,15.29,,-1.75,-7.42,0.35,,0,backfill
,2024-07-30,2405.00,16.30,20.38,17.28,14.18,,-0.98,-4.08,2.12,,0,backfill
,2024-07-31,2426.50,17.88,20.91,17.19,15.04,,0.69,-3.03,2.84,,0,backfill
,2024-08-01,2480.80,17.61,24.24,18.14,15.33,,-0.53,-6.63,2.28,,0,backfill
,2024-08-02,2469.80,18.70,24.81,18.08,17.53,,0.62,-6.11,1.17,,0,backfill
,2024-08-05,2444.40,21.95,17.83,17.67,21.34,,4.28,4.12,0.61,,0,backfill
,2024-08-06,2431.60,19.10,18.23,17.74,21.40,,1.36,0.87,-2.30,,0,backfill
,2024-08-07,2432.40,18.12,18.09,17.61,21.17,,0.51,0.03,-3.05,,0,backfill
,2024-08-08,2463.30,18.45,18.34,17.69,21.66,,0.76,0.11,-3.21,,0,backfill
,2024-08-09,2473.40,17.80,17.96,17.54,20.82,,0.26,-0.16,-3.02,,0,backfill
,2024-08-12,2504.00,20.61,14.04,17.80,21.57,,2.81,6.57,-0.96,,0,backfill
,2024-08-13,2507.80,19.18,13.45,17.78,19.28,,1.40,5.73,-0.10,,0,backfill
,2024-08-14,2479.70,18.49,13.82,18.17,14.42,,0.32,4.67,4.07,,0,backfill
,2024-08-15,2492.40,18.16,12.89,17.76,14.44,,0.40,5.27,3.72,,0,backfill
,2024-08-16,2537.80,20.09,15.22,18.15,16.27,,1.94,4.87,3.82,,0,backfill
,2024-08-19,2541.30,18.77,14.67,17.49,15.14,,1.28,4.10,3.63,,0,backfill
,2024-08-20,2550.60,18.47,14.67,17.49,15.65,,0.98,3.80,2.82,,0,backfill
,2024-08-21,2547.50,18.63,13.83,17.50,14.45,,1.13,4.80,4.18,,0,backfill
,2024-08-22,2516.70,17.89,16.42,17.37,15.57,,0.52,1.47,2.32,,0,backfill
,2024-08-23,2546.30,17.49,15.24,17.62,15.08,,-0.13,2.25,2.41,,0,backfill
,2024-08-26,2555.20,17.90,15.21,17.62,14.26,,0.28,2.69,3.64,,0,backfill
,2024-08-27,2552.90,17.69,11.40,17.10,11.82,,0.59,6.29,5.87,,0,backfill
,2024-08-28,2537.80,17.18,12.08,17.18,12.35,,-0.00,5.10,4.83,,0,backfill
,2024-08-29,2560.30,17.22,13.13,17.31,11.87,,-0.09,4.09,5.35,,0,backfill
,2024-08-30,2527.60,16.40,15.43,16.21,12.07,,0.19,0.97,4.33,,0,backfill
,2024-09-03,2523.00,16.55,13.45,16.21,11.39,,0.34,3.10,5.16,,0,backfill
,2024-09-04,2526.00,16.19,10.98,16.17,11.06,,0.02,5.21,5.13,,0,backfill
,2024-09-05,2543.10,16.48,11.70,16.24,11.56,,0.24,4.78,4.92,,0,backfill
,2024-09-06,2524.60,16.49,12.37,14.23,12.87,,2.26,4.12,3.62,,0,backfill
,2024-09-09,2532.70,16.16,12.23,13.96,12.21,,2.20,3.93,3.95,,0,backfill
,2024-09-10,2543.10,16.08,11.02,13.93,11.95,,2.15,5.06,4.13,,0,backfill
,2024-09-11,2542.40,15.52,7.27,13.68,11.71,,1.84,8.25,3.81,,0,backfill
,2024-09-12,2580.60,16.74,10.79,14.05,12.69,,2.69,5.95,4.05,,0,backfill
,2024-09-13,2610.70,16.88,11.73,13.04,12.68,,3.84,5.15,4.20,,0,backfill
,2024-09-16,2608.90,17.03,12.03,12.93,12.11,,4.10,5.00,4.92,,0,backfill
,2024-09-17,2592.40,17.49,11.67,12.65,10.84,,4.84,5.82,6.65,,0,backfill
,2024-09-18,2598.60,17.13,11.70,12.47,12.84,,4.66,5.43,4.29,,0,backfill
,2024-09-19,2614.60,16.76,11.80,12.50,14.04,,4.26,4.96,2.72,,0,backfill
,2024-09-20,2646.20,17.08,12.24,12.46,14.62,,4.62,4.84,2.46,,0,backfill
,2024-09-23,2652.50,17.72,10.46,12.45,13.16,,5.27,7.26,4.56,,0,backfill
,2024-09-24,2677.00,19.26,9.80,12.27,13.75,,6.99,9.46,5.51,,0,backfill
,2024-09-25,2684.70,19.13,9.37,12.27,13.89,,6.86,9.76,5.24,,0,backfill
,2024-09-26,2694.90,18.82,6.00,11.58,14.04,,7.24,12.82,4.78,,0,backfill
,2024-09-27,2668.10,18.59,11.13,12.13,12.56,,6.46,7.46,6.03,,0,backfill
,2024-09-30,2659.40,18.08,11.71,11.26,12.24,,6.82,6.37,5.84,,0,backfill
,2024-10-01,2690.30,18.57,11.55,11.63,12.11,,6.94,7.02,6.46,,0,backfill
,2024-10-02,2669.70,18.07,13.03,11.94,12.15,,6.13,5.04,5.92,,0,backfill
,2024-10-03,2679.20,18.28,11.92,11.92,11.27,,6.36,6.36,7.01,,0,backfill
,2024-10-04,2667.80,17.48,12.00,11.33,12.09,,6.15,5.48,5.39,,0,backfill
,2024-10-07,2666.00,17.71,11.55,10.97,11.73,,6.74,6.16,5.98,,0,backfill
,2024-10-08,2635.40,17.64,12.06,11.58,12.81,,6.06,5.58,4.83,,0,backfill
,2024-10-09,2626.00,17.62,12.07,11.65,11.84,,5.97,5.55,5.78,,0,backfill
,2024-10-10,2639.30,17.27,9.38,11.52,11.26,,5.75,7.89,6.01,,0,backfill
,2024-10-11,2676.30,17.27,12.89,11.90,11.75,,5.37,4.38,5.52,,0,backfill
,2024-10-14,2665.60,17.47,12.90,11.23,11.70,,6.24,4.57,5.77,,0,backfill
,2024-10-15,2678.90,17.38,13.03,11.21,11.28,,6.17,4.35,6.10,,0,backfill
,2024-10-16,2691.30,17.31,13.20,11.23,11.50,,6.08,4.11,5.81,,0,backfill
,2024-10-17,2707.50,17.57,9.75,11.21,9.92,,6.36,7.82,7.65,,0,backfill
,2024-10-18,2730.00,17.77,8.46,10.98,10.35,,6.79,9.31,7.42,,0,backfill
,2024-10-21,2738.90,18.19,8.57,10.98,10.13,,7.21,9.62,8.06,,0,backfill
,2024-10-22,2759.80,18.73,6.49,11.07,9.86,,7.66,12.24,8.87,,0,backfill
,2024-10-23,2729.40,18.98,10.49,11.75,11.42,,7.23,8.49,7.56,,0,backfill
,2024-10-24,2748.90,18.66,10.70,11.23,11.20,,7.43,7.96,7.46,,0,backfill
,2024-10-25,2754.60,18.88,10.71,10.86,11.37,,8.02,8.17,7.51,,0,backfill
,2024-10-28,2755.90,18.34,10.65,10.84,11.24,,7.50,7.69,7.10,,0,backfill
,2024-10-29,2781.10,18.51,10.84,10.76,11.47,,7.75,7.67,7.04,,0,backfill
,2024-10-30,2800.80,18.68,11.17,10.84,11.20,,7.84,7.51,7.48,,0,backfill
,2024-10-31,2749.30,19.46,16.56,12.38,13.03,,7.08,2.90,6.43,,0,backfill
,2024-11-01,2749.20,19.29,14.85,11.99,11.88,,7.30,4.44,7.41,,0,backfill
,2024-11-04,2746.20,19.91,14.24,12.00,11.56,,7.91,5.67,8.35,,0,backfill
,2024-11-05,2749.70,19.59,14.19,11.76,11.31,,7.83,5.40,8.28,,0,backfill
,2024-11-06,2676.30,17.63,21.39,14.26,17.04,,3.37,-3.76,0.59,,0,backfill
,2024-11-07,2705.80,17.37,21.90,14.57,18.76,,2.80,-4.53,-1.39,,0,backfill
,2024-11-08,2694.80,15.91,20.53,14.31,19.03,,1.60,-4.62,-3.12,,0,backfill
,2024-11-11,2617.70,16.02,23.99,16.64,20.24,,-0.62,-7.97,-4.22,,0,backfill
,2024-11-12,2606.30,16.25,23.60,16.27,20.53,,-0.02,-7.35,-4.28,,0,backfill
,2024-11-13,2586.50,17.05,23.16,16.27,21.41,,0.78,-6.11,-4.36,,0,backfill
,2024-11-14,2572.90,17.39,22.31,16.25,22.03,,1.14,-4.92,-4.64,,0,backfill
,2024-11-15,2570.10,17.17,18.91,16.23,18.01,,0.94,-1.74,-0.84,,0,backfill
,2024-11-18,2614.60,16.97,21.42,17.08,17.07,,-0.11,-4.45,-0.10,,0,backfill
,2024-11-19,2631.00,17.85,22.46,16.87,17.05,,0.98,-4.61,0.80,,0,backfill
,2024-11-20,2651.70,18.34,14.16,16.99,14.47,,1.35,4.18,3.87,,0,backfill
,2024-11-21,2674.90,17.59,13.93,17.11,13.91,,0.48,3.66,3.68,,0,backfill
,2024-11-22,2712.20,17.54,12.47,17.11,13.90,,0.43,5.07,3.64,,0,backfill
,2024-11-25,2618.50,17.80,27.92,19.96,19.01,,-2.16,-10.12,-1.21,,0,backfill
,2024-11-26,2621.30,17.00,27.83,19.89,19.46,,-2.89,-10.83,-2.46,,0,backfill
,2024-11-27,2639.90,16.54,26.26,19.96,18.60,,-3.42,-9.72,-2.06,,0,backfill
,2024-11-29,2657.00,16.37,26.28,19.98,19.11,,-3.61,-9.91,-2.74,,0,backfill
,2024-12-02,2658.50,16.33,25.89,19.80,18.99,,-3.47,-9.56,-2.66,,0,backfill
,2024-12-03,2667.90,16.21,25.37,19.81,18.92,,-3.60,-9.16,-2.71,,0,backfill
,2024-12-04,2676.20,15.92,23.60,19.68,18.17,,-3.76,-7.68,-2.25,,0,backfill
,2024-12-05,2648.40,15.93,9.30,19.66,12.00,,-3.73,6.63,3.93,,0,backfill
,2024-12-06,2659.60,15.04,9.41,19.57,11.70,,-4.53,5.63,3.34,,0,backfill
,2024-12-09,2685.80,15.75,10.14,19.80,12.86,,-4.05,5.61,2.89,,0,backfill
,2024-12-10,2718.40,16.34,11.53,20.15,12.64,,-3.81,4.81,3.70,,0,backfill
,2024-12-11,2756.70,16.86,12.94,20.40,12.93,,-3.54,3.92,3.93,,0,backfill
,2024-12-12,2709.40,15.43,18.78,20.86,15.21,,-5.43,-3.35,0.22,,0,backfill
,2024-12-13,2675.80,15.63,20.69,20.49,16.36,,-4.86,-5.06,-0.73,,0,backfill
,2024-12-16,2670.00,15.38,19.50,20.49,15.99,,-5.11,-4.12,-0.61,,0,backfill
,2024-12-17,2662.00,15.64,19.51,20.50,15.90,,-4.86,-3.87,-0.26,,0,backfill
,2024-12-18,2653.30,16.54,18.33,20.49,17.24,,-3.95,-1.79,-0.70,,0,backfill
,2024-12-19,2608.10,15.83,17.46,19.59,17.45,,-3.76,-1.63,-1.62,,0,backfill
,2024-12-20,2645.10,15.73,17.50,19.77,17.97,,-4.04,-1.77,-2.24,,0,backfill
,2024-12-23,2628.20,15.54,15.64,19.82,16.14,,-4.28,-0.10,-0.60,,0,backfill
,2024-12-24,2635.50,14.71,14.98,17.94,14.58,,-3.23,-0.27,0.13,,0,backfill
,2024-12-26,2653.90,15.19,15.95,17.99,14.57,,-2.80,-0.76,0.62,,0,backfill
,2024-12-27,2631.90,14.67,16.55,18.02,14.57,,-3.35,-1.88,0.10,,0,backfill
,2024-12-30,2618.10,15.02,16.68,18.02,11.90,,-3.00,-1.66,3.12,,0,backfill
,2024-12-31,2641.00,14.62,13.69,18.16,10.91,,-3.54,0.93,3.71,,0,backfill
,2025-01-02,2669.00,15.07,12.46,17.75,9.93,,-2.68,2.61,5.14,,0,backfill
,2025-01-03,2654.70,14.49,12.20,17.75,10.30,,-3.26,2.29,4.19,,0,backfill
,2025-01-06,2647.40,14.76,12.40,17.62,11.49,,-2.86,2.36,3.27,,0,backfill
,2025-01-07,2665.40,14.68,12.36,17.55,12.08,,-2.87,2.32,2.60,,0,backfill
,2025-01-08,2672.40,14.82,10.66,17.07,12.03,,-2.25,4.16,2.79,,0,backfill
,2025-01-09,2690.80,14.82,9.53,13.65,11.60,,1.17,5.29,3.22,,0,backfill
,2025-01-10,2715.00,15.77,9.58,13.85,12.69,,1.92,6.19,3.08,,0,backfill
,2025-01-13,2678.60,15.27,12.91,14.36,13.28,,0.91,2.36,1.99,,0,backfill
,2025-01-14,2682.30,15.00,12.24,14.26,12.92,,0.74,2.76,2.08,,0,backfill
,2025-01-15,2717.80,15.23,13.57,14.73,12.77,,0.50,1.66,2.46,,0,backfill
,2025-01-16,2750.90,15.40,14.42,15.08,12.84,,0.32,0.98,2.56,,0,backfill
,2025-01-17,2748.70,14.98,14.75,15.08,12.87,,-0.10,0.23,2.11,,0,backfill
,2025-01-21,2759.20,15.50,14.62,14.71,13.90,,0.79,0.88,1.60,,0,backfill
,2025-01-22,2770.90,15.24,14.16,14.71,12.57,,0.53,1.08,2.67,,0,backfill
,2025-01-23,2765.00,14.95,9.50,14.52,11.30,,0.43,5.45,3.65,,0,backfill
,2025-01-24,2778.90,14.85,9.24,14.19,11.76,,0.66,5.61,3.09,,0,backfill
,2025-01-27,2738.40,15.23,13.23,14.29,12.25,,0.94,2.00,2.98,,0,backfill
,2025-01-28,2767.50,15.46,12.71,13.67,12.19,,1.79,2.75,3.27,,0,backfill
,2025-01-29,2769.80,14.84,12.66,13.08,11.75,,1.76,2.18,3.09,,0,backfill
,2025-01-30,2823.00,16.09,16.69,14.03,12.62,,2.06,-0.60,3.47,,0,backfill
,2025-01-31,2812.50,15.82,17.17,14.05,13.14,,1.77,-1.35,2.68,,0,backfill
,2025-02-03,2857.10,16.81,18.59,14.52,15.48,,2.29,-1.78,1.33,,0,backfill
,2025-02-04,2875.80,17.11,18.63,13.31,15.66,,3.80,-1.52,1.45,,0,backfill
,2025-02-05,2893.00,17.19,12.68,12.94,15.14,,4.25,4.51,2.05,,0,backfill
,2025-02-06,2876.70,16.27,14.78,12.89,15.18,,3.38,1.49,1.09,,0,backfill
,2025-02-07,2887.60,16.23,14.49,12.89,15.62,,3.34,1.74,0.61,,0,backfill
,2025-02-10,2934.40,17.59,13.44,13.39,15.40,,4.20,4.15,2.19,,0,backfill
,2025-02-11,2932.60,17.48,12.65,12.99,16.59,,4.49,4.83,0.89,,0,backfill
,2025-02-12,2928.70,17.34,11.18,12.81,15.33,,4.53,6.16,2.01,,0,backfill
,2025-02-13,2945.40,17.13,11.09,12.73,15.04,,4.40,6.04,2.09,,0,backfill
,2025-02-14,2900.70,17.23,15.50,13.68,17.02,,3.55,1.73,0.21,,0,backfill
,2025-02-18,2949.00,18.03,17.46,14.02,18.37,,4.01,0.57,-0.34,,0,backfill
,2025-02-19,2936.10,16.76,18.09,14.09,18.25,,2.67,-1.33,-1.49,,0,backfill
,2025-02-20,2956.10,16.45,15.86,14.09,17.28,,2.36,0.59,-0.83,,0,backfill
,2025-02-21,2953.20,16.55,15.87,14.14,16.11,,2.41,0.68,0.44,,0,backfill
,2025-02-24,2963.20,16.73,15.83,14.10,15.55,,2.63,0.90,1.18,,0,backfill
,2025-02-25,2918.80,16.72,18.34,14.95,17.51,,1.77,-1.62,-0.79,,0,backfill
,2025-02-26,2930.60,16.36,15.60,14.17,15.69,,2.19,0.76,0.67,,0,backfill
,2025-02-27,2895.90,16.45,13.23,14.81,14.95,,1.64,3.22,1.50,,0,backfill
,2025-02-28,2848.50,15.82,15.69,15.45,15.87,,0.37,0.13,-0.05,,0,backfill
,2025-03-03,2901.10,16.81,20.03,15.91,16.12,,0.90,-3.22,0.69,,0,backfill
,2025-03-04,2920.60,17.25,20.82,15.96,16.61,,1.29,-3.57,0.64,,0,backfill
,2025-03-05,2926.00,16.92,20.68,15.95,16.65,,0.97,-3.76,0.27,,0,backfill
,2025-03-06,2926.60,16.83,18.47,15.94,14.78,,0.89,-1.64,2.05,,0,backfill
,2025-03-07,2914.10,16.19,18.46,16.00,14.58,,0.19,-2.27,1.61,,0,backfill
,2025-03-10,2899.40,17.06,17.14,16.09,13.76,,0.97,-0.08,3.30,,0,backfill
,2025-03-11,2920.90,17.14,12.82,15.43,13.41,,1.71,4.32,3.73,,0,backfill
,2025-03-12,2946.80,16.82,8.93,15.35,13.29,,1.47,7.89,3.53,,0,backfill
,2025-03-13,2991.30,17.41,11.64,15.79,13.93,,1.62,5.77,3.48,,0,backfill
,2025-03-14,3001.10,17.13,11.59,15.01,13.56,,2.12,5.54,3.57,,0,backfill
,2025-03-17,3006.10,17.60,11.45,14.91,12.92,,2.69,6.15,4.68,,0,backfill
,2025-03-18,3040.80,17.53,10.63,14.62,13.11,,2.91,6.90,4.42,,0,backfill
,2025-03-19,3041.20,16.74,8.61,14.57,12.59,,2.17,8.13,4.15,,0,backfill
,2025-03-20,3043.80,16.45,9.30,14.52,11.83,,1.93,7.15,4.62,,0,backfill
,2025-03-21,3021.40,15.98,11.88,14.60,12.45,,1.38,4.10,3.53,,0,backfill
,2025-03-24,3015.60,15.80,9.05,14.62,10.80,,1.18,6.75,5.00,,0,backfill
,2025-03-25,3025.90,15.23,9.06,13.97,10.91,,1.26,6.17,4.32,,0,backfill
,2025-03-26,3022.50,15.04,9.15,13.98,10.88,,1.06,5.89,4.16,,0,backfill
,2025-03-27,3061.00,16.08,9.74,14.36,11.40,,1.72,6.34,4.68,,0,backfill
,2025-03-28,3086.50,16.45,10.64,14.44,11.31,,2.01,5.81,5.14,,0,backfill
,2025-03-31,3122.80,17.84,12.00,13.81,11.93,,4.03,5.84,5.91,,0,backfill
,2025-04-01,3146.00,17.95,9.25,13.24,11.57,,4.71,8.70,6.38,,0,backfill
,2025-04-02,3166.20,17.92,7.53,13.15,13.29,,4.77,10.39,4.63,,0,backfill
,2025-04-03,3121.70,18.36,14.84,13.94,19.05,,4.42,3.52,-0.69,,0,backfill
,2025-04-04,3035.40,22.03,24.64,16.40,24.05,,5.63,-2.61,-2.02,,0,backfill
,2025-04-07,2973.60,19.68,25.85,17.51,27.00,,2.17,-6.17,-7.32,,0,backfill
,2025-04-08,2990.20,23.73,25.34,16.97,27.44,,6.76,-1.61,-3.71,,0,backfill
,2025-04-09,3079.40,24.53,31.56,18.87,31.29,,5.66,-7.03,-6.76,,0,backfill
,2025-04-10,3177.50,26.59,37.31,20.29,33.27,,6.30,-10.72,-6.68,,0,backfill
,2025-04-11,3244.60,28.44,39.10,20.04,33.33,,8.40,-10.66,-4.89,,0,backfill
,2025-04-14,3226.30,23.80,37.79,19.79,30.75,,4.01,-13.99,-6.95,,0,backfill
,2025-04-15,3240.40,21.54,30.25,19.77,27.08,,1.77,-8.71,-5.54,,0,backfill
,2025-04-16,3346.40,26.73,24.33,21.44,26.49,,5.29,2.40,0.24,,0,backfill
,2025-04-17,3328.40,24.14,27.19,21.60,27.08,,2.54,-3.05,-2.94,,0,backfill
,2025-04-21,3425.30,28.14,27.04,22.56,24.24,,5.58,1.10,3.90,,0,backfill
,2025-04-22,3419.40,28.44,26.01,22.44,24.87,,6.00,2.43,3.57,,0,backfill
,2025-04-23,3294.10,25.23,37.25,25.63,27.23,,-0.40,-12.02,-2.00,,0,backfill
,2025-04-24,3348.60,24.93,37.65,25.85,27.81,,-0.92,-12.72,-2.88,,0,backfill
,2025-04-25,3298.40,23.36,39.62,26.23,30.09,,-2.87,-16.26,-6.73,,0,backfill
,2025-04-28,3347.70,23.25,35.30,26.45,28.97,,-3.20,-12.05,-5.72,,0,backfill
,2025-04-29,3333.60,22.10,35.23,26.54,28.32,,-4.44,-13.13,-6.22,,0,backfill
,2025-04-30,3319.10,21.52,29.05,26.52,27.18,,-5.00,-7.53,-5.66,,0,backfill
,2025-05-01,3222.20,21.51,32.55,28.14,25.56,,-6.63,-11.04,-4.05,,0,backfill
,2025-05-02,3243.30,21.35,26.25,28.17,22.32,,-6.82,-4.90,-0.97,,0,backfill
,2025-05-05,3322.30,23.20,28.81,28.72,23.66,,-5.52,-5.61,-0.46,,0,backfill
,2025-05-06,3422.80,24.72,32.07,29.69,23.72,,-4.97,-7.35,1.00,,0,backfill
,2025-05-07,3391.90,22.99,32.29,29.94,23.44,,-6.95,-9.30,-0.45,,0,backfill
,2025-05-08,3306.00,22.58,36.30,31.11,26.67,,-8.53,-13.72,-4.09,,0,backfill
,2025-05-09,3344.00,21.86,36.95,31.08,27.01,,-9.22,-15.09,-5.15,,0,backfill
,2025-05-12,3228.00,21.38,39.03,32.94,26.74,,-11.56,-17.65,-5.36,,0,backfill
,2025-05-13,3247.80,19.58,39.00,32.83,26.81,,-13.25,-19.42,-7.23,,0,backfill
,2025-05-14,3188.30,20.78,36.33,33.27,26.33,,-12.49,-15.55,-5.55,,0,backfill
,2025-05-15,3226.60,21.63,29.99,33.39,27.16,,-11.76,-8.36,-5.53,,0,backfill
,2025-05-16,3187.20,21.47,30.08,33.32,28.09,,-11.85,-8.61,-6.62,,0,backfill
,2025-05-19,3233.50,21.37,30.31,32.40,24.94,,-11.03,-8.94,-3.57,,0,backfill
,2025-05-20,3284.60,21.95,31.26,31.90,25.68,,-9.95,-9.31,-3.73,,0,backfill
,2025-05-21,3313.50,22.23,21.55,31.93,24.32,,-9.70,0.68,-2.09,,0,backfill
,2025-05-22,3295.00,21.55,22.15,31.05,24.83,,-9.50,-0.60,-3.28,,0,backfill
,2025-05-23,3365.80,22.28,19.31,30.36,24.30,,-8.08,2.97,-2.02,,0,backfill
,2025-05-27,3300.40,21.12,24.91,30.43,21.58,,-9.31,-3.79,-0.46,,0,backfill
,2025-05-28,3294.90,19.69,22.86,30.38,19.29,,-10.69,-3.17,0.40,,0,backfill
,2025-05-29,3317.10,19.65,21.94,30.42,20.93,,-10.77,-2.29,-1.28,,0,backfill
,2025-05-30,3288.90,19.10,21.16,29.02,19.05,,-9.92,-2.06,0.05,,0,backfill
,2025-06-02,3397.20,20.60,28.62,30.50,20.83,,-9.90,-8.02,-0.23,,0,backfill
,2025-06-03,3377.10,20.10,28.66,29.37,20.47,,-9.27,-8.56,-0.37,,0,backfill
,2025-06-04,3399.20,19.82,26.08,29.44,19.05,,-9.62,-6.26,0.77,,0,backfill
,2025-06-05,3375.10,19.69,22.70,27.35,18.66,,-7.66,-3.01,1.03,,0,backfill
,2025-06-06,3346.60,19.16,23.66,27.07,19.30,,-7.91,-4.50,-0.14,,0,backfill
,2025-06-09,3354.90,19.45,23.46,26.70,17.53,,-7.25,-4.01,1.92,,0,backfill
,2025-06-10,3343.40,19.00,22.72,26.37,17.57,,-7.37,-3.72,1.43,,0,backfill
,2025-06-11,3343.70,19.16,8.75,26.34,15.61,,-7.18,10.41,3.55,,0,backfill
,2025-06-12,3402.40,19.70,14.17,26.77,15.64,,-7.07,5.53,4.06,,0,backfill
,2025-06-13,3452.80,21.16,16.20,25.44,16.60,,-4.28,4.96,4.56,,0,backfill
,2025-06-16,3417.30,19.87,17.07,25.66,17.02,,-5.79,2.80,2.85,,0,backfill
,2025-06-17,3406.90,20.41,15.97,24.80,15.83,,-4.39,4.44,4.58,,0,backfill
,2025-06-18,3408.10,19.58,16.03,23.23,15.59,,-3.65,3.55,3.99,,0,backfill
,2025-06-20,3385.70,19.27,16.60,23.16,15.57,,-3.89,2.67,3.70,,0,backfill
,2025-06-23,3395.00,19.02,16.56,21.86,15.76,,-2.84,2.46,3.26,,0,backfill
,2025-06-24,3333.90,18.28,16.58,22.30,16.55,,-4.02,1.70,1.73,,0,backfill
,2025-06-25,3343.10,17.33,12.22,19.65,15.17,,-2.32,5.11,2.16,,0,backfill
,2025-06-26,3348.00,16.65,11.95,19.59,13.70,,-2.94,4.70,2.95,,0,backfill
,2025-06-27,3287.60,16.49,15.07,19.57,15.43,,-3.08,1.42,1.06,,0,backfill
,2025-06-30,3307.70,17.31,16.28,19.36,16.79,,-2.05,1.03,0.52,,0,backfill
,2025-07-01,3349.80,16.76,19.00,19.24,17.09,,-2.48,-2.24,-0.33,,0,backfill
,2025-07-02,3359.70,16.87,19.02,18.86,16.56,,-1.99,-2.15,0.31,,0,backfill
,2025-07-03,3342.90,16.19,15.49,18.44,15.54,,-2.25,0.70,0.65,,0,backfill
,2025-07-04,3346.50,16.19,15.41,18.27,15.48,,-2.08,0.78,0.71,,0,backfill
,2025-07-07,3342.80,16.91,15.40,18.19,15.72,,-1.28,1.51,1.19,,0,backfill
,2025-07-08,3316.90,16.20,10.89,17.23,14.93,,-1.03,5.31,1.27,,0,backfill
,2025-07-09,3321.00,15.86,10.37,16.25,13.31,,-0.39,5.49,2.55,,0,backfill
,2025-07-10,3325.70,16.04,6.24,16.25,12.01,,-0.21,9.80,4.03,,0,backfill
,2025-07-11,3364.00,16.94,9.67,16.47,12.62,,0.47,7.27,4.32,,0,backfill
,2025-07-14,3359.10,16.99,9.08,16.26,11.94,,0.73,7.91,5.05,,0,backfill
,2025-07-15,3336.70,16.37,10.08,13.31,12.79,,3.06,6.29,3.58,,0,backfill
,2025-07-16,3359.10,17.27,10.91,13.38,13.31,,3.89,6.36,3.96,,0,backfill
,2025-07-17,3345.30,16.91,9.89,13.27,12.53,,3.64,7.02,4.38,,0,backfill
,2025-07-18,3358.30,16.73,10.02,13.18,12.37,,3.55,6.71,4.36,,0,backfill
,2025-07-21,3406.40,17.78,12.55,13.57,14.06,,4.21,5.23,3.72,,0,backfill
,2025-07-22,3443.70,19.08,12.40,13.89,14.15,,5.19,6.68,4.93,,0,backfill
,2025-07-23,3397.60,18.44,15.95,14.45,14.92,,3.99,2.49,3.52,,0,backfill
,2025-07-24,3373.50,17.82,16.04,14.62,14.83,,3.20,1.78,2.99,,0,backfill
,2025-07-25,3335.60,17.05,17.22,14.06,14.46,,2.99,-0.17,2.59,,0,backfill
,2025-07-28,3310.00,16.79,17.62,13.42,14.52,,3.37,-0.83,2.27,,0,backfill
,2025-07-29,3324.00,16.61,17.66,13.24,14.42,,3.37,-1.05,2.19,,0,backfill
,2025-07-30,3295.80,16.48,14.09,13.41,14.62,,3.07,2.39,1.86,,0,backfill
,2025-07-31,3293.20,16.04,9.72,13.40,14.19,,2.64,6.32,1.85,,0,backfill
,2025-08-01,3399.80,17.30,23.75,16.35,15.60,,0.95,-6.45,1.70,,0,backfill
,2025-08-04,3426.40,17.07,23.54,16.48,15.45,,0.59,-6.47,1.62,,0,backfill
,2025-08-05,3434.70,16.68,21.59,15.53,15.09,,1.15,-4.91,1.59,,0,backfill
,2025-08-06,3433.40,16.42,20.30,15.53,14.58,,0.89,-3.88,1.84,,0,backfill
,2025-08-07,3453.70,16.95,20.29,15.60,15.35,,1.35,-3.34,1.60,,0,backfill
,2025-08-08,3491.30,16.36,17.86,14.73,16.29,,1.63,-1.50,0.07,,0,backfill
,2025-08-11,3404.70,16.94,26.77,16.63,17.50,,0.31,-9.83,-0.56,,0,backfill
,2025-08-12,3399.00,16.35,18.92,16.27,15.31,,0.08,-2.57,1.04,,0,backfill
,2025-08-13,3408.30,15.95,18.27,16.27,15.00,,-0.32,-2.32,0.95,,0,backfill
,2025-08-14,3383.20,15.33,18.51,16.35,15.24,,-1.02,-3.18,0.09,,0,backfill
,2025-08-15,3382.60,15.22,18.51,16.35,15.04,,-1.13,-3.29,0.18,,0,backfill
,2025-08-18,3378.00,14.90,17.69,16.35,14.46,,-1.45,-2.79,0.44,,0,backfill
,2025-08-19,3358.70,14.82,14.73,16.28,11.66,,-1.46,0.09,3.16,,0,backfill
,2025-08-20,3388.50,15.40,8.56,16.46,9.78,,-1.06,6.84,5.62,,0,backfill
,2025-08-21,3381.60,15.44,8.58,16.47,9.62,,-1.03,6.86,5.82,,0,backfill
,2025-08-22,3418.50,15.15,11.00,16.44,11.14,,-1.29,4.15,4.01,,0,backfill
,2025-08-25,3417.50,15.09,9.62,16.43,10.03,,-1.34,5.47,5.06,,0,backfill
,2025-08-26,3433.00,15.88,9.70,16.32,11.05,,-0.44,6.18,4.83,,0,backfill
,2025-08-27,3448.60,15.90,9.45,16.27,10.86,,-0.37,6.45,5.04,,0,backfill
,2025-08-28,3474.30,16.34,7.46,16.30,10.98,,0.04,8.88,5.36,,0,backfill
,2025-08-29,3516.10,17.39,8.35,16.58,11.59,,0.81,9.04,5.80,,0,backfill
,2025-09-02,3592.20,19.81,11.11,17.18,14.89,,2.63,8.70,4.92,,0,backfill
,2025-09-03,3635.50,19.53,11.23,17.23,14.24,,2.30,8.30,5.29,,0,backfill
,2025-09-04,3606.70,18.33,14.34,16.88,14.93,,1.45,3.99,3.40,,0,backfill
,2025-09-05,3653.30,18.30,14.44,16.93,15.30,,1.37,3.86,3.00,,0,backfill
,2025-09-08,3677.40,19.09,14.23,16.44,16.24,,2.65,4.86,2.85,,0,backfill
,2025-09-09,3682.20,17.99,15.00,16.12,16.58,,1.87,2.99,1.41,,0,backfill
,2025-09-10,3682.00,17.37,15.49,16.15,16.20,,1.22,1.88,1.17,,0,backfill
,2025-09-11,3673.60,16.48,12.13,15.85,13.41,,0.63,4.35,3.07,,0,backfill
,2025-09-12,3686.40,16.38,10.50,15.80,12.84,,0.58,5.88,3.54,,0,backfill
,2025-09-15,3719.00,17.90,8.46,13.48,13.36,,4.42,9.44,4.54,,0,backfill
,2025-09-16,3725.10,18.37,6.09,13.40,12.25,,4.97,12.28,6.12,,0,backfill
,2025-09-17,3717.80,17.41,6.01,13.47,12.23,,3.94,11.40,5.18,,0,backfill
,2025-09-18,3678.30,16.45,9.51,14.00,12.05,,2.45,6.94,4.40,,0,backfill
,2025-09-19,3705.80,16.76,10.55,14.04,12.40,,2.72,6.21,4.36,,0,backfill
,2025-09-22,3775.10,18.43,14.53,14.61,13.42,,3.82,3.90,5.01,,0,backfill
,2025-09-23,3815.70,19.06,15.08,12.19,14.04,,6.87,3.98,5.02,,0,backfill
,2025-09-24,3768.10,18.30,17.95,12.99,14.01,,5.31,0.35,4.29,,0,backfill
,2025-09-25,3771.10,19.07,17.96,13.02,14.28,,6.05,1.11,4.79,,0,backfill
,2025-09-26,3809.00,18.59,18.35,12.74,13.69,,5.85,0.24,4.90,,0,backfill
,2025-09-29,3855.20,19.19,15.90,12.89,14.86,,6.30,3.29,4.33,,0,backfill
,2025-09-30,3873.20,19.95,15.93,12.77,15.67,,7.18,4.02,4.28,,0,backfill
,2025-10-01,3897.50,19.05,13.49,12.40,14.89,,6.65,5.56,4.16,,0,backfill
,2025-10-02,3868.10,18.05,14.42,12.86,15.91,,5.19,3.63,2.14,,0,backfill
,2025-10-03,3908.90,17.66,10.88,12.82,15.61,,4.84,6.78,2.05,,0,backfill
,2025-10-06,3976.30,19.51,12.38,13.20,17.01,,6.31,7.13,2.50,,0,backfill
,2025-10-07,4004.40,19.94,12.26,13.11,16.96,,6.83,7.68,2.98,,0,backfill
,2025-10-08,4070.50,21.81,13.22,13.50,16.69,,8.31,8.59,5.12,,0,backfill
,2025-10-09,3972.60,21.85,23.52,16.06,18.46,,5.79,-1.67,3.39,,0,backfill
,2025-10-10,4000.40,23.78,23.56,16.06,19.34,,7.72,0.22,4.44,,0,backfill
,2025-10-13,4133.00,24.53,27.48,17.88,21.03,,6.65,-2.95,3.50,,0,backfill
,2025-10-14,4163.40,26.11,27.49,17.24,21.71,,8.87,-1.38,4.40,,0,backfill
,2025-10-15,4201.60,27.12,26.92,17.16,21.36,,9.96,0.20,5.76,,0,backfill
,2025-10-16,4304.60,32.78,28.62,17.60,23.63,,15.18,4.16,9.15,,0,backfill
,2025-10-17,4213.30,31.20,33.79,19.16,28.00,,12.04,-2.59,3.20,,0,backfill
,2025-10-20,4359.40,31.43,30.56,20.96,29.43,,10.47,0.87,2.00,,0,backfill
,2025-10-21,4109.10,29.82,53.45,28.14,38.33,,1.68,-23.63,-8.51,,0,backfill
,2025-10-22,4065.40,27.19,49.85,28.43,39.09,,-1.24,-22.66,-11.90,,0,backfill
,2025-10-23,4145.60,26.68,51.36,28.76,39.21,,-2.08,-24.68,-12.53,,0,backfill
,2025-10-24,4137.80,24.75,50.91,28.81,39.67,,-4.06,-26.16,-14.92,,0,backfill
,2025-10-27,4019.70,23.94,49.30,30.29,40.00,,-6.35,-25.36,-16.06,,0,backfill
,2025-10-28,3983.10,24.03,48.62,30.48,38.41,,-6.45,-24.59,-14.38,,0,backfill
,2025-10-29,4000.70,24.70,40.39,30.46,37.25,,-5.76,-15.69,-12.55,,0,backfill
,2025-10-30,4015.90,24.82,24.08,30.21,29.10,,-5.39,0.74,-4.28,,0,backfill
,2025-10-31,3996.50,22.66,23.57,30.26,26.68,,-7.60,-0.91,-4.02,,0,backfill
,2025-11-03,4014.00,21.38,18.93,29.88,26.25,,-8.50,2.45,-4.87,,0,backfill
,2025-11-04,3960.50,21.43,19.49,30.09,25.71,,-8.66,1.94,-4.28,,0,backfill
,2025-11-05,3992.90,20.15,12.96,29.86,23.35,,-9.71,7.19,-3.20,,0,backfill
,2025-11-06,3991.00,20.13,11.64,29.87,20.61,,-9.74,8.49,-0.48,,0,backfill
,2025-11-07,4009.80,20.36,11.68,29.78,18.39,,-9.42,8.68,1.97,,0,backfill
,2025-11-10,4122.00,23.34,20.24,30.58,18.44,,-7.24,3.10,4.90,,0,backfill
,2025-11-11,4116.30,23.33,19.73,30.59,17.68,,-7.26,3.60,5.65,,0,backfill
,2025-11-12,4213.60,25.82,22.84,31.19,19.20,,-5.37,2.98,6.62,,0,backfill
,2025-11-13,4194.50,24.82,19.95,31.12,19.76,,-6.30,4.87,5.06,,0,backfill
,2025-11-14,4094.20,24.13,27.86,31.98,24.70,,-7.85,-3.73,-0.57,,0,backfill
,2025-11-17,4074.50,24.07,28.25,31.68,25.79,,-7.61,-4.18,-1.72,,0,backfill
,2025-11-18,4066.50,23.90,28.36,31.63,26.47,,-7.73,-4.46,-2.57,,0,backfill
,2025-11-19,4082.80,23.89,22.30,31.30,25.22,,-7.41,1.59,-1.33,,0,backfill
,2025-11-20,4060.00,22.93,22.45,30.49,25.69,,-7.56,0.48,-2.76,,0,backfill
,2025-11-21,4079.50,21.93,15.26,30.45,24.83,,-8.52,6.67,-2.90,,0,backfill
,2025-11-24,4094.20,22.55,16.04,28.93,24.92,,-6.38,6.51,-2.37,,0,backfill
,2025-11-25,4140.00,22.40,9.53,29.04,19.64,,-6.64,12.87,2.76,,0,backfill
,2025-11-26,4165.20,21.95,8.66,28.97,17.88,,-7.02,13.29,4.07,,0,backfill
,2025-11-28,4254.90,22.87,13.04,28.76,17.82,,-5.89,9.83,5.05,,0,backfill
,2025-12-01,4274.80,23.34,12.99,28.09,17.15,,-4.75,10.35,6.19,,0,backfill
,2025-12-02,4220.80,22.49,16.12,26.45,17.04,,-3.96,6.37,5.45,,0,backfill
,2025-12-03,4232.50,21.96,16.20,19.93,15.90,,2.03,5.76,6.06,,0,backfill
,2025-12-04,4243.00,20.57,16.26,19.62,13.74,,0.95,4.31,6.83,,0,backfill
,2025-12-05,4243.00,19.92,15.90,18.85,14.29,,1.07,4.02,5.63,,0,backfill
,2025-12-08,4217.70,19.58,16.71,18.94,14.29,,0.64,2.87,5.29,,0,backfill
,2025-12-09,4236.20,20.35,10.23,16.75,12.96,,3.60,10.12,7.39,,0,backfill
,2025-12-10,4224.70,20.20,9.57,16.49,13.06,,3.71,10.63,7.14,,0,backfill
,2025-12-11,4313.00,20.97,13.55,17.35,13.50,,3.62,7.42,7.47,,0,backfill
,2025-12-12,4328.30,21.46,13.55,17.35,15.40,,4.11,7.91,6.06,,0,backfill
,2025-12-15,4335.20,21.20,13.58,17.21,15.89,,3.99,7.62,5.31,,0,backfill
,2025-12-16,4332.30,20.18,13.65,17.23,15.90,,2.95,6.53,4.28,,0,backfill
,2025-12-17,4373.90,21.22,12.51,16.66,16.06,,4.56,8.71,5.16,,0,backfill
,2025-12-18,4364.50,21.31,13.27,16.67,16.48,,4.64,8.04,4.83,,0,backfill
,2025-12-19,4387.30,20.72,12.34,16.65,16.23,,4.07,8.38,4.49,,0,backfill
,2025-12-22,4469.40,23.80,11.25,17.23,17.35,,6.57,12.55,6.45,,0,backfill
,2025-12-23,4505.70,24.53,11.31,15.74,16.24,,8.79,13.22,8.29,,0,backfill
,2025-12-24,4502.80,23.81,11.73,15.72,16.53,,8.09,12.08,7.28,,0,backfill
,2025-12-26,4552.70,25.78,11.27,14.71,16.31,,11.07,14.51,9.47,,0,backfill
,2025-12-29,4343.60,25.71,34.09,20.50,26.63,,5.21,-8.38,-0.92,,0,backfill
,2025-12-30,4386.30,24.83,34.66,19.17,26.82,,5.66,-9.83,-1.99,,0,backfill
,2025-12-31,4341.10,23.92,35.07,19.42,27.76,,4.50,-11.15,-3.84,,0,backfill
,2026-01-02,4329.60,23.80,32.17,19.43,27.24,,4.37,-8.37,-3.44,,0,backfill
,2026-01-05,4451.50,24.25,37.19,20.81,28.16,,3.44,-12.94,-3.91,,0,backfill
,2026-01-06,4496.10,24.82,37.86,20.74,27.99,,4.08,-13.04,-3.17,,0,backfill
,2026-01-07,4462.50,24.13,37.17,20.98,28.23,,3.15,-13.04,-4.10,,0,backfill
,2026-01-08,4460.70,24.07,20.86,21.00,19.27,,3.07,3.21,4.80,,0,backfill
,2026-01-09,4500.90,23.43,20.76,20.93,18.80,,2.50,2.67,4.63,,0,backfill
,2026-01-12,4614.70,25.03,21.53,21.89,19.29,,3.14,3.50,5.74,,0,backfill
,2026-01-13,4599.10,23.76,21.70,21.29,18.39,,2.47,2.06,5.37,,0,backfill
,2026-01-14,4635.70,23.57,17.14,21.34,16.50,,2.23,6.43,7.07,,0,backfill
,2026-01-15,4623.70,22.06,17.50,20.90,16.04,,1.16,4.56,6.02,,0,backfill
,2026-01-16,4595.40,22.23,17.14,21.07,16.20,,1.16,5.09,6.03,,0,backfill
,2026-01-20,4765.80,24.79,25.29,23.22,18.91,,1.57,-0.50,5.88,,0,backfill
,2026-01-21,4837.50,26.27,25.50,23.41,20.75,,2.86,0.77,5.52,,0,backfill
,2026-01-22,4913.40,28.11,23.79,23.41,22.44,,4.70,4.32,5.67,,0,backfill
,2026-01-23,4979.70,30.01,22.21,23.53,22.79,,6.48,7.80,7.22,,0,backfill
,2026-01-26,5082.50,32.70,22.66,23.80,24.06,,8.90,10.04,8.64,,0,backfill
,2026-01-27,5082.60,33.13,21.95,23.45,27.11,,9.68,11.18,6.02,,0,backfill
,2026-01-28,5303.60,39.67,23.05,25.78,31.69,,13.89,16.62,7.98,,0,backfill
,2026-01-29,5318.40,46.02,22.10,25.77,44.29,,20.25,23.92,1.73,,0,backfill
,2026-01-30,4745.10,44.08,80.98,43.49,70.14,,0.59,-36.90,-26.06,,0,backfill
,2026-02-02,4652.60,37.38,80.39,43.93,78.42,,-6.55,-43.01,-41.04,,0,backfill
,2026-02-03,4935.00,41.04,89.55,46.89,81.85,,-5.85,-48.51,-40.81,,0,backfill
,2026-02-04,4950.80,36.93,88.39,46.89,83.29,,-9.96,-51.46,-46.36,,0,backfill
,2026-02-05,4889.50,35.53,88.48,46.92,84.51,,-11.39,-52.95,-48.98,,0,backfill
,2026-02-06,4979.80,33.96,84.03,47.11,86.12,,-13.15,-50.07,-52.16,,0,backfill
,2026-02-09,5079.40,32.84,85.63,47.33,80.03,,-14.49,-52.79,-47.19,,0,backfill
,2026-02-10,5031.00,28.86,42.77,47.44,58.21,,-18.58,-13.91,-29.35,,0,backfill
,2026-02-11,5098.50,29.38,38.00,45.04,45.34,,-15.66,-8.62,-15.96,,0,backfill
,2026-02-12,4948.40,30.23,29.37,46.15,41.47,,-15.92,0.86,-11.24,,0,backfill
,2026-02-13,5046.30,30.84,31.59,46.16,39.25,,-15.32,-0.75,-8.41,,0,backfill
,2026-02-17,4905.90,33.24,35.89,47.11,37.64,,-13.87,-2.65,-4.40,,0,backfill
,2026-02-18,5009.50,33.75,36.47,46.85,31.12,,-13.10,-2.72,2.63,,0,backfill
,2026-02-19,4997.40,33.56,33.97,46.85,30.31,,-13.29,-0.41,3.25,,0,backfill
,2026-02-20,5080.90,36.44,35.22,46.88,31.04,,-10.44,1.22,5.40,,0,backfill
,2026-02-23,5225.60,38.46,38.30,47.35,31.55,,-8.89,0.16,6.91,,0,backfill
,2026-02-24,5176.30,37.55,32.31,47.53,29.36,,-9.98,5.24,8.19,,0,backfill
,2026-02-25,5226.20,34.96,31.14,47.17,27.83,,-12.21,3.82,7.13,,0,backfill
,2026-02-26,5194.20,33.07,23.00,47.21,23.40,,-14.14,10.07,9.67,,0,backfill
,2026-02-27,5247.90,33.23,21.35,47.23,21.68,,-14.00,11.88,11.55,,0,backfill
,2026-03-02,5311.60,34.83,20.52,47.24,23.69,,-12.41,14.31,11.14,,0,backfill
,2026-03-03,5123.70,38.77,32.70,48.61,34.67,,-9.84,6.07,4.10,,0,backfill
,2026-03-04,5134.70,36.48,26.95,47.60,34.47,,-11.12,9.53,2.01,,0,backfill
,2026-03-05,5078.70,35.31,27.12,47.61,34.19,,-12.30,8.19,1.12,,0,backfill
,2026-03-06,5158.70,34.26,28.48,47.61,34.41,,-13.35,5.78,-0.15,,0,backfill
,2026-03-09,5103.70,33.52,28.90,47.60,36.51,,-14.08,4.62,-2.99,,0,backfill
,2026-03-10,5242.10,32.11,33.31,47.87,36.61,,-15.76,-1.20,-4.50,,0,backfill
,2026-03-11,5179.10,30.68,32.74,48.02,35.35,,-17.34,-2.06,-4.67,,0,backfill
,2026-03-12,5125.80,31.09,24.70,46.42,24.85,,-15.33,6.39,6.24,,0,backfill
,2026-03-13,5061.70,32.31,25.74,46.52,24.73,,-14.21,6.57,7.58,,0,backfill
,2026-03-16,5002.20,30.56,25.87,32.33,23.15,,-1.77,4.69,7.41,,0,backfill
,2026-03-17,5008.20,27.98,22.99,31.68,22.33,,-3.70,4.99,5.65,,0,backfill
,2026-03-18,4896.20,29.42,25.38,27.61,23.75,,1.81,4.04,5.67,,0,backfill
,2026-03-19,4605.70,31.05,31.83,32.73,35.71,,-1.68,-0.78,-4.66,,0,backfill
,2026-03-20,4574.90,35.25,32.44,32.62,40.76,,2.63,2.81,-5.51,,0,backfill
,2026-03-23,4407.30,43.36,33.87,33.55,53.83,,9.81,9.49,-10.47,,0,backfill
,2026-03-24,4402.00,41.90,35.78,32.80,55.16,,9.10,6.12,-13.26,,0,backfill
,2026-03-25,4552.30,38.65,48.29,34.58,56.07,,4.07,-9.64,-17.42,,0,backfill
,2026-03-26,4376.30,45.07,49.25,35.74,57.98,,9.33,-4.18,-12.91,,0,backfill
,2026-03-27,4492.50,45.51,56.09,36.05,57.77,,9.46,-10.58,-12.26,,0,backfill
,2026-03-30,4526.00,42.71,44.99,35.55,52.26,,7.16,-2.28,-9.55,,0,backfill
,2026-03-31,4647.60,38.89,48.00,35.80,50.08,,3.09,-9.11,-11.19,,0,backfill
,2026-04-01,4813.10,36.11,42.22,36.79,35.69,,-0.68,-6.11,0.42,,0,backfill
,2026-04-02,4679.70,37.85,48.53,37.60,37.57,,0.25,-10.68,0.28,,0,backfill
,2026-04-06,4684.70,37.04,45.35,37.20,36.75,,-0.16,-8.31,0.29,,0,backfill
,2026-04-07,4684.70,37.43,34.28,36.05,34.37,,1.38,3.15,3.06,,0,backfill
,2026-04-08,4777.20,34.21,33.15,36.62,33.47,,-2.41,1.06,0.74,,0,backfill
,2026-04-09,4818.00,31.66,33.14,36.59,31.77,,-4.93,-1.48,-0.11,,0,backfill
,2026-04-10,4787.40,30.46,31.65,36.59,29.08,,-6.13,-1.19,1.38,,0,backfill
,2026-04-13,4767.40,30.00,23.28,36.39,29.61,,-6.39,6.72,0.39,,0,backfill
,2026-04-14,4850.10,31.04,16.23,36.60,24.12,,-5.56,14.81,6.92,,0,backfill
,2026-04-15,4823.60,29.97,17.35,35.26,23.59,,-5.29,12.62,6.38,,0,backfill
,2026-04-16,4808.30,28.65,17.77,35.24,22.50,,-6.59,10.88,6.15,,0,backfill
,2026-04-17,4879.60,28.95,16.12,35.46,21.09,,-6.51,12.83,7.86,,0,backfill
,2026-04-20,4828.80,28.46,17.38,35.19,20.75,,-6.73,11.08,7.71,,0,backfill
,2026-04-21,4719.60,29.31,22.20,35.61,23.83,,-6.31,7.11,5.48,,0,backfill
,2026-04-22,4753.00,27.09,22.76,34.65,21.39,,-7.56,4.33,5.70,,0,backfill
,2026-04-23,4724.00,27.87,19.20,34.56,21.14,,-6.69,8.67,6.73,,0,backfill
,2026-04-24,4740.90,25.88,19.62,34.54,21.14,,-8.66,6.26,4.74,,0,backfill
,2026-04-27,4693.70,25.37,20.15,34.48,21.09,,-9.11,5.22,4.28,,0,backfill
,2026-04-28,4608.40,26.19,17.17,34.69,21.96,,-8.50,9.02,4.23,,0,backfill
,2026-04-29,4561.50,27.77,17.16,34.73,22.25,,-6.96,10.61,5.52,,0,backfill
,2026-04-30,4629.60,26.64,18.42,34.60,20.09,,-7.96,8.22,6.55,,0,backfill
,2026-05-01,4644.50,26.43,17.69,29.70,21.19,,-3.27,8.74,5.24,,0,backfill
,2026-05-04,4533.30,27.92,21.77,30.48,22.87,,-2.56,6.15,5.05,,0,backfill
,2026-05-05,4568.50,26.61,22.66,28.45,22.71,,-1.84,3.95,3.90,,0,backfill
,2026-05-06,4694.30,26.34,29.39,29.42,26.14,,-3.08,-3.05,0.20,,0,backfill
,2026-05-07,4710.90,27.03,26.43,27.88,24.26,,-0.85,0.60,2.77,,0,backfill
,2026-05-08,4730.70,26.48,24.72,25.09,23.88,,1.39,1.76,2.60,,0,backfill
,2026-05-11,4728.70,27.48,23.91,24.08,23.70,,3.40,3.57,3.78,,0,backfill
,2026-05-12,4686.70,27.16,24.96,24.20,24.67,,2.96,2.20,2.49,,0,backfill
,2026-05-13,4706.70,26.56,17.44,23.01,22.51,,3.55,9.12,4.05,,0,backfill
,2026-05-14,4685.30,25.79,18.28,20.57,22.50,,5.22,7.51,3.29,,0,backfill
,2026-05-15,4561.90,26.34,17.68,20.41,21.56,,5.93,8.66,4.78,,0,backfill
,2026-05-18,4558.00,26.20,17.07,20.40,22.27,,5.80,9.13,3.93,,0,backfill
,2026-05-19,4511.20,26.63,16.08,20.58,23.45,,6.05,10.55,3.18,,0,backfill
,2026-05-20,4535.30,25.17,17.36,19.73,23.57,,5.44,7.81,1.60,,0,backfill
,2026-05-21,4542.50,24.59,17.75,19.52,22.11,,5.07,6.84,2.48,,0,backfill
,2026-05-22,4523.20,23.86,16.69,19.48,22.15,,4.38,7.17,1.71,,0,backfill
,2026-05-26,4502.30,24.27,16.69,19.49,22.88,,4.78,7.58,1.39,,0,backfill
,2026-05-27,4448.40,24.47,9.87,18.83,21.97,,5.64,14.60,2.50,,0,backfill
,2026-05-28,4499.30,24.83,13.40,19.26,23.65,,5.57,11.43,1.18,,0,backfill
,2026-05-29,4593.00,24.91,17.43,20.37,23.04,,4.54,7.48,1.87,,0,backfill
,2026-06-01,4506.30,25.64,21.48,20.38,22.96,,5.26,4.16,2.68,,0,backfill
,2026-06-02,4519.90,24.44,21.57,20.30,22.85,,4.14,2.87,1.59,,0,backfill
,2026-06-03,4466.90,24.49,22.54,19.56,23.08,,4.93,1.95,1.41,,0,backfill
,2026-06-04,4505.00,23.87,23.21,19.63,22.82,,4.24,0.66,1.05,,0,backfill
,2026-06-05,4365.30,28.89,29.55,21.41,24.65,,7.48,-0.66,4.24,,0,backfill
,2026-06-08,4363.40,27.17,28.00,21.34,22.60,,5.83,-0.83,4.57,,0,backfill
,2026-06-09,4286.40,28.04,22.55,21.69,23.53,,6.35,5.49,4.51,,0,backfill
,2026-06-10,4133.30,32.18,27.39,23.36,27.55,,8.82,4.79,4.63,,0,backfill
,2026-06-11,4114.00,28.33,25.93,23.28,31.74,,5.05,2.40,-3.41,,0,backfill
,2026-06-12,4238.80,26.85,36.81,24.67,31.90,,2.18,-9.96,-5.05,,0,backfill
,2026-06-15,4351.60,26.47,41.32,26.04,32.29,,0.43,-14.85,-5.82,,0,backfill
,2026-06-16,4354.40,25.18,36.91,25.19,29.38,,-0.01,-11.73,-4.20,,0,backfill
,2026-06-17,4381.40,28.45,37.12,25.15,31.72,,3.30,-8.67,-3.27,,0,backfill
,2026-06-18,4245.90,27.90,40.68,25.10,31.79,,2.80,-12.78,-3.89,,0,backfill
,2026-06-22,4202.70,26.15,33.65,25.09,28.20,,1.06,-7.50,-2.05,,0,backfill
,2026-06-23,4149.40,27.41,34.69,25.10,24.38,,2.31,-7.28,3.03,,0,backfill
,2026-06-24,4008.80,31.60,33.84,26.53,27.31,,5.07,-2.24,4.29,,0,backfill
,2026-06-25,4047.60,29.58,27.68,26.87,26.86,,2.71,1.90,2.72,,0,backfill
,2026-06-26,4096.30,27.18,30.28,27.19,28.39,,-0.01,-3.10,-1.21,,0,backfill
,2026-06-29,4038.90,27.70,28.48,27.32,26.06,,0.38,-0.78,1.64,,0,backfill
,2026-06-30,4038.50,27.20,25.37,26.56,26.09,,0.64,1.83,1.11,,0,backfill
,2026-07-01,4082.40,27.12,27.36,26.90,28.69,,0.22,-0.24,-1.57,,0,backfill
,2026-07-02,4125.70,26.00,27.85,27.13,28.93,,-1.13,-1.85,-2.93,,0,backfill
,2026-07-06,4167.50,25.33,15.19,27.29,26.16,,-1.96,10.14,-0.83,,0,backfill
,2026-07-07,4157.40,26.21,15.55,27.26,26.24,,-1.05,10.66,-0.03,,0,backfill
,2026-07-08,4082.40,27.60,19.06,27.61,26.17,,-0.01,8.54,1.43,,0,backfill
,2026-07-09,4140.80,25.33,18.10,28.08,25.99,,-2.75,7.23,-0.66,,0,backfill
,2026-07-10,4113.70,23.95,19.04,27.96,24.18,,-4.01,4.91,-0.23,,0,backfill
,2026-07-13,4005.70,26.93,24.69,28.48,22.33,,-1.55,2.24,4.60,,0,backfill
,2026-07-14,4069.70,25.02,26.05,28.15,22.71,,-3.13,-1.03,2.31,,0,backfill
,2026-07-15,4051.80,24.88,24.66,27.79,22.54,,-2.91,0.22,2.34,,0,backfill
,2026-07-16,3992.10,26.65,25.43,27.91,22.92,,-1.26,1.22,3.73,,0,backfill
,2026-07-17,4018.80,25.60,24.70,27.98,21.51,,-2.38,0.90,4.09,,0,backfill
,2026-07-20,4015.90,25.37,22.00,27.76,20.87,,-2.39,3.37,4.50,,0,backfill
,2026-07-21,4076.40,23.94,24.72,26.99,21.64,,-3.05,-0.78,2.30,,0,backfill
,2026-07-22,4151.90,24.02,19.58,27.64,20.47,,-3.62,4.44,3.55,,0,backfill
,2026-07-23,4050.20,25.14,24.74,28.07,19.52,,-2.93,0.40,5.62,,0,backfill
,2026-07-24,4070.80,24.33,24.79,26.15,19.40,,-1.82,-0.46,4.93,,0,backfill
,2026-07-27,4077.00,24.13,22.31,26.13,17.88,,-2.00,1.82,6.25,,0,backfill
,2026-07-28,4038.70,24.62,23.27,24.62,18.13,,-0.00,1.35,6.49,,0,backfill
,2026-07-29,4036.30,24.64,23.27,23.17,20.41,,1.47,1.37,4.23,,0,backfill
,2026-07-30,4100.10,24.48,23.46,23.75,20.42,,0.73,1.02,4.06,,0,backfill
,2026-07-31,4107.00,23.31,20.13,23.65,20.55,,-0.34,3.18,2.76,,0,backfill
,2026-08-03,4090.50,23.65,12.44,21.98,19.54,,1.67,11.21,4.11,,0,backfill
,2026-08-04,4152.60,23.50,14.88,22.30,19.62,,1.20,8.62,3.88,,0,backfill
,2026-08-05,4305.20,25.59,24.76,24.35,25.97,,1.24,0.83,-0.38,,0,backfill
,2026-08-06,4299.60,24.86,22.79,21.89,26.03,,2.97,2.07,-1.17,,0,backfill
,2026-08-07,4399.70,25.64,23.04,22.61,26.52,,3.03,2.60,-0.88,,0,backfill
,2026-08-10,4419.70,27.90,23.33,22.45,26.13,,5.45,4.57,1.77,,0,backfill
,2026-08-11,4441.10,25.99,22.89,21.90,25.61,,4.09,3.10,0.38,,0,backfill
,2026-08-12,4467.50,25.58,20.79,21.89,25.68,,3.69,4.79,-0.10,,0,backfill
,2026-08-13,4420.40,23.87,24.82,22.13,26.55,,1.74,-0.95,-2.68,,0,backfill
,2026-08-14,4437.30,23.92,15.96,22.01,21.15,,1.91,7.96,2.77,,0,backfill
,2026-08-17,4473.70,25.12,15.57,21.96,20.66,,3.16,9.55,4.46,,0,backfill
,2026-08-18,4420.60,23.98,13.16,22.31,19.08,,1.67,10.82,4.90,,0,backfill
,2026-08-19,4545.30,26.68,21.06,22.67,24.35,,4.01,5.62,2.33,,0,backfill
,2026-08-20,4571.40,27.28,21.09,22.45,24.57,,4.83,6.19,2.71,,0,backfill
,2026-08-21,4680.60,27.29,24.16,23.00,25.60,,4.29,3.13,1.69,,0,backfill
,2026-08-24,4697.80,28.28,21.22,21.05,24.93,,7.23,7.06,3.35,,0,backfill
,2026-08-25,4694.50,27.69,21.82,20.88,24.94,,6.81,5.87,2.75,,0,backfill
,2026-08-26,4653.30,26.96,24.05,21.09,25.42,,5.87,2.91,1.54,,0,backfill
,2026-08-27,4664.00,26.80,21.00,20.28,24.63,,6.52,5.80,2.17,,0,backfill
,2026-08-28,4529.90,25.17,25.40,22.58,23.76,,2.59,-0.23,1.41,,0,backfill
,2026-08-31,4481.50,24.40,25.63,22.95,23.45,,1.45,-1.23,0.95,,0,backfill
,2026-09-01,4396.40,25.43,19.12,23.61,24.20,,1.82,6.31,1.23,,0,backfill
,2026-09-02,4414.60,26.14,19.25,23.14,25.12,,3.00,6.89,1.02,,0,backfill
,2026-09-03,4539.90,27.18,29.39,22.87,26.26,,4.31,-2.21,0.92,,0,backfill
,2026-09-04,4476.60,26.63,29.86,23.44,27.22,,3.19,-3.23,-0.59,,0,backfill
,2026-09-08,4439.00,27.26,29.37,23.68,27.89,,3.58,-2.11,-0.63,,0,backfill
,2026-09-09,4460.70,27.79,25.45,23.40,24.66,,4.39,2.34,3.13,,0,backfill
,2026-09-10,4407.30,28.48,25.64,23.79,25.98,,4.69,2.84,2.50,,0,backfill
,2026-09-11,4408.90,25.68,22.79,23.49,25.08,,2.19,2.89,0.60,,0,backfill
,2026-09-14,4351.90,26.54,23.91,23.92,24.77,,2.62,2.63,1.77,,0,backfill
2026-09-14T11:18:35.635870+00:00,,4334.40,25.68,23.09,23.59,12.35,,2.09,2.59,13.33,,1,live_v1
2026-09-14T18:20:38.596758+00:00,,4350.60,26.77,25.11,23.97,16.25,,2.80,1.66,10.52,,1,live_v1
,2026-09-15,4332.80,26.90,11.49,23.92,22.89,,2.98,15.41,4.01,,0,backfill
2026-09-15T05:40:26.699034+00:00,,4338.70,26.54,14.93,23.93,15.04,,2.61,11.61,11.50,,1,live_v1
2026-09-15T17:28:13.645457+00:00,,4335.70,27.23,11.56,23.91,22.89,,3.32,15.67,4.34,,1,live_v1
,2026-09-16,4387.50,26.55,14.90,23.81,23.58,,2.74,11.65,2.97,,0,backfill
2026-09-16T05:33:52.373747+00:00,,4364.90,26.90,12.83,23.66,21.26,,3.24,14.07,5.64,,1,live_v1
2026-09-16T17:27:25.142752+00:00,,4385.60,27.33,14.71,23.80,21.83,,3.53,12.62,5.50,,1,live_v1
,2026-09-17,4399.70,24.98,14.66,21.50,24.34,,3.48,10.32,0.64,,0,backfill
2026-09-17T05:39:22.204716+00:00,,4325.80,26.55,16.14,21.91,22.48,,4.64,10.41,4.07,,1,live_v1
2026-09-17T17:27:14.677048+00:00,,4400.10,25.20,14.67,21.50,24.34,,3.70,10.53,0.86,,1,live_v1
,2026-09-18,4424.90,23.31,14.81,21.53,23.74,,1.78,8.50,-0.43,,0,backfill
2026-09-18T05:28:04.014161+00:00,,4407.40,24.98,14.22,21.49,23.28,,3.49,10.76,1.70,,1,live_v1
2026-09-18T16:55:29.238307+00:00,,4416.90,24.00,14.50,21.51,23.74,,2.49,9.50,0.26,,1,live_v1
2026-09-19T05:23:46.870793+00:00,,4424.90,23.31,14.81,21.53,23.74,,1.78,8.50,-0.43,,0,live_v1
2026-09-19T16:13:24.552524+00:00,,4424.90,23.31,14.81,21.53,23.74,,1.78,8.50,-0.43,,0,live_v1
2026-09-20T05:36:33.505712+00:00,,4424.90,23.31,14.81,21.53,23.74,,1.78,8.50,-0.43,,0,live_v1
2026-09-20T16:40:47.340099+00:00,,4424.90,23.31,14.81,21.53,23.74,,1.78,8.50,-0.43,,0,live_v1
,2026-09-21,4383.90,23.38,14.04,20.68,22.02,,2.70,9.34,1.36,,0,backfill
2026-09-21T05:46:17.244258+00:00,,4392.70,23.31,13.57,20.61,21.60,,2.70,9.74,1.71,,1,live_v1
2026-09-21T18:27:42.576357+00:00,,4390.90,23.33,13.66,20.62,22.02,,2.71,9.67,1.31,,1,live_v1
,2026-09-22,4376.40,23.59,14.02,20.63,21.25,,2.96,9.57,2.34,,0,backfill
2026-09-22T05:43:51.221502+00:00,,4367.60,23.38,14.11,20.65,20.51,,2.73,9.27,2.87,,1,live_v1
2026-09-22T17:31:05.817593+00:00,,4377.40,23.20,14.02,20.63,21.25,,2.57,9.18,1.95,,1,live_v1
,2026-09-23,4318.40,22.77,14.14,20.91,21.01,,1.86,8.63,1.76,,0,backfill
2026-09-23T05:25:54.534268+00:00,,4379.30,,11.25,20.58,19.67,,,,,,1,live_v1
2026-09-23T17:41:54.525863+00:00,,4315.90,22.87,14.35,20.94,20.98,,1.93,8.52,1.89,,1,live_v1
,2026-09-24,4298.00,22.58,14.18,20.83,21.07,,1.75,8.40,1.51,,0,backfill
2026-09-24T05:45:07.370755+00:00,,4320.10,22.77,13.96,20.81,20.62,,1.96,8.81,2.15,,1,live_v1
2026-09-24T17:44:15.950034+00:00,,4301.30,22.84,14.10,20.82,21.07,,2.02,8.74,1.77,,1,live_v1
,2026-09-25,4321.20,22.44,11.70,20.73,18.35,,1.71,10.74,4.09,,0,backfill
2026-09-25T05:41:45.554904+00:00,,4302.00,22.58,10.76,20.65,17.92,,1.93,11.82,4.66,,1,live_v1
2026-09-25T17:45:34.528440+00:00,,4318.90,22.47,11.56,20.72,18.35,,1.75,10.91,4.12,,1,live_v1
2026-09-26T05:44:53.183212+00:00,,4321.20,22.44,11.70,20.73,18.35,,1.71,10.74,4.09,,0,live_v1
2026-09-26T16:52:12.762962+00:00,,4321.20,22.44,11.70,20.73,18.35,,1.71,10.74,4.09,,0,live_v1
2026-09-27T06:04:31.521799+00:00,,4321.20,22.44,11.70,20.73,18.35,,1.71,10.74,4.09,,0,live_v1
2026-09-27T17:28:20.426791+00:00,,4321.20,22.44,11.70,20.73,18.35,,1.71,10.74,4.09,,0,live_v1
,2026-09-28,4168.40,24.83,22.74,23.05,20.96,,1.78,2.09,3.87,,0,backfill
2026-09-28T06:13:37.930306+00:00,,4208.40,22.44,17.97,21.97,17.52,,0.47,4.47,4.92,,1,live_v1
2026-09-28T19:59:25.074163+00:00,,4160.50,24.81,23.74,23.30,20.96,,1.51,1.07,3.85,,1,live_v1
,2026-09-29,4179.70,24.37,22.05,22.89,21.17,,1.48,2.32,3.20,,0,backfill
2026-09-29T06:30:21.844468+00:00,,4173.20,24.83,21.75,22.87,20.43,,1.96,3.08,4.40,,1,live_v1
2026-09-29T18:27:16.344831+00:00,,4202.30,24.47,18.66,22.11,15.87,,2.36,5.81,8.60,,1,live_v1
,2026-09-30,4186.70,23.74,22.78,22.73,21.48,,1.01,0.96,2.26,,0,backfill
2026-09-30T06:13:54.761593+00:00,,4211.40,24.37,23.92,22.87,20.64,,1.50,0.45,3.73,,1,live_v1
2026-09-30T18:15:59.716390+00:00,,4180.40,24.02,22.57,22.71,21.48,,1.31,1.45,2.54,,1,live_v1
,2026-10-01,4202.30,23.32,23.49,21.01,20.77,,2.31,-0.17,2.55,,0,backfill
2026-10-01T06:44:57.269543+00:00,,4218.70,23.74,24.26,21.14,20.77,,2.60,-0.52,2.97,,1,live_v1
2026-10-01T18:41:21.598116+00:00,,4203.40,23.54,23.54,21.02,20.77,,2.52,0.00,2.77,,1,live_v1
,2026-10-02,4162.30,23.23,23.09,20.95,21.18,,2.28,0.14,2.05,,0,backfill
2026-10-02T06:33:16.652642+00:00,,4220.20,23.32,23.49,20.96,19.94,,2.36,-0.17,3.38,,1,live_v1
2026-10-02T18:12:34.644123+00:00,,4164.70,23.30,23.05,20.93,21.18,,2.37,0.25,2.12,,1,live_v1
2026-10-03T05:57:32.233221+00:00,,4162.30,23.23,23.09,20.95,21.18,,2.28,0.14,2.05,,0,live_v1
2026-10-03T16:57:49.589908+00:00,,4162.30,23.23,23.09,20.95,21.18,,2.28,0.14,2.05,,0,live_v1
2026-10-04T06:34:24.383314+00:00,,4162.30,23.23,23.09,20.95,21.18,,2.28,0.14,2.05,,0,live_v1
2026-10-04T17:17:03.774698+00:00,,4162.30,23.23,23.09,20.95,21.18,,2.28,0.14,2.05,,0,live_v1
,2026-10-05,4156.80,23.18,23.21,19.37,21.01,,3.81,-0.03,2.17,,0,backfill
2026-10-05T06:28:39.671274+00:00,,4179.60,23.23,23.78,19.50,20.85,,3.73,-0.55,2.38,,1,live_v1
,2026-10-06,4187.10,22.97,23.58,19.52,21.54,,3.45,-0.61,1.43,,0,backfill
2026-10-06T07:04:50.515919+00:00,,4159.00,23.18,22.49,19.28,20.79,,3.90,0.69,2.39,,1,live_v1
2026-10-06T18:45:49.947667+00:00,,4195.40,22.78,24.02,19.63,21.42,,3.15,-1.24,1.36,,1,live_v1
2026-10-07T06:46:46.050044+00:00,,4158.60,22.97,9.52,19.52,16.21,,3.45,13.45,6.76,,1,live_v1
