timestamp_utc,last_bar_date,years,n_obs,r2,b0,b1,b2,b3,today_vol_pct,forecast_vol_pct,gvz,gap_gvz_forecast,partial_bar,source
,2022-03-28,2,482,0.06311,5.31911e-05,0.1132,0.2427,0.1399,21.7,17.76,23.2,5.442,0,backfill
,2022-03-29,2,483,0.06329,5.30311e-05,0.1138,0.2409,0.1436,20.53,17.91,21.28,3.371,0,backfill
,2022-03-30,2,483,0.06325,5.37644e-05,0.1134,0.2494,0.1252,11.14,16.54,21.08,4.541,0,backfill
,2022-03-31,2,483,0.06321,5.38377e-05,0.1135,0.25,0.1234,15.18,16.85,20.25,3.398,0,backfill
,2022-04-01,2,483,0.06327,5.35847e-05,0.1143,0.246,0.1298,11.39,16.53,19.08,2.553,0,backfill
,2022-04-04,2,482,0.06304,5.3269e-05,0.1137,0.2414,0.1395,11.56,16.11,19.22,3.112,0,backfill
,2022-04-05,2,483,0.06304,5.33375e-05,0.1138,0.2423,0.1373,13.8,15.89,18.47,2.578,0,backfill
,2022-04-06,2,483,0.06316,5.36364e-05,0.1138,0.2473,0.1272,10.59,15.44,18.88,3.435,0,backfill
,2022-04-07,2,483,0.06329,5.36927e-05,0.1144,0.2481,0.1247,9.077,14.72,18.43,3.706,0,backfill
,2022-04-08,2,483,0.06334,5.36813e-05,0.1147,0.2471,0.1261,10.71,14.53,18.37,3.845,0,backfill
,2022-04-11,2,483,0.06315,5.37362e-05,0.1143,0.2453,0.1292,15.43,15.17,19.25,4.081,0,backfill
,2022-04-12,2,484,0.06319,5.37098e-05,0.1143,0.2455,0.1291,14.39,15.03,19.37,4.338,0,backfill
,2022-04-13,2,484,0.06319,5.36357e-05,0.1139,0.2461,0.1294,9.408,14.46,18.7,4.237,0,backfill
,2022-04-14,2,484,0.06328,5.35652e-05,0.1139,0.2462,0.1295,10.29,14.47,17.71,3.239,0,backfill
,2022-04-18,2,482,0.06361,5.36926e-05,0.1158,0.2446,0.1291,13.71,14.9,19.07,4.169,0,backfill
,2022-04-19,2,483,0.06343,5.395e-05,0.1158,0.2443,0.1281,19.21,15.84,18.19,2.349,0,backfill
,2022-04-20,2,483,0.0631,5.40184e-05,0.1146,0.2449,0.1283,9.725,14.6,18.15,3.546,0,backfill
,2022-04-21,2,483,0.06323,5.38279e-05,0.1148,0.245,0.1289,10.81,14.72,18.22,3.499,0,backfill
,2022-04-22,2,483,0.063,5.42121e-05,0.115,0.2443,0.1273,14.62,15.29,18.97,3.683,0,backfill
,2022-04-25,2,482,0.06248,5.47303e-05,0.1149,0.2442,0.1247,21.77,16.72,19.47,2.751,0,backfill
,2022-04-26,2,483,0.06235,5.44083e-05,0.1139,0.2446,0.1268,7.96,14.7,19.23,4.528,0,backfill
,2022-04-27,2,483,0.06231,5.44461e-05,0.1141,0.2443,0.1266,13.33,15.28,19.16,3.876,0,backfill
,2022-04-28,2,483,0.0624,5.42615e-05,0.1141,0.2443,0.1276,13.61,15.36,19,3.642,0,backfill
,2022-04-29,2,483,0.06235,5.43142e-05,0.1143,0.2439,0.1274,13.9,15.31,19.83,4.517,0,backfill
,2022-05-02,2,482,0.06263,5.38345e-05,0.1137,0.244,0.131,23.87,16.85,20.06,3.208,0,backfill
,2022-05-03,2,483,0.0626,5.37274e-05,0.1132,0.2443,0.1317,14.68,15.84,19.71,3.871,0,backfill
,2022-05-04,2,483,0.06262,5.37837e-05,0.1135,0.2443,0.1311,15.7,16.08,18.81,2.731,0,backfill
,2022-05-05,2,483,0.06277,5.30076e-05,0.1142,0.2386,0.14,19.36,16.8,19.36,2.564,0,backfill
,2022-05-06,2,483,0.06302,5.30637e-05,0.1153,0.2393,0.1383,14.71,16.3,18.71,2.414,0,backfill
,2022-05-09,2,482,0.06286,5.3043e-05,0.1155,0.2382,0.1392,17.66,16.29,20.49,4.201,0,backfill
,2022-05-10,2,483,0.06286,5.30125e-05,0.1155,0.2381,0.1394,15.57,16.11,20.02,3.909,0,backfill
,2022-05-11,2,483,0.06294,5.30256e-05,0.1155,0.2389,0.1386,14.06,15.9,20.26,4.364,0,backfill
,2022-05-12,2,483,0.06295,5.33202e-05,0.1148,0.2411,0.1363,20.06,16.71,21.51,4.801,0,backfill
,2022-05-13,2,483,0.06303,5.30999e-05,0.1151,0.2405,0.1371,15.99,16.25,21.2,4.949,0,backfill
,2022-05-16,2,482,0.06311,5.35679e-05,0.1151,0.2417,0.1351,21.65,17.31,21.16,3.851,0,backfill
,2022-05-17,2,483,0.06296,5.34495e-05,0.1146,0.2416,0.1357,12.45,16.1,20.05,3.947,0,backfill
,2022-05-18,2,483,0.06293,5.3324e-05,0.1151,0.2407,0.1363,9.408,15.67,19.69,4.024,0,backfill
,2022-05-19,2,483,0.06284,5.34293e-05,0.1144,0.2418,0.1358,20.75,16.93,20.25,3.318,0,backfill
,2022-05-20,2,483,0.06268,5.33186e-05,0.1138,0.2419,0.1363,8.916,15.42,19.31,3.891,0,backfill
,2022-05-23,2,482,0.06274,5.32562e-05,0.1143,0.2413,0.1366,10.8,14.99,19.63,4.637,0,backfill
,2022-05-24,2,483,0.06287,5.31543e-05,0.1144,0.2418,0.1361,11.03,14.93,19.13,4.199,0,backfill
,2022-05-25,2,484,0.06291,5.31384e-05,0.1144,0.2419,0.1361,14.41,15.39,18.27,2.881,0,backfill
,2022-05-26,2,484,0.06298,5.30726e-05,0.1142,0.2421,0.1369,8.528,14.29,17.81,3.522,0,backfill
,2022-05-27,2,484,0.06333,5.2841e-05,0.1146,0.2434,0.1356,7.613,14.14,17.5,3.358,0,backfill
,2022-05-31,2,483,0.06332,5.29867e-05,0.1151,0.2417,0.1371,15.12,15.03,17.19,2.162,0,backfill
,2022-06-01,2,483,0.06361,5.27297e-05,0.1146,0.2444,0.135,11.8,14.67,16.94,2.268,0,backfill
,2022-06-02,2,483,0.0637,5.27625e-05,0.115,0.2435,0.1357,14.3,14.85,17.13,2.279,0,backfill
,2022-06-03,2,483,0.06371,5.28435e-05,0.1149,0.2434,0.1364,14.78,15.15,16.51,1.359,0,backfill
,2022-06-06,2,482,0.06384,5.26965e-05,0.1147,0.244,0.1366,9.368,14.66,16.81,2.154,0,backfill
,2022-06-07,2,483,0.06402,5.25286e-05,0.115,0.2441,0.137,10.16,14.44,16.64,2.202,0,backfill
,2022-06-08,2,483,0.06423,5.23657e-05,0.1151,0.2446,0.1373,8.123,14.12,16.04,1.92,0,backfill
,2022-06-09,2,483,0.06441,5.22827e-05,0.1153,0.2446,0.1377,8.194,13.83,16.29,2.464,0,backfill
,2022-06-10,2,483,0.06282,5.35314e-05,0.1145,0.2417,0.1349,27.32,17.31,17.58,0.2651,0,backfill
,2022-06-13,2,482,0.06277,5.49259e-05,0.1233,0.2324,0.1297,32.71,19.94,20.84,0.9015,0,backfill
,2022-06-14,2,483,0.06225,5.47827e-05,0.1205,0.2329,0.1318,14.25,17.14,21.99,4.846,0,backfill
,2022-06-15,2,483,0.06214,5.49798e-05,0.12,0.2341,0.1304,19.31,18.16,19.4,1.237,0,backfill
,2022-06-16,2,483,0.06226,5.53595e-05,0.1196,0.2373,0.1264,22.77,19.25,20.65,1.405,0,backfill
,2022-06-17,2,483,0.0615,5.54303e-05,0.1198,0.2317,0.1305,13.1,17.33,20.28,2.95,0,backfill
,2022-06-21,2,482,0.06121,5.5165e-05,0.1211,0.2272,0.1343,9.173,15.6,18.24,2.642,0,backfill
,2022-06-22,2,482,0.06135,5.49312e-05,0.1213,0.2271,0.1352,13.39,15.87,18.29,2.42,0,backfill
,2022-06-23,2,482,0.06131,5.50112e-05,0.1216,0.2266,0.1348,13.19,15.58,18.65,3.068,0,backfill
,2022-06-24,2,482,0.06172,5.43584e-05,0.1221,0.2262,0.1377,8.355,14.44,17.92,3.479,0,backfill
,2022-06-27,2,481,0.06254,5.24992e-05,0.1194,0.2253,0.1506,10.93,14.5,17.88,3.385,0,backfill
,2022-06-28,2,482,0.06283,5.22759e-05,0.1194,0.2266,0.15,6.164,14.02,17.95,3.928,0,backfill
,2022-06-29,2,482,0.06297,5.22565e-05,0.1194,0.2277,0.1491,12.66,14.52,18.08,3.561,0,backfill
,2022-06-30,2,482,0.06315,5.22429e-05,0.119,0.2297,0.1477,12.77,14.53,19.61,5.079,0,backfill
,2022-07-01,2,482,0.06333,5.23982e-05,0.1183,0.2327,0.1454,16.01,15.2,20.17,4.968,0,backfill
,2022-07-05,2,482,0.06221,5.27024e-05,0.122,0.2189,0.1538,27.82,18.14,21.33,3.191,0,backfill
,2022-07-06,2,482,0.06236,5.27769e-05,0.1234,0.2174,0.1541,22.21,17.81,21.91,4.101,0,backfill
,2022-07-07,2,482,0.062,5.26718e-05,0.1227,0.2167,0.155,7.391,16.03,20.5,4.469,0,backfill
,2022-07-08,2,482,0.06205,5.22725e-05,0.1246,0.2113,0.157,14.09,16.58,19.41,2.828,0,backfill
,2022-07-11,2,481,0.07211,5.17142e-05,0.1457,0.1457,0.1779,7.688,15.29,19.72,4.429,0,backfill
,2022-07-12,2,482,0.07218,5.16363e-05,0.1463,0.1448,0.1782,11.34,15.01,19.78,4.766,0,backfill
,2022-07-13,2,482,0.04377,5.54936e-05,0.07386,0.158,0.1928,22.01,16.19,18.36,2.175,0,backfill
,2022-07-14,2,482,0.04078,5.57084e-05,0.07508,0.153,0.1959,22.13,16.57,19.6,3.031,0,backfill
,2022-07-15,2,482,0.04279,5.42723e-05,0.06861,0.1843,0.1865,9.839,15.32,19.27,3.952,0,backfill
,2022-07-18,2,481,0.03858,5.46073e-05,0.07697,0.1671,0.1897,9.794,15.26,19.42,4.157,0,backfill
,2022-07-19,2,482,0.03867,5.44092e-05,0.07776,0.1659,0.1906,7.752,14.99,18.63,3.641,0,backfill
,2022-07-20,2,482,0.03133,6.03999e-05,0.09259,0.1169,0.1549,12.66,14.83,19.26,4.43,0,backfill
,2022-07-21,2,482,0.03213,5.94893e-05,0.09911,0.1142,0.1645,23.06,16.14,18.71,2.566,0,backfill
,2022-07-22,2,482,0.03096,6.02706e-05,0.1001,0.1116,0.1568,14.7,15.26,18.3,3.037,0,backfill
,2022-07-25,2,481,0.03165,5.85546e-05,0.09855,0.1154,0.1729,12,15.05,18.3,3.251,0,backfill
,2022-07-26,2,482,0.03176,5.83492e-05,0.09892,0.115,0.1736,8.264,14.76,18.06,3.297,0,backfill
,2022-07-27,2,482,0.02977,6.08135e-05,0.1032,0.1098,0.1478,16.86,15.62,17.39,1.769,0,backfill
,2022-07-28,2,482,0.02515,6.62693e-05,0.09389,0.1338,0.07181,12.58,14.89,16.84,1.945,0,backfill
,2022-07-29,2,482,0.02238,6.82538e-05,0.0876,0.14,0.04849,8.515,14.49,16.49,1.996,0,backfill
,2022-08-01,2,481,0.0237,6.56878e-05,0.08803,0.1419,0.07353,9.729,14.49,17.52,3.025,0,backfill
,2022-08-02,2,482,0.02369,6.57286e-05,0.08799,0.1417,0.07361,15.44,15.1,17.34,2.243,0,backfill
,2022-08-03,2,482,0.02326,6.62212e-05,0.08853,0.1416,0.06649,10.39,14.51,16.76,2.247,0,backfill
,2022-08-04,2,482,0.0235,6.5296e-05,0.08809,0.1407,0.07897,17.31,15.17,16.95,1.781,0,backfill
,2022-08-05,2,482,0.02341,6.54345e-05,0.0883,0.1404,0.07794,16.67,15.28,16.37,1.094,0,backfill
,2022-08-08,2,481,0.0233,6.53594e-05,0.08799,0.1415,0.07678,10.35,14.78,16.76,1.976,0,backfill
,2022-08-09,2,482,0.02341,6.51152e-05,0.0884,0.141,0.0782,9.28,14.55,16.69,2.142,0,backfill
,2022-08-10,2,482,0.02376,6.38626e-05,0.08866,0.137,0.09506,11.19,14.67,16.27,1.597,0,backfill
,2022-08-11,2,482,0.02428,6.17944e-05,0.08857,0.1297,0.1241,8.601,14.27,15.81,1.535,0,backfill
,2022-08-12,2,482,0.02453,6.11057e-05,0.08845,0.1281,0.1328,10.27,14.13,15.22,1.092,0,backfill
,2022-08-15,2,481,0.02456,6.06024e-05,0.08838,0.1231,0.1452,16.55,14.75,15.37,0.6198,0,backfill
,2022-08-16,2,482,0.02472,6.01519e-05,0.08769,0.1245,0.1477,6.704,13.98,15.27,1.291,0,backfill
,2022-08-17,2,482,0.02485,5.99485e-05,0.08783,0.124,0.1499,12.12,14.32,15.32,1.001,0,backfill
,2022-08-18,2,482,0.02519,5.90803e-05,0.08818,0.1197,0.1635,9.386,14.14,15.36,1.218,0,backfill
,2022-08-19,2,482,0.02669,6.21051e-05,0.09176,0.1467,0.08955,7.665,13.95,15.91,1.962,0,backfill
,2022-08-22,2,481,0.02727,6.25187e-05,0.1024,0.1351,0.08352,11.92,14.05,16.57,2.524,0,backfill
,2022-08-23,2,482,0.02733,6.24513e-05,0.1024,0.1352,0.08391,13.25,14.28,15.8,1.517,0,backfill
,2022-08-24,2,482,0.0278,6.16891e-05,0.103,0.137,0.08932,7.953,13.75,15.9,2.153,0,backfill
,2022-08-25,2,482,0.02833,6.09762e-05,0.1021,0.1407,0.09413,8.506,13.74,15.57,1.833,0,backfill
,2022-08-26,2,482,0.02811,6.12142e-05,0.103,0.1382,0.09263,14.14,14.34,15.42,1.081,0,backfill
,2022-08-29,2,481,0.0284,6.08093e-05,0.1025,0.1388,0.09902,14.48,14.44,16.02,1.579,0,backfill
,2022-08-30,2,482,0.02851,6.05226e-05,0.1023,0.139,0.1013,10.89,14.05,16.52,2.47,0,backfill
,2022-08-31,2,482,0.02869,6.01795e-05,0.1023,0.1389,0.1044,9.593,13.97,17.02,3.054,0,backfill
,2022-09-01,2,482,0.02875,6.01102e-05,0.1023,0.1386,0.1054,13.32,14.36,17.8,3.435,0,backfill
,2022-09-02,2,482,0.02881,6.00236e-05,0.1023,0.139,0.1052,13.1,14.32,16.88,2.559,0,backfill
,2022-09-06,2,481,0.02905,6.00832e-05,0.1025,0.1422,0.09925,14.82,14.48,17.68,3.197,0,backfill
,2022-09-07,2,482,0.029,6.02676e-05,0.1026,0.1422,0.0977,16.39,14.81,16.77,1.963,0,backfill
,2022-09-08,2,482,0.02907,6.01269e-05,0.102,0.1426,0.1004,14.19,14.69,16.4,1.706,0,backfill
,2022-09-09,2,482,0.02917,5.99357e-05,0.1028,0.1415,0.1008,11.63,14.41,15.91,1.5,0,backfill
,2022-09-12,2,481,0.02962,5.97935e-05,0.1046,0.1405,0.1013,13.25,14.56,15.79,1.232,0,backfill
,2022-09-13,2,482,0.02943,6.03369e-05,0.1044,0.1417,0.09606,20.01,15.58,16.93,1.348,0,backfill
,2022-09-14,2,482,0.0293,5.98996e-05,0.1035,0.1413,0.1005,7.804,14.17,17.17,3.002,0,backfill
,2022-09-15,2,482,0.02896,6.05165e-05,0.1023,0.1425,0.09744,21.97,15.94,19.66,3.721,0,backfill
,2022-09-16,2,482,0.02896,6.04044e-05,0.1017,0.1423,0.1008,15.93,15.33,18.31,2.979,0,backfill
,2022-09-19,2,481,0.02885,6.01076e-05,0.1012,0.1397,0.108,12.04,14.93,18.37,3.44,0,backfill
,2022-09-20,2,482,0.02889,5.99313e-05,0.1016,0.1386,0.11,11.76,14.66,18.59,3.933,0,backfill
,2022-09-21,2,482,0.02865,6.0293e-05,0.101,0.1387,0.1089,20.21,15.94,18.48,2.538,0,backfill
,2022-09-22,2,482,0.02881,6.02717e-05,0.1011,0.1404,0.1068,17.15,15.43,17.93,2.499,0,backfill
,2022-09-23,2,482,0.02882,6.06983e-05,0.1019,0.1396,0.1052,21.98,16.31,19.42,3.109,0,backfill
,2022-09-26,2,481,0.02856,6.11145e-05,0.1016,0.1386,0.1048,17.12,15.89,20.26,4.371,0,backfill
,2022-09-27,2,482,0.02848,6.10306e-05,0.1016,0.1375,0.1059,12.44,15.46,19.26,3.802,0,backfill
,2022-09-28,2,482,0.02885,6.10458e-05,0.09937,0.1477,0.1004,28.6,17.93,19.27,1.34,0,backfill
,2022-09-29,2,482,0.02854,6.11629e-05,0.09827,0.1465,0.101,13.66,15.98,19.78,3.804,0,backfill
,2022-09-30,2,482,0.02836,6.11703e-05,0.09926,0.1431,0.102,9.614,15.29,19.52,4.231,0,backfill
,2022-10-03,2,481,0.02817,6.14715e-05,0.09654,0.1478,0.1015,24.79,17.26,20.29,3.03,0,backfill
,2022-10-04,2,482,0.02846,6.14373e-05,0.0971,0.148,0.1017,19.22,16.78,19.55,2.765,0,backfill
,2022-10-05,2,482,0.02847,6.1317e-05,0.09741,0.1469,0.1026,15.39,15.86,19.69,3.828,0,backfill
,2022-10-06,2,482,0.02846,6.08155e-05,0.09597,0.1488,0.1025,10.73,15.37,19.67,4.299,0,backfill
,2022-10-07,2,482,0.02873,6.0993e-05,0.09785,0.1482,0.1,13.6,15.66,19.66,3.999,0,backfill
,2022-10-10,2,481,0.0483,5.44185e-05,0.1619,0.1021,0.1308,19.69,16.27,20.54,4.275,0,backfill
,2022-10-11,2,482,0.04815,5.44712e-05,0.1614,0.1028,0.1293,13.51,15.09,20.59,5.505,0,backfill
,2022-10-12,2,482,0.04852,5.42544e-05,0.159,0.1141,0.1225,9.724,14.47,20.4,5.929,0,backfill
,2022-10-13,2,482,0.04898,5.35586e-05,0.1524,0.1311,0.1243,23.2,17.04,20.07,3.031,0,backfill
,2022-10-14,2,482,0.04995,5.30796e-05,0.1484,0.1458,0.1208,18.47,16.34,20.07,3.733,0,backfill
,2022-10-17,2,481,0.04987,5.28211e-05,0.1501,0.1393,0.1293,14.46,15.52,19.96,4.436,0,backfill
,2022-10-18,2,482,0.04972,5.29327e-05,0.1505,0.1391,0.1265,8.854,14.73,19.19,4.463,0,backfill
,2022-10-19,2,482,0.04964,5.27946e-05,0.15,0.1382,0.1304,15.99,15.78,19.41,3.628,0,backfill
,2022-10-20,2,482,0.04957,5.26586e-05,0.15,0.136,0.1343,13.97,15.21,19.23,4.025,0,backfill
,2022-10-21,2,482,0.0494,5.22082e-05,0.1495,0.1303,0.1496,24.39,17.35,19.05,1.703,0,backfill
,2022-10-24,2,481,0.04911,5.32871e-05,0.1473,0.1442,0.1214,15.78,15.73,19.58,3.852,0,backfill
,2022-10-25,2,482,0.04909,5.33131e-05,0.1473,0.1442,0.1208,14.76,15.66,19.33,3.67,0,backfill
,2022-10-26,2,482,0.04971,5.27674e-05,0.1489,0.1405,0.1304,14.64,15.61,18.67,3.058,0,backfill
,2022-10-27,2,482,0.04971,5.38551e-05,0.1521,0.1417,0.1094,9.324,14.79,18.51,3.721,0,backfill
,2022-10-28,2,482,0.05025,5.32883e-05,0.1531,0.1403,0.118,17.39,15.54,18.01,2.471,0,backfill
,2022-10-31,2,481,0.05016,5.34768e-05,0.1549,0.1389,0.1133,8.131,14.09,18.27,4.176,0,backfill
,2022-11-01,2,482,0.05011,5.34919e-05,0.1547,0.1387,0.1139,15.46,15.06,18.45,3.389,0,backfill
,2022-11-02,2,482,0.05024,5.30451e-05,0.1545,0.1354,0.1252,20.56,16.16,17.84,1.684,0,backfill
,2022-11-03,2,482,0.05032,5.25869e-05,0.1531,0.1356,0.1321,14.56,15.21,18.03,2.824,0,backfill
,2022-11-04,2,482,0.04968,5.41976e-05,0.1533,0.1451,0.1083,31.79,19.46,18.03,-1.428,0,backfill
,2022-11-07,2,481,0.04921,5.46324e-05,0.1512,0.1472,0.09973,8.864,15.34,18.12,2.782,0,backfill
,2022-11-08,2,482,0.04888,5.42891e-05,0.1425,0.1666,0.09886,30,19.58,18.91,-0.6714,0,backfill
,2022-11-09,2,482,0.04795,5.40449e-05,0.1408,0.1584,0.1108,11.5,16.19,18.91,2.72,0,backfill
,2022-11-10,2,482,0.04871,5.33227e-05,0.1313,0.1837,0.1094,30.31,20.08,17.69,-2.393,0,backfill
,2022-11-11,2,482,0.04743,5.38453e-05,0.1279,0.1793,0.1102,13.68,16.63,17.57,0.9429,0,backfill
,2022-11-14,2,481,0.04725,5.40989e-05,0.1292,0.1763,0.1088,12.19,16.47,17.41,0.9448,0,backfill
,2022-11-15,2,482,0.04696,5.43119e-05,0.1309,0.1719,0.1079,11.56,15.5,17.72,2.219,0,backfill
,2022-11-16,2,482,0.04699,5.45063e-05,0.1324,0.172,0.1015,7.923,15.05,17.23,2.179,0,backfill
,2022-11-17,2,482,0.04721,5.46123e-05,0.1343,0.169,0.1023,11.33,14.44,16.77,2.326,0,backfill
,2022-11-18,2,482,0.04857,5.45727e-05,0.1373,0.173,0.0904,11.22,14.24,16.51,2.271,0,backfill
,2022-11-21,2,481,0.04927,5.44543e-05,0.1394,0.1728,0.0913,11.53,14.25,16.68,2.426,0,backfill
,2022-11-22,2,482,0.04949,5.45661e-05,0.1393,0.1765,0.08516,7.324,13.64,16.07,2.429,0,backfill
,2022-11-23,2,482,0.04904,5.44443e-05,0.1378,0.1732,0.0946,19.71,15.68,15.84,0.1573,0,backfill
,2022-11-25,2,481,0.04903,5.45541e-05,0.1363,0.1778,0.09003,8.318,14.1,15.23,1.127,0,backfill
,2022-11-28,2,481,0.04884,5.45929e-05,0.1361,0.1767,0.09178,13.78,14.76,15.77,1.01,0,backfill
,2022-11-29,2,482,0.0489,5.46079e-05,0.1359,0.1781,0.08946,11.07,14.43,15.71,1.284,0,backfill
,2022-11-30,2,482,0.04866,5.47381e-05,0.1359,0.1767,0.09035,13.18,14.8,15.45,0.6474,0,backfill
,2022-12-01,2,482,0.04927,5.44395e-05,0.1363,0.1791,0.08963,18.8,15.59,15.92,0.3288,0,backfill
,2022-12-02,2,482,0.04947,5.46112e-05,0.1378,0.1772,0.08926,14.21,15.08,15.42,0.3441,0,backfill
,2022-12-05,2,481,0.05244,5.36265e-05,0.1451,0.1753,0.09347,23.72,17.12,15.81,-1.311,0,backfill
,2022-12-06,2,482,0.05161,5.38037e-05,0.1422,0.1781,0.08958,7.526,14.72,16.19,1.472,0,backfill
,2022-12-07,2,482,0.05818,5.33907e-05,0.1583,0.146,0.09243,12.08,14.78,16.55,1.775,0,backfill
,2022-12-08,2,482,0.0587,5.26521e-05,0.173,0.1438,0.08855,7.256,13.86,16.45,2.585,0,backfill
,2022-12-09,2,482,0.05948,5.22781e-05,0.1721,0.1521,0.0856,9.958,13.93,16.26,2.332,0,backfill
,2022-12-12,2,481,0.06056,5.17501e-05,0.1676,0.1694,0.07989,10.76,13.48,15.51,2.027,0,backfill
,2022-12-13,2,482,0.05927,5.24115e-05,0.1679,0.1632,0.08193,23.7,16.53,14.71,-1.823,0,backfill
,2022-12-14,2,482,0.05847,5.21418e-05,0.1652,0.1648,0.08422,10.08,13.93,14.06,0.1278,0,backfill
,2022-12-15,2,482,0.0576,5.30676e-05,0.1634,0.1686,0.07142,19.96,15.99,14.39,-1.597,0,backfill
,2022-12-16,2,482,0.05653,5.31847e-05,0.1605,0.1708,0.0681,10.79,14.49,14.14,-0.3497,0,backfill
,2022-12-19,2,481,0.05747,5.2566e-05,0.1638,0.1662,0.076,8.153,14.12,14.49,0.3726,0,backfill
,2022-12-20,2,482,0.05705,5.29497e-05,0.1619,0.1699,0.07205,20.35,15.89,15.03,-0.8604,0,backfill
,2022-12-21,2,482,0.05702,5.22912e-05,0.1599,0.1714,0.07923,6.521,13.79,14.78,0.9937,0,backfill
,2022-12-22,2,482,0.05671,5.22659e-05,0.157,0.174,0.08311,19.27,15.58,14.88,-0.7012,0,backfill
,2022-12-23,2,482,0.05632,5.19559e-05,0.1551,0.1752,0.08604,7.023,13.78,14.86,1.082,0,backfill
,2022-12-27,2,482,0.05611,5.22082e-05,0.1542,0.177,0.08288,17.71,15.47,16.3,0.8291,0,backfill
,2022-12-28,2,482,0.05593,5.22831e-05,0.1531,0.1803,0.07736,9.778,13.93,15.99,2.06,0,backfill
,2022-12-29,2,482,0.05632,5.19172e-05,0.1544,0.1778,0.08237,8.437,13.81,16.18,2.372,0,backfill
,2022-12-30,2,482,0.05671,5.19551e-05,0.1554,0.1799,0.0764,6.578,13.17,16.25,3.075,0,backfill
,2023-01-03,2,482,0.05726,5.14618e-05,0.1564,0.1765,0.08595,13.08,14.08,17.26,3.182,0,backfill
,2023-01-04,2,482,0.05819,5.27498e-05,0.1603,0.1802,0.05965,15.05,14.24,17.35,3.113,0,backfill
,2023-01-05,2,482,0.05895,5.23762e-05,0.1643,0.1745,0.0681,17.76,15.04,16.78,1.738,0,backfill
,2023-01-06,2,482,0.05888,5.28713e-05,0.1661,0.1724,0.06405,20.56,16.01,16.44,0.4266,0,backfill
,2023-01-09,2,481,0.05886,5.2012e-05,0.1638,0.1724,0.07648,8.682,14.14,16.92,2.777,0,backfill
,2023-01-10,2,482,0.05907,5.17511e-05,0.1651,0.1701,0.079,6.699,13.77,16.59,2.817,0,backfill
,2023-01-11,2,482,0.05928,5.15922e-05,0.1657,0.1694,0.08039,10.14,13.96,16.32,2.355,0,backfill
,2023-01-12,2,482,0.05905,5.17981e-05,0.1653,0.1689,0.08068,17.21,15.08,15.95,0.8678,0,backfill
,2023-01-13,2,482,0.05948,5.16922e-05,0.1658,0.1707,0.07756,15.07,14.47,16.37,1.901,0,backfill
,2023-01-17,2,481,0.05961,5.16309e-05,0.1662,0.1699,0.07946,12.72,14.15,16.49,2.341,0,backfill
,2023-01-18,2,482,0.05956,5.1707e-05,0.1662,0.1697,0.07913,15.54,14.86,16.19,1.334,0,backfill
,2023-01-19,2,482,0.05961,5.18058e-05,0.1666,0.1698,0.07755,17.33,15.39,16.71,1.316,0,backfill
,2023-01-20,2,482,0.05934,5.14905e-05,0.1659,0.169,0.08017,8.395,13.8,16.4,2.604,0,backfill
,2023-01-23,2,481,0.05976,5.14356e-05,0.1668,0.1692,0.07995,11.99,14.14,16.2,2.061,0,backfill
,2023-01-24,2,482,0.05984,5.13657e-05,0.1669,0.1691,0.0803,12.64,14.19,16.17,1.975,0,backfill
,2023-01-25,2,482,0.05983,5.11986e-05,0.1664,0.1695,0.07996,14.24,14.4,16.12,1.718,0,backfill
,2023-01-26,2,482,0.05803,5.12124e-05,0.1594,0.1698,0.07968,15.48,14.47,15.59,1.12,0,backfill
,2023-01-27,2,482,0.05601,5.11251e-05,0.1562,0.171,0.08073,9.356,13.63,15.23,1.602,0,backfill
,2023-01-30,2,481,0.05476,5.12177e-05,0.1582,0.1621,0.0831,6.58,13.18,15.59,2.406,0,backfill
,2023-01-31,2,482,0.05469,5.13259e-05,0.158,0.1622,0.08251,14.83,14.29,15.75,1.456,0,backfill
,2023-02-01,2,482,0.05396,5.1575e-05,0.1583,0.16,0.0819,16.94,14.79,15.22,0.4334,0,backfill
,2023-02-02,2,482,0.0543,5.19193e-05,0.1592,0.1635,0.07841,24.25,16.76,15.14,-1.623,0,backfill
,2023-02-03,2,482,0.056,5.27979e-05,0.1708,0.1529,0.07042,29,18.82,15.06,-3.761,0,backfill
,2023-02-06,2,481,0.05397,5.30514e-05,0.1654,0.1531,0.06981,10.53,15.2,15.81,0.6072,0,backfill
,2023-02-07,2,482,0.05383,5.30125e-05,0.1673,0.1476,0.07256,9.951,14.95,15.62,0.6739,0,backfill
,2023-02-08,2,482,0.05381,5.2758e-05,0.1684,0.1433,0.07812,8.827,14.55,15.46,0.9108,0,backfill
,2023-02-09,2,482,0.05378,5.29515e-05,0.1683,0.1446,0.07443,16.22,15.31,15.52,0.2145,0,backfill
,2023-02-10,2,482,0.05413,5.24442e-05,0.1684,0.1436,0.08175,10.18,13.66,15.46,1.804,0,backfill
,2023-02-13,2,481,0.05436,5.21961e-05,0.1677,0.1458,0.08257,8.366,13.39,15.58,2.189,0,backfill
,2023-02-14,2,482,0.0543,5.2239e-05,0.1676,0.1453,0.08307,14.86,14.42,14.88,0.458,0,backfill
,2023-02-15,2,483,0.05426,5.22951e-05,0.1678,0.1446,0.08352,16.24,14.86,14.9,0.03805,0,backfill
,2023-02-16,2,483,0.05421,5.25464e-05,0.1664,0.1509,0.07251,9.452,13.62,14.92,1.303,0,backfill
,2023-02-17,2,483,0.0547,5.22279e-05,0.168,0.1475,0.07925,13.16,14.2,14.69,0.492,0,backfill
,2023-02-21,2,482,0.05469,5.18052e-05,0.1675,0.146,0.08664,8.978,13.63,15.48,1.853,0,backfill
,2023-02-22,2,482,0.05474,5.15425e-05,0.1671,0.1447,0.09223,11.95,13.94,15.05,1.11,0,backfill
,2023-02-23,2,482,0.05489,5.13698e-05,0.1671,0.1455,0.09236,8.53,13.28,14.84,1.555,0,backfill
,2023-02-24,2,482,0.05506,5.11138e-05,0.1676,0.1428,0.09792,10.24,13.5,14.56,1.059,0,backfill
,2023-02-27,2,481,0.05553,5.11788e-05,0.1667,0.1513,0.08595,8.016,13.05,14.35,1.299,0,backfill
,2023-02-28,2,482,0.05548,5.12477e-05,0.1666,0.1507,0.08619,14.53,14.1,14.17,0.07177,0,backfill
,2023-03-01,2,482,0.05516,5.12015e-05,0.1644,0.155,0.08237,11.86,13.66,14.16,0.503,0,backfill
,2023-03-02,2,482,0.0556,5.09252e-05,0.1648,0.1568,0.08236,4.869,12.85,13.94,1.086,0,backfill
,2023-03-03,2,482,0.05597,5.08741e-05,0.1643,0.1588,0.08286,11.52,13.56,13.93,0.3702,0,backfill
,2023-03-06,2,481,0.05606,5.08381e-05,0.1622,0.1637,0.08139,7.032,13,14.24,1.244,0,backfill
,2023-03-07,2,482,0.05518,5.13663e-05,0.1614,0.1618,0.08055,20.66,15.4,14.2,-1.198,0,backfill
,2023-03-08,2,482,0.05491,5.10063e-05,0.1592,0.1644,0.0824,8.01,13.15,13.79,0.6428,0,backfill
,2023-03-09,2,482,0.05504,5.09162e-05,0.1592,0.1648,0.08269,12.52,13.86,14.3,0.4432,0,backfill
,2023-03-10,2,482,0.05424,5.20643e-05,0.1593,0.165,0.07309,22.8,16.3,16.57,0.271,0,backfill
,2023-03-13,2,481,0.05488,5.26838e-05,0.1624,0.1645,0.06618,22.01,16.65,20,3.346,0,backfill
,2023-03-14,2,482,0.05422,5.23798e-05,0.1611,0.1615,0.07227,9.785,14.22,17.95,3.73,0,backfill
,2023-03-15,2,482,0.05372,5.30438e-05,0.1576,0.1722,0.06015,26.37,17.95,19.75,1.799,0,backfill
,2023-03-16,2,482,0.05311,5.29965e-05,0.156,0.1694,0.06432,13.13,15.49,17.38,1.89,0,backfill
,2023-03-17,2,482,0.05299,5.4184e-05,0.1457,0.208,0.03193,34.77,20.76,22.83,2.07,0,backfill
,2023-03-20,2,481,0.05462,5.44691e-05,0.1461,0.2091,0.02907,21.48,17.95,21.4,3.449,0,backfill
,2023-03-21,2,482,0.05656,5.43258e-05,0.1453,0.221,0.02207,24.33,19.17,19.14,-0.0265,0,backfill
,2023-03-22,2,482,0.05829,5.43134e-05,0.1449,0.2282,0.01731,22.29,18.65,19.22,0.5741,0,backfill
,2023-03-23,2,482,0.05877,5.42822e-05,0.145,0.2283,0.01744,18.62,18.28,20.95,2.671,0,backfill
,2023-03-24,2,482,0.05796,5.47948e-05,0.1471,0.2187,0.01909,13.78,16.22,19.96,3.74,0,backfill
,2023-03-27,2,481,0.05757,5.50186e-05,0.1455,0.22,0.01936,18.93,16.86,19.18,2.322,0,backfill
,2023-03-28,2,482,0.05725,5.52379e-05,0.1456,0.2186,0.01711,13.21,15.45,19.03,3.585,0,backfill
,2023-03-29,2,482,0.05749,5.52028e-05,0.1466,0.2196,0.01222,7.994,14.22,17.77,3.551,0,backfill
,2023-03-30,2,482,0.05766,5.55591e-05,0.1484,0.2169,0.01087,14.28,14.72,18.39,3.668,0,backfill
,2023-03-31,2,482,0.05812,5.54399e-05,0.149,0.2196,0.006258,9.064,13.88,17.31,3.428,0,backfill
,2023-04-03,2,482,0.05764,5.5003e-05,0.148,0.2164,0.01727,20.2,15.66,18.25,2.593,0,backfill
,2023-04-04,2,483,0.05791,5.43209e-05,0.1513,0.2072,0.0339,23.33,16.89,19.73,2.842,0,backfill
,2023-04-05,2,483,0.05739,5.51045e-05,0.1491,0.2122,0.02171,10.81,14.88,18.98,4.095,0,backfill
,2023-04-06,2,483,0.05768,5.50052e-05,0.1509,0.2107,0.01974,9.971,14.6,18.44,3.843,0,backfill
,2023-04-10,2,481,0.05782,5.54915e-05,0.151,0.2133,0.01255,11.86,14.88,18.54,3.664,0,backfill
,2023-04-11,2,482,0.05781,5.58273e-05,0.1516,0.2141,0.005909,8.903,14.03,18.33,4.304,0,backfill
,2023-04-12,2,482,0.05793,5.57395e-05,0.1519,0.2142,0.005804,13.25,13.97,17.69,3.718,0,backfill
,2023-04-13,2,482,0.0579,5.58193e-05,0.1523,0.2125,0.007962,16.36,14.71,18.48,3.772,0,backfill
,2023-04-14,2,482,0.05732,5.50684e-05,0.155,0.1998,0.03057,26.06,17.56,17.16,-0.3967,0,backfill
,2023-04-17,2,481,0.05727,5.55337e-05,0.1543,0.2011,0.02598,16.41,15.78,17.37,1.588,0,backfill
,2023-04-18,2,482,0.05704,5.58056e-05,0.1544,0.2014,0.02117,10.08,14.94,17.14,2.198,0,backfill
,2023-04-19,2,482,0.05757,5.50924e-05,0.1547,0.2012,0.02841,18.78,16.39,17.21,0.8217,0,backfill
,2023-04-20,2,482,0.05732,5.54672e-05,0.1556,0.1991,0.02504,10.42,14.95,17.21,2.26,0,backfill
,2023-04-21,2,482,0.05716,5.56513e-05,0.1548,0.2002,0.02399,16.45,15.24,16.42,1.178,0,backfill
,2023-04-24,2,481,0.05676,5.59086e-05,0.154,0.2015,0.02036,8.18,13.86,16.88,3.017,0,backfill
,2023-04-25,2,482,0.05681,5.59005e-05,0.154,0.2015,0.02028,13.49,14.59,17.72,3.127,0,backfill
,2023-04-26,2,482,0.05678,5.60249e-05,0.1542,0.2015,0.01906,12.59,14.2,17.74,3.543,0,backfill
,2023-04-27,2,482,0.05645,5.63167e-05,0.1542,0.2001,0.01857,14.94,14.71,17.28,2.57,0,backfill
,2023-04-28,2,482,0.05631,5.62582e-05,0.1539,0.2007,0.01811,9.418,13.72,16.47,2.754,0,backfill
,2023-05-01,2,481,0.05595,5.6671e-05,0.1539,0.1993,0.01653,14.15,14.53,16.63,2.096,0,backfill
,2023-05-02,2,482,0.05572,5.68647e-05,0.1541,0.1978,0.01736,19.9,15.83,18.69,2.865,0,backfill
,2023-05-03,2,482,0.05702,5.60231e-05,0.1551,0.2004,0.01995,15.94,15.23,18.7,3.472,0,backfill
,2023-05-04,2,482,0.05651,5.57581e-05,0.1519,0.2034,0.02326,21.69,16.58,20.35,3.772,0,backfill
,2023-05-05,2,482,0.05803,5.61222e-05,0.1571,0.2027,0.01986,25.45,18.1,18.5,0.3956,0,backfill
,2023-05-08,2,481,0.05632,5.66714e-05,0.1517,0.2046,0.01715,7.093,15.13,18.67,3.538,0,backfill
,2023-05-09,2,482,0.05626,5.66086e-05,0.1538,0.1999,0.01904,8.757,14.8,18.73,3.933,0,backfill
,2023-05-10,2,482,0.05634,5.64743e-05,0.1548,0.198,0.02053,12.93,15.13,18.37,3.235,0,backfill
,2023-05-11,2,482,0.05634,5.64517e-05,0.1549,0.1978,0.02067,14.5,15.02,17.77,2.754,0,backfill
,2023-05-12,2,482,0.05643,5.62258e-05,0.1547,0.1988,0.02048,10.45,13.71,17.37,3.661,0,backfill
,2023-05-15,2,481,0.05987,5.46672e-05,0.1595,0.1971,0.02731,7.696,13.35,17.52,4.174,0,backfill
,2023-05-16,2,482,0.0597,5.47313e-05,0.1593,0.1961,0.02848,15.97,14.7,17.62,2.921,0,backfill
,2023-05-17,2,482,0.05399,5.43511e-05,0.1407,0.202,0.03873,9.066,13.62,16.99,3.373,0,backfill
,2023-05-18,2,482,0.05292,5.44891e-05,0.1404,0.2015,0.03885,16.63,14.7,16.95,2.253,0,backfill
,2023-05-19,2,482,0.05368,5.43845e-05,0.1394,0.2092,0.035,15.04,14.61,17.22,2.61,0,backfill
,2023-05-22,2,481,0.05471,5.40936e-05,0.1335,0.2275,0.02714,6.797,13.72,17.55,3.825,0,backfill
,2023-05-23,2,482,0.05486,5.40167e-05,0.1338,0.2274,0.02731,11.72,13.96,17.66,3.699,0,backfill
,2023-05-24,2,482,0.05513,5.40121e-05,0.1322,0.2313,0.02669,14.25,14.48,17.56,3.082,0,backfill
,2023-05-25,2,482,0.05495,5.39597e-05,0.1316,0.2308,0.02893,12.89,14.13,16.84,2.707,0,backfill
,2023-05-26,2,482,0.05475,5.38526e-05,0.1315,0.2294,0.03179,10.33,13.66,16.3,2.645,0,backfill
,2023-05-30,2,481,0.05473,5.39107e-05,0.1319,0.2287,0.03188,15.48,14.59,15.88,1.287,0,backfill
,2023-05-31,2,482,0.05479,5.37402e-05,0.1315,0.2296,0.03213,9.713,13.84,15.63,1.789,0,backfill
,2023-06-01,2,482,0.05454,5.37841e-05,0.1315,0.2275,0.03489,14.69,14.44,15.5,1.06,0,backfill
,2023-06-02,2,482,0.05424,5.39424e-05,0.1317,0.2258,0.03618,17.7,15.11,14.32,-0.7875,0,backfill
,2023-06-05,2,481,0.05435,5.38834e-05,0.132,0.2254,0.037,12.89,14.54,14.27,-0.2691,0,backfill
,2023-06-06,2,482,0.05444,5.36022e-05,0.1324,0.2248,0.03872,6.077,13.56,13.94,0.3761,0,backfill
,2023-06-07,2,482,0.05434,5.36941e-05,0.1321,0.225,0.03811,15.04,14.64,13.81,-0.831,0,backfill
,2023-06-08,2,482,0.05418,5.37883e-05,0.1324,0.2232,0.0398,14.76,14.62,13.94,-0.6829,0,backfill
,2023-06-09,2,482,0.05403,5.34937e-05,0.132,0.2222,0.04382,8.092,13.5,13.69,0.1868,0,backfill
,2023-06-12,2,481,0.05411,5.32844e-05,0.1323,0.2213,0.04661,8.846,13.41,13.7,0.2924,0,backfill
,2023-06-13,2,482,0.05395,5.34797e-05,0.1321,0.221,0.04558,15.93,14.59,13.45,-1.14,0,backfill
,2023-06-14,2,482,0.0538,5.33463e-05,0.1321,0.2191,0.0494,10.39,13.73,12.84,-0.8862,0,backfill
,2023-06-15,2,482,0.05334,5.3718e-05,0.1317,0.2185,0.04769,17.9,14.9,13,-1.899,0,backfill
,2023-06-16,2,482,0.05319,5.34136e-05,0.1305,0.2194,0.05025,7.248,13.62,12.4,-1.217,0,backfill
,2023-06-20,2,481,0.05271,5.39033e-05,0.1302,0.2187,0.0474,15.11,14.69,12.73,-1.961,0,backfill
,2023-06-21,2,481,0.05242,5.40321e-05,0.13,0.2184,0.04654,10.37,13.91,12.98,-0.9286,0,backfill
,2023-06-22,2,481,0.05237,5.40419e-05,0.13,0.2183,0.04632,11.39,14.04,12.96,-1.078,0,backfill
,2023-06-23,2,481,0.05204,5.44776e-05,0.13,0.2179,0.04298,14.54,14.27,12.73,-1.544,0,backfill
,2023-06-26,2,480,0.05137,5.48298e-05,0.1291,0.2184,0.03985,6.053,13.44,13.08,-0.3568,0,backfill
,2023-06-27,2,481,0.05165,5.46248e-05,0.1295,0.2183,0.04109,10.13,13.53,12.88,-0.6512,0,backfill
,2023-06-28,2,481,0.05202,5.41957e-05,0.1297,0.2193,0.04339,7.304,13.17,12.53,-0.643,0,backfill
,2023-06-29,2,481,0.05215,5.42188e-05,0.1301,0.2191,0.04283,10.33,13.4,12.21,-1.185,0,backfill
,2023-06-30,2,481,0.052,5.45083e-05,0.1301,0.219,0.04026,11.27,13.36,12.04,-1.321,0,backfill
,2023-07-03,2,480,0.05173,5.47489e-05,0.1298,0.2195,0.03788,10.97,13.48,12.22,-1.257,0,backfill
,2023-07-05,2,481,0.052,5.45198e-05,0.1298,0.2201,0.03909,10.26,13.39,12.46,-0.929,0,backfill
,2023-07-06,2,481,0.05192,5.48456e-05,0.1302,0.2198,0.03622,12.65,13.83,12.25,-1.579,0,backfill
,2023-07-07,2,481,0.05388,5.28639e-05,0.1308,0.2209,0.05208,12.71,13.83,12.12,-1.709,0,backfill
,2023-07-10,2,480,0.06567,4.58025e-05,0.1253,0.2383,0.103,7.772,12.89,12.41,-0.4805,0,backfill
,2023-07-11,2,481,0.06621,4.54263e-05,0.1257,0.2384,0.1057,7.235,12.67,12.64,-0.02971,0,backfill
,2023-07-12,2,481,0.06594,4.55012e-05,0.1253,0.2395,0.1045,13.48,13.43,13.12,-0.3103,0,backfill
,2023-07-13,2,481,0.06871,4.48936e-05,0.1194,0.2655,0.09248,5.781,12.44,12.73,0.2863,0,backfill
,2023-07-14,2,481,0.06973,4.44628e-05,0.1167,0.2761,0.08932,6.368,12.18,12.05,-0.1284,0,backfill
,2023-07-17,2,480,0.07201,4.40641e-05,0.1112,0.2965,0.08158,7.115,12.14,12.34,0.1988,0,backfill
,2023-07-18,2,481,0.07183,4.43155e-05,0.1111,0.296,0.07996,14.59,13.26,12.62,-0.6363,0,backfill
,2023-07-19,2,481,0.07207,4.38315e-05,0.1096,0.2967,0.08584,5.444,12.03,12.89,0.8602,0,backfill
,2023-07-20,2,481,0.0722,4.37309e-05,0.1096,0.2957,0.08815,10.65,12.6,12.67,0.06854,0,backfill
,2023-07-21,2,481,0.07233,4.34439e-05,0.1096,0.2934,0.09436,8.287,12.43,12.23,-0.2039,0,backfill
,2023-07-24,2,480,0.07318,4.29848e-05,0.1118,0.2907,0.09956,7.044,12.31,12.35,0.04429,0,backfill
,2023-07-25,2,481,0.07381,4.25983e-05,0.1121,0.2906,0.1028,7.542,11.92,12.42,0.4954,0,backfill
,2023-07-26,2,481,0.07421,4.22947e-05,0.112,0.2904,0.1062,8.076,12,12.11,0.1085,0,backfill
,2023-07-27,2,481,0.07257,4.33961e-05,0.1118,0.2875,0.09983,19.87,14.17,12.29,-1.877,0,backfill
,2023-07-28,2,481,0.07338,4.28987e-05,0.11,0.2937,0.09811,8.786,12.84,11.78,-1.056,0,backfill
,2023-07-31,2,480,0.07365,4.2652e-05,0.1117,0.2881,0.1066,10.5,13.11,12.16,-0.952,0,backfill
,2023-08-01,2,481,0.07378,4.25937e-05,0.1118,0.288,0.1072,12.5,13.52,11.83,-1.694,0,backfill
,2023-08-02,2,481,0.0737,4.23936e-05,0.1113,0.2854,0.1133,11.12,13.5,12.45,-1.052,0,backfill
,2023-08-03,2,481,0.07373,4.18487e-05,0.1111,0.2815,0.1234,4.841,12.2,12.79,0.5939,0,backfill
,2023-08-04,2,481,0.07355,4.20672e-05,0.1109,0.2817,0.1214,14.38,13.31,12.22,-1.095,0,backfill
,2023-08-07,2,480,0.07496,4.15642e-05,0.1106,0.2875,0.1191,7.535,12.5,12.24,-0.258,0,backfill
,2023-08-08,2,481,0.07552,4.12172e-05,0.111,0.2872,0.1222,7.91,12.26,12.21,-0.05184,0,backfill
,2023-08-09,2,481,0.07587,4.09911e-05,0.1109,0.286,0.1263,9.209,12.27,12.33,0.06306,0,backfill
,2023-08-10,2,481,0.07609,4.10016e-05,0.1105,0.2872,0.1257,9.319,12.43,11.84,-0.5929,0,backfill
,2023-08-11,2,481,0.07652,4.08425e-05,0.1099,0.2889,0.1263,5.334,11.69,11.54,-0.1543,0,backfill
,2023-08-14,2,480,0.07724,4.05443e-05,0.1115,0.2874,0.1292,6.876,11.74,11.97,0.2286,0,backfill
,2023-08-15,2,481,0.07788,4.02743e-05,0.1116,0.2879,0.1311,8.273,11.84,12.11,0.2667,0,backfill
,2023-08-16,2,481,0.08235,3.81356e-05,0.1134,0.2892,0.146,8.002,11.62,12.43,0.8132,0,backfill
,2023-08-17,2,481,0.08359,3.82443e-05,0.1184,0.2871,0.1429,9.564,11.74,12.89,1.149,0,backfill
,2023-08-18,2,481,0.08444,3.78231e-05,0.1182,0.2884,0.1458,5.013,11.36,12.63,1.27,0,backfill
,2023-08-21,2,480,0.0853,3.77161e-05,0.1178,0.2916,0.1446,7.098,11.47,12.91,1.439,0,backfill
,2023-08-22,2,481,0.086,3.74348e-05,0.1179,0.292,0.1467,7.774,11.48,12.58,1.102,0,backfill
,2023-08-23,2,481,0.08628,3.70432e-05,0.1198,0.2854,0.1536,11.56,12.02,12.67,0.6512,0,backfill
,2023-08-24,2,481,0.08737,3.68292e-05,0.1216,0.2852,0.1549,5.93,11.35,12.53,1.176,0,backfill
,2023-08-25,2,481,0.08777,3.68584e-05,0.1207,0.2869,0.1544,9.53,11.82,12.09,0.2705,0,backfill
,2023-08-28,2,480,0.08848,3.65012e-05,0.1209,0.2872,0.1572,6.904,11.46,12.21,0.7539,0,backfill
,2023-08-29,2,481,0.08864,3.65636e-05,0.1209,0.2872,0.1567,12.1,12.2,12.5,0.305,0,backfill
,2023-08-30,2,481,0.09,3.56166e-05,0.1211,0.2856,0.1647,6.921,11.38,12.39,1.007,0,backfill
,2023-08-31,2,481,0.0916,3.53292e-05,0.1253,0.2824,0.1678,4.549,11.13,11.78,0.6528,0,backfill
,2023-09-01,2,481,0.09208,3.52153e-05,0.1251,0.2827,0.1689,9.435,11.48,11.28,-0.2007,0,backfill
,2023-09-05,2,480,0.09245,3.52719e-05,0.1244,0.284,0.169,10.69,11.82,11.36,-0.4558,0,backfill
,2023-09-06,2,481,0.09311,3.49145e-05,0.1243,0.2841,0.1723,7.099,11.15,11.31,0.1595,0,backfill
,2023-09-07,2,481,0.09404,3.45691e-05,0.1238,0.2849,0.1762,3.727,10.81,11.11,0.2954,0,backfill
,2023-09-08,2,481,0.09511,3.41491e-05,0.1243,0.2858,0.1783,6.462,10.98,10.99,0.008418,0,backfill
,2023-09-11,2,480,0.09549,3.41126e-05,0.1251,0.2831,0.1821,7.394,10.96,10.75,-0.2059,0,backfill
,2023-09-12,2,481,0.09611,3.39239e-05,0.1251,0.2832,0.1837,8.655,10.95,10.82,-0.1285,0,backfill
,2023-09-13,2,481,0.09814,3.32149e-05,0.1252,0.2878,0.1839,5.524,10.57,10.33,-0.2357,0,backfill
,2023-09-14,2,481,0.09943,3.30274e-05,0.1282,0.284,0.1878,6.329,10.68,10.22,-0.4565,0,backfill
,2023-09-15,2,481,0.1001,3.28789e-05,0.1292,0.2837,0.1877,10.41,11.25,10.34,-0.9103,0,backfill
,2023-09-18,2,480,0.1011,3.26674e-05,0.13,0.2824,0.1918,5.819,10.73,11.1,0.3674,0,backfill
,2023-09-19,2,481,0.1021,3.22627e-05,0.1302,0.2825,0.1953,3.901,10.39,11.09,0.7011,0,backfill
,2023-09-20,2,481,0.1025,3.22869e-05,0.1301,0.2828,0.1952,9.881,11.1,10.96,-0.1375,0,backfill
,2023-09-21,2,481,0.1027,3.23274e-05,0.1301,0.2819,0.1965,9.373,11.18,11.11,-0.07231,0,backfill
,2023-09-22,2,481,0.104,3.17189e-05,0.1307,0.2822,0.2005,4.658,10.49,10.87,0.3839,0,backfill
,2023-09-25,2,480,0.1048,3.15145e-05,0.132,0.2805,0.2033,6.388,10.56,11.43,0.8652,0,backfill
,2023-09-26,2,481,0.1054,3.1396e-05,0.132,0.2806,0.2043,9.057,11,13.63,2.63,0,backfill
,2023-09-27,2,481,0.1046,3.20592e-05,0.1323,0.2799,0.1991,15.71,12.4,13.86,1.455,0,backfill
,2023-09-28,2,481,0.1046,3.20595e-05,0.1319,0.2799,0.1998,11.27,11.87,13.09,1.217,0,backfill
,2023-09-29,2,481,0.1041,3.24898e-05,0.1322,0.2805,0.1944,17.45,13.51,12.94,-0.569,0,backfill
,2023-10-02,2,480,0.1036,3.27582e-05,0.132,0.2795,0.1944,11.31,12.85,14.13,1.277,0,backfill
,2023-10-03,2,481,0.1039,3.25101e-05,0.1323,0.278,0.1978,9.533,12.68,15.31,2.627,0,backfill
,2023-10-04,2,481,0.1049,3.19094e-05,0.1336,0.276,0.2033,7.879,12.05,14.58,2.526,0,backfill
,2023-10-05,2,481,0.1054,3.15338e-05,0.1334,0.2758,0.2069,8.989,12.01,14.7,2.69,0,backfill
,2023-10-06,2,481,0.1056,3.1391e-05,0.1325,0.2763,0.2079,13.24,12.27,14.03,1.762,0,backfill
,2023-10-09,2,480,0.1058,3.16899e-05,0.1326,0.2775,0.2053,10.11,11.87,15.18,3.311,0,backfill
,2023-10-10,2,481,0.1065,3.13849e-05,0.1326,0.2775,0.208,6.618,11.4,14.49,3.087,0,backfill
,2023-10-11,2,481,0.1088,3.04766e-05,0.1369,0.2703,0.2171,9.73,11.71,14.38,2.665,0,backfill
,2023-10-12,2,481,0.1098,3.04284e-05,0.1397,0.2694,0.2165,8.931,11.63,13.98,2.355,0,backfill
,2023-10-13,2,481,0.1017,3.32762e-05,0.1377,0.2712,0.1919,32.23,18.1,18.91,0.8083,0,backfill
,2023-10-16,2,480,0.1002,3.31058e-05,0.1275,0.2771,0.1972,10.76,14.24,16.22,1.981,0,backfill
,2023-10-17,2,481,0.1002,3.28902e-05,0.1287,0.2736,0.2011,9.807,14.22,16.59,2.371,0,backfill
,2023-10-18,2,481,0.1001,3.34143e-05,0.1263,0.2815,0.1921,19.45,16.09,17.38,1.291,0,backfill
,2023-10-19,2,481,0.09983,3.35661e-05,0.1261,0.2809,0.1919,16.04,15.99,19.4,3.408,0,backfill
,2023-10-20,2,481,0.09937,3.34355e-05,0.1269,0.2761,0.1965,12.18,13.86,18.56,4.702,0,backfill
,2023-10-23,2,480,0.1015,3.25586e-05,0.1263,0.2809,0.1977,11.2,13.74,17.28,3.536,0,backfill
,2023-10-24,2,481,0.1016,3.25368e-05,0.1264,0.2808,0.1978,13.2,14.17,16.05,1.88,0,backfill
,2023-10-25,2,481,0.1018,3.25886e-05,0.1267,0.2812,0.1971,12,13.6,16.76,3.164,0,backfill
,2023-10-26,2,481,0.1021,3.22693e-05,0.1286,0.2778,0.1998,10.57,13.13,16.53,3.404,0,backfill
,2023-10-27,2,481,0.1025,3.24844e-05,0.1293,0.2793,0.1973,15.85,14.02,17.69,3.674,0,backfill
,2023-10-30,2,480,0.103,3.2184e-05,0.1325,0.2738,0.2008,8.118,12.96,16.84,3.882,0,backfill
,2023-10-31,2,481,0.1029,3.22394e-05,0.1323,0.2738,0.2008,14.43,13.7,16.23,2.526,0,backfill
,2023-11-01,2,481,0.1029,3.22638e-05,0.1319,0.2745,0.2006,13.26,13.63,15.36,1.73,0,backfill
,2023-11-02,2,481,0.1031,3.21145e-05,0.1314,0.276,0.2007,6.172,12.76,14.76,1.996,0,backfill
,2023-11-03,2,481,0.1034,3.21416e-05,0.1312,0.2759,0.2017,10.77,12.9,14.04,1.14,0,backfill
,2023-11-06,2,480,0.1031,3.21901e-05,0.1302,0.2759,0.2031,7.609,12.59,13.25,0.6623,0,backfill
,2023-11-07,2,481,0.1034,3.21297e-05,0.1304,0.2763,0.2029,10.82,12.67,13.33,0.6629,0,backfill
,2023-11-08,2,481,0.1031,3.22155e-05,0.1301,0.2753,0.2037,11.79,12.72,14.07,1.348,0,backfill
,2023-11-09,2,481,0.103,3.22031e-05,0.13,0.2754,0.2038,11.29,12.89,14.06,1.175,0,backfill
,2023-11-10,2,481,0.1025,3.24023e-05,0.1304,0.2719,0.2061,14.02,13.45,13.96,0.5074,0,backfill
,2023-11-13,2,480,0.1028,3.21107e-05,0.1297,0.2753,0.2049,8.776,12.88,13.92,1.042,0,backfill
,2023-11-14,2,481,0.1023,3.23074e-05,0.1292,0.2742,0.2057,17.78,14.19,13.73,-0.4593,0,backfill
,2023-11-15,2,481,0.1023,3.21303e-05,0.1283,0.2749,0.207,9.877,13.06,12.98,-0.07556,0,backfill
,2023-11-16,2,481,0.102,3.23754e-05,0.1281,0.2746,0.206,15.5,14.02,13.04,-0.9828,0,backfill
,2023-11-17,2,481,0.1017,3.22978e-05,0.1274,0.2742,0.2076,7.335,12.72,12.97,0.2487,0,backfill
,2023-11-20,2,480,0.1015,3.23846e-05,0.1272,0.2736,0.208,9.931,12.94,12.59,-0.3482,0,backfill
,2023-11-21,2,481,0.1014,3.24641e-05,0.127,0.2738,0.2073,14.29,13.24,14.09,0.8487,0,backfill
,2023-11-22,2,481,0.1012,3.24746e-05,0.1268,0.2729,0.2087,9.398,12.64,13.35,0.708,0,backfill
,2023-11-23,2,481,0.1011,3.23999e-05,0.127,0.2717,0.2102,4.109,11.7,13.35,1.645,0,backfill
,2023-11-24,2,481,0.1012,3.23214e-05,0.1273,0.2715,0.2108,6.49,11.77,13.05,1.283,0,backfill
,2023-11-27,2,481,0.1013,3.22397e-05,0.1275,0.2714,0.2113,8.3,11.82,13.31,1.49,0,backfill
,2023-11-28,2,482,0.101,3.24753e-05,0.1274,0.2706,0.2103,15.33,12.76,15.54,2.782,0,backfill
,2023-11-29,2,482,0.1012,3.22361e-05,0.1265,0.2723,0.2114,7.509,11.74,15.04,3.3,0,backfill
,2023-11-30,2,482,0.1013,3.21917e-05,0.1269,0.2721,0.2115,6.542,11.65,14.22,2.566,0,backfill
,2023-12-01,2,482,0.101,3.22805e-05,0.1263,0.272,0.2117,19.81,14.19,16.96,2.77,0,backfill
,2023-12-04,2,481,0.08025,3.80897e-05,0.1621,0.247,0.1564,51.84,27.18,17.13,-10.05,0,backfill
,2023-12-05,2,482,0.07345,3.87595e-05,0.112,0.2652,0.1762,14.93,18.65,15.46,-3.188,0,backfill
,2023-12-06,2,482,0.07167,3.88303e-05,0.1189,0.2371,0.1936,8.441,17.82,15.4,-2.42,0,backfill
,2023-12-07,2,482,0.07034,3.91751e-05,0.126,0.2143,0.2042,9.595,17.62,14.93,-2.691,0,backfill
,2023-12-08,2,482,0.07049,3.94917e-05,0.1243,0.2196,0.1983,18.69,18.58,14.14,-4.442,0,backfill
,2023-12-11,2,481,0.06967,3.98635e-05,0.1261,0.2107,0.2012,15.43,15.01,13.99,-1.022,0,backfill
,2023-12-12,2,482,0.06955,3.98981e-05,0.1257,0.2125,0.1979,9.617,14.14,12.82,-1.324,0,backfill
,2023-12-13,2,482,0.06821,4.0071e-05,0.1239,0.207,0.2089,26.21,17.53,13.67,-3.856,0,backfill
,2023-12-14,2,482,0.06691,4.04914e-05,0.1203,0.2098,0.2037,11.06,15.38,13.96,-1.424,0,backfill
,2023-12-15,2,482,0.06651,4.0674e-05,0.1205,0.2091,0.2023,14.18,15.52,13.49,-2.026,0,backfill
,2023-12-18,2,481,0.06666,4.06565e-05,0.1225,0.2085,0.1993,8.651,14.71,13.79,-0.917,0,backfill
,2023-12-19,2,482,0.06665,4.06848e-05,0.1229,0.2084,0.1978,12.2,15.11,13.75,-1.359,0,backfill
,2023-12-20,2,482,0.06603,4.10419e-05,0.1233,0.209,0.1919,7.585,13.78,13.82,0.04397,0,backfill
,2023-12-21,2,482,0.06582,4.13593e-05,0.1234,0.2124,0.1841,6.834,13.53,14.27,0.7448,0,backfill
,2023-12-22,2,482,0.06567,4.15252e-05,0.1233,0.2137,0.1808,11.42,13.79,15.25,1.458,0,backfill
,2023-12-26,2,482,0.06647,4.10004e-05,0.1233,0.2177,0.1798,7.083,13.35,15.83,2.477,0,backfill
,2023-12-27,2,482,0.06674,4.08401e-05,0.1227,0.2203,0.1783,10.52,13.56,16.96,3.396,0,backfill
,2023-12-28,2,482,0.06679,4.10705e-05,0.1229,0.2225,0.1734,10.78,13.68,16.05,2.373,0,backfill
,2023-12-29,2,482,0.06673,4.14318e-05,0.1222,0.2275,0.1647,7.578,13.34,15.85,2.513,0,backfill
,2024-01-02,2,481,0.06629,4.197e-05,0.121,0.2313,0.1573,10.93,13.6,15.73,2.132,0,backfill
,2024-01-03,2,481,0.06592,4.20465e-05,0.1211,0.2285,0.1604,16.69,14.74,14.85,0.1145,0,backfill
,2024-01-04,2,481,0.06574,4.21507e-05,0.1199,0.2333,0.1539,6.881,13.52,14.2,0.6813,0,backfill
,2024-01-05,2,481,0.06506,4.23621e-05,0.1196,0.2296,0.1579,18.73,14.64,13.81,-0.8263,0,backfill
,2024-01-08,2,480,0.06407,4.30025e-05,0.119,0.2292,0.1534,14.31,14.29,13.56,-0.7258,0,backfill
,2024-01-09,2,481,0.06415,4.27423e-05,0.119,0.2286,0.1557,7.804,13.56,13.16,-0.3971,0,backfill
,2024-01-10,2,481,0.06411,4.26404e-05,0.1195,0.2277,0.1565,9.505,13.36,13.26,-0.09985,0,backfill
,2024-01-11,2,481,0.06543,4.171e-05,0.1186,0.2304,0.1632,18.16,14.79,12.8,-1.993,0,backfill
,2024-01-12,2,481,0.06553,4.19494e-05,0.1202,0.2293,0.1609,15.9,14.34,13.49,-0.8536,0,backfill
,2024-01-16,2,480,0.06584,4.18861e-05,0.1211,0.2289,0.1612,16.41,14.56,13.55,-1.01,0,backfill
,2024-01-17,2,481,0.06584,4.1901e-05,0.1211,0.2289,0.1611,14.86,14.49,13.53,-0.9642,0,backfill
,2024-01-18,2,481,0.06591,4.14271e-05,0.1218,0.2252,0.1674,8.462,13.77,13.09,-0.6838,0,backfill
,2024-01-19,2,481,0.06633,4.14829e-05,0.1226,0.2266,0.1652,9.243,13.4,12.95,-0.4531,0,backfill
,2024-01-22,2,480,0.06656,4.13282e-05,0.1232,0.2259,0.1666,7.859,12.95,12.83,-0.121,0,backfill
,2024-01-23,2,481,0.06688,4.11087e-05,0.1236,0.2256,0.1681,8.688,12.64,12.73,0.0897,0,backfill
,2024-01-24,2,481,0.0842,3.68381e-05,0.129,0.2205,0.1969,12.34,12.67,12.7,0.02567,0,backfill
,2024-01-25,2,481,0.08434,3.64177e-05,0.1455,0.2149,0.1922,10.22,12.49,12.79,0.304,0,backfill
,2024-01-26,2,481,0.08319,3.62451e-05,0.1467,0.2084,0.1973,5.894,11.94,11.91,-0.02779,0,backfill
,2024-01-29,2,480,0.08042,3.62039e-05,0.149,0.1977,0.204,8.65,12.22,13.08,0.8635,0,backfill
,2024-01-30,2,481,0.08078,3.60645e-05,0.149,0.1983,0.2045,9.542,12.32,13.05,0.7265,0,backfill
,2024-01-31,2,481,0.08324,3.55722e-05,0.1419,0.2288,0.1897,11.67,12.51,13.16,0.6503,0,backfill
,2024-02-01,2,481,0.08225,3.6128e-05,0.1451,0.2213,0.1867,16.99,13.77,13.72,-0.04539,0,backfill
,2024-02-02,2,481,0.08109,3.63758e-05,0.1446,0.22,0.1844,14.12,13.58,12.66,-0.9207,0,backfill
,2024-02-05,2,480,0.0491,4.57377e-05,0.04425,0.2466,0.1167,13.19,13.59,12.49,-1.102,0,backfill
,2024-02-06,2,481,0.04925,4.54826e-05,0.04433,0.2461,0.119,7.684,13.33,12.31,-1.022,0,backfill
,2024-02-07,2,481,0.04884,4.43779e-05,0.05188,0.2489,0.122,6.916,13.03,11.84,-1.187,0,backfill
,2024-02-08,2,481,0.04648,4.41654e-05,0.05261,0.248,0.1238,8.954,12.65,11.71,-0.9386,0,backfill
,2024-02-09,2,481,0.0444,4.38237e-05,0.05251,0.2501,0.1253,8.213,12.34,11.2,-1.141,0,backfill
,2024-02-12,2,480,0.03874,4.4137e-05,0.05694,0.2354,0.1298,7.688,12.11,11.81,-0.3013,0,backfill
,2024-02-13,2,481,0.03734,4.50294e-05,0.05677,0.23,0.1272,20.95,13.71,12.15,-1.558,0,backfill
,2024-02-14,2,481,0.03819,4.37513e-05,0.05297,0.2343,0.142,5.903,12.74,12.02,-0.717,0,backfill
,2024-02-15,2,481,0.03897,4.27945e-05,0.05241,0.2341,0.1544,8.723,12.73,11.79,-0.9376,0,backfill
,2024-02-16,2,481,0.04004,4.16011e-05,0.0516,0.2324,0.1721,9.737,12.73,11.75,-0.9804,0,backfill
,2024-02-20,2,480,0.04025,4.09738e-05,0.05143,0.231,0.181,8.815,12.7,11.81,-0.8906,0,backfill
,2024-02-21,2,481,0.04068,4.05658e-05,0.05204,0.2301,0.185,5.897,11.81,11.46,-0.3467,0,backfill
,2024-02-22,2,481,0.04138,3.98439e-05,0.05255,0.2277,0.1955,7.58,11.87,11.19,-0.6759,0,backfill
,2024-02-23,2,481,0.04223,3.87057e-05,0.05279,0.2183,0.2203,13,12.29,11.5,-0.7863,0,backfill
,2024-02-26,2,480,0.04002,4.118e-05,0.05047,0.2411,0.1646,5.934,11.91,11.29,-0.6183,0,backfill
,2024-02-27,2,481,0.04068,4.07477e-05,0.05083,0.2419,0.1676,5.132,11.73,10.95,-0.7803,0,backfill
,2024-02-28,2,481,0.04225,3.92587e-05,0.05268,0.2369,0.1902,6.541,11.72,10.93,-0.7875,0,backfill
,2024-02-29,2,482,0.0425,3.9187e-05,0.05271,0.237,0.1907,10.89,12.02,11.16,-0.8596,0,backfill
,2024-03-01,2,482,0.04053,4.04651e-05,0.05343,0.2319,0.1831,23.05,13.75,13.47,-0.2804,0,backfill
,2024-03-04,2,480,0.04175,3.88775e-05,0.05566,0.2204,0.2171,18.22,13.89,14.61,0.7231,0,backfill
,2024-03-05,2,481,0.04175,3.8908e-05,0.05575,0.2205,0.2166,14.29,13.89,14.54,0.6548,0,backfill
,2024-03-06,2,482,0.04175,3.88269e-05,0.05584,0.2196,0.2181,12.79,13.97,15.17,1.195,0,backfill
,2024-03-07,2,482,0.04218,3.77029e-05,0.0571,0.2076,0.2432,9.04,13.62,15.09,1.469,0,backfill
,2024-03-08,2,482,0.04256,3.72363e-05,0.05488,0.2062,0.2559,18.26,13.94,15.47,1.531,0,backfill
,2024-03-11,2,480,0.04267,3.65737e-05,0.0535,0.202,0.2688,6.361,12.86,15.5,2.636,0,backfill
,2024-03-12,2,481,0.04252,3.67515e-05,0.05294,0.2029,0.2669,15.18,13.37,14.1,0.7312,0,backfill
,2024-03-13,2,482,0.04262,3.65928e-05,0.05268,0.2028,0.2686,10.66,13.07,14.09,1.018,0,backfill
,2024-03-14,2,482,0.04281,3.64122e-05,0.0533,0.2,0.2737,10.68,13.15,13.3,0.1542,0,backfill
,2024-03-15,2,482,0.04296,3.61734e-05,0.05341,0.1982,0.2781,8.004,12.43,13.54,1.11,0,backfill
,2024-03-18,2,480,0.04367,3.57856e-05,0.05479,0.1984,0.2797,7.951,12.45,13.83,1.377,0,backfill
,2024-03-19,2,481,0.0441,3.54855e-05,0.05519,0.1986,0.2819,7.112,12.1,13.48,1.376,0,backfill
,2024-03-20,2,482,0.04345,3.59541e-05,0.05483,0.1967,0.2798,17.51,13.1,13.62,0.5219,0,backfill
,2024-03-21,2,482,0.04213,3.71159e-05,0.06005,0.188,0.2736,24.78,14.77,13.42,-1.348,0,backfill
,2024-03-22,2,482,0.04206,3.70164e-05,0.05885,0.1888,0.2745,12.99,14.03,12.53,-1.499,0,backfill
,2024-03-25,2,480,0.04258,3.66586e-05,0.06152,0.1858,0.2769,7.939,13.77,12.09,-1.681,0,backfill
,2024-03-26,2,481,0.04258,3.66718e-05,0.06141,0.186,0.2767,14.1,14.28,12.57,-1.709,0,backfill
,2024-03-27,2,482,0.04248,3.65469e-05,0.06187,0.1834,0.2795,10.52,13.85,13.58,-0.2688,0,backfill
,2024-03-28,2,482,0.04235,3.68344e-05,0.06006,0.188,0.2755,20.27,14.42,15.44,1.023,0,backfill
,2024-04-01,2,479,0.04266,3.6282e-05,0.06164,0.1817,0.2834,15.68,14.24,16.25,2.011,0,backfill
,2024-04-02,2,480,0.04267,3.6285e-05,0.06167,0.1817,0.2835,14.52,14.39,17.13,2.737,0,backfill
,2024-04-03,2,481,0.04269,3.62883e-05,0.06164,0.1818,0.2835,14.94,14.31,17.49,3.177,0,backfill
,2024-04-04,2,481,0.04233,3.61374e-05,0.06211,0.1771,0.287,10.97,13.98,17.29,3.313,0,backfill
,2024-04-05,2,481,0.04194,3.66458e-05,0.05812,0.1881,0.2788,26.24,15.71,16.92,1.207,0,backfill
,2024-04-08,2,479,0.04256,3.66392e-05,0.06333,0.1845,0.2784,20.64,15.58,18.17,2.594,0,backfill
,2024-04-09,2,480,0.04216,3.66684e-05,0.06266,0.1821,0.2799,11.58,14.88,18.3,3.416,0,backfill
,2024-04-10,2,481,0.04233,3.66551e-05,0.06201,0.184,0.2794,16.58,15.23,18.67,3.445,0,backfill
,2024-04-11,2,481,0.04267,3.66983e-05,0.0621,0.1879,0.2752,21.13,16.13,18.97,2.838,0,backfill
,2024-04-12,2,481,0.04725,3.55529e-05,0.06652,0.2316,0.2552,39.02,19.92,20.21,0.286,0,backfill
,2024-04-15,2,480,0.05326,3.47682e-05,0.08388,0.2294,0.2515,25.76,19.08,22.25,3.166,0,backfill
,2024-04-16,2,481,0.05211,3.53829e-05,0.0835,0.2187,0.253,14.16,18.02,20.56,2.541,0,backfill
,2024-04-17,2,482,0.05222,3.55801e-05,0.08492,0.2135,0.2535,16.47,18.19,19.01,0.8249,0,backfill
,2024-04-18,2,482,0.05132,3.60841e-05,0.08755,0.2004,0.2572,12.27,17.45,18.65,1.203,0,backfill
,2024-04-19,2,482,0.0518,3.61969e-05,0.08907,0.1999,0.2529,18.39,16.61,18.51,1.902,0,backfill
,2024-04-22,2,480,0.05546,3.38008e-05,0.09016,0.194,0.2971,26.58,18,17.76,-0.2432,0,backfill
,2024-04-23,2,481,0.05601,3.38479e-05,0.08995,0.1943,0.2963,17.75,17,17.73,0.7271,0,backfill
,2024-04-24,2,482,0.05498,3.46397e-05,0.09032,0.1942,0.2839,10.64,16.18,17.45,1.273,0,backfill
,2024-04-25,2,482,0.05525,3.45547e-05,0.09007,0.1944,0.2852,16.81,16.89,17.32,0.4323,0,backfill
,2024-04-26,2,482,0.05447,3.52518e-05,0.09083,0.1928,0.2768,10.7,16.08,16.92,0.8396,0,backfill
,2024-04-29,2,480,0.05391,3.57278e-05,0.09242,0.1892,0.2729,11.34,15.4,16.92,1.522,0,backfill
,2024-04-30,2,481,0.05454,3.48116e-05,0.09179,0.1814,0.2953,21.11,16.6,16.54,-0.06325,0,backfill
,2024-05-01,2,482,0.05544,3.43135e-05,0.09339,0.1761,0.3067,19.68,16.86,16.25,-0.6113,0,backfill
,2024-05-02,2,482,0.05581,3.42616e-05,0.09348,0.1759,0.3075,17.21,16.66,16.05,-0.6121,0,backfill
,2024-05-03,2,482,0.05652,3.39122e-05,0.09354,0.1745,0.3139,18.8,17.15,15.83,-1.325,0,backfill
,2024-05-06,2,480,0.05669,3.40932e-05,0.09304,0.1715,0.3185,16.96,17.24,16.23,-1.007,0,backfill
,2024-05-07,2,481,0.0552,3.5189e-05,0.09382,0.1724,0.3004,8.394,15.86,15.75,-0.1141,0,backfill
,2024-05-08,2,482,0.05444,3.59453e-05,0.09618,0.1737,0.2851,7.477,15.19,15.29,0.0955,0,backfill
,2024-05-09,2,482,0.05437,3.58819e-05,0.09523,0.1716,0.2907,16.87,15.98,16.27,0.2853,0,backfill
,2024-05-10,2,482,0.05654,3.53412e-05,0.09639,0.1827,0.2783,13.4,15.32,16.2,0.8769,0,backfill
,2024-05-13,2,480,0.05449,3.50772e-05,0.07606,0.2026,0.2729,13.44,14.99,16.52,1.534,0,backfill
,2024-05-14,2,481,0.05421,3.54358e-05,0.0758,0.2077,0.2623,10.01,14.17,16.61,2.439,0,backfill
,2024-05-15,2,482,0.05422,3.53897e-05,0.07564,0.2068,0.2644,15.65,14.66,16.99,2.333,0,backfill
,2024-05-16,2,482,0.05221,3.5599e-05,0.07696,0.1931,0.2708,10.97,14.06,16.26,2.201,0,backfill
,2024-05-17,2,482,0.05297,3.54007e-05,0.07601,0.2015,0.2692,19.68,15.1,17.4,2.296,0,backfill
,2024-05-20,2,480,0.05418,3.52178e-05,0.07269,0.2144,0.2653,16.89,15.06,17.58,2.521,0,backfill
,2024-05-21,2,481,0.05398,3.52945e-05,0.07234,0.2153,0.2628,11.68,14.66,16.76,2.103,0,backfill
,2024-05-22,2,482,0.05418,3.51736e-05,0.07101,0.2162,0.2671,20.82,15.54,16.45,0.909,0,backfill
,2024-05-23,2,482,0.05536,3.50373e-05,0.07368,0.2162,0.2708,23.3,16.5,16.03,-0.4727,0,backfill
,2024-05-24,2,482,0.05428,3.51747e-05,0.07118,0.2121,0.2743,9.258,15,15.26,0.2575,0,backfill
,2024-05-28,2,480,0.05399,3.52044e-05,0.07191,0.2057,0.281,12.86,14.98,15.92,0.9448,0,backfill
,2024-05-29,2,481,0.05383,3.52333e-05,0.07245,0.2045,0.2805,11.97,14.93,15.83,0.8966,0,backfill
,2024-05-30,2,482,0.05367,3.52664e-05,0.07314,0.2031,0.2799,11.72,14.5,15.74,1.238,0,backfill
,2024-05-31,2,482,0.05374,3.52729e-05,0.07294,0.2053,0.277,14.28,14.07,15.26,1.19,0,backfill
,2024-06-03,2,480,0.05423,3.52912e-05,0.06396,0.2288,0.2571,16.48,14.37,16,1.63,0,backfill
,2024-06-04,2,481,0.05425,3.52939e-05,0.06414,0.2283,0.2577,15.39,14.39,16.22,1.834,0,backfill
,2024-06-05,2,482,0.05422,3.52879e-05,0.06404,0.2286,0.2572,13.04,14.2,16.5,2.299,0,backfill
,2024-06-06,2,482,0.05426,3.51934e-05,0.06344,0.2303,0.2567,10.23,13.92,16.85,2.929,0,backfill
,2024-06-07,2,482,0.04935,3.59181e-05,0.05245,0.2424,0.2644,41.49,19.41,17.13,-2.278,0,backfill
,2024-06-10,2,480,0.04683,3.71361e-05,0.02855,0.2674,0.2412,11.02,17.08,16.66,-0.4162,0,backfill
,2024-06-11,2,481,0.04563,3.75023e-05,0.03288,0.2536,0.2438,9.346,16.63,16.45,-0.1761,0,backfill
,2024-06-12,2,482,0.04517,3.76665e-05,0.03522,0.2468,0.2451,12.86,16.64,15.92,-0.7155,0,backfill
,2024-06-13,2,482,0.04526,3.75665e-05,0.039,0.2383,0.2516,12.91,16.67,15.71,-0.9626,0,backfill
,2024-06-14,2,482,0.04528,3.76216e-05,0.03902,0.2358,0.254,14.54,14.47,16.07,1.598,0,backfill
,2024-06-17,2,480,0.04586,3.752e-05,0.03689,0.2443,0.2464,9.956,14.18,15.63,1.451,0,backfill
,2024-06-18,2,481,0.04585,3.76002e-05,0.03705,0.2461,0.2426,11.44,14.28,15.64,1.36,0,backfill
,2024-06-20,2,482,0.04586,3.7518e-05,0.03699,0.2444,0.2463,16.57,14.62,16.4,1.778,0,backfill
,2024-06-21,2,482,0.04602,3.72451e-05,0.03854,0.2377,0.2574,21.61,15.47,15.86,0.3939,0,backfill
,2024-06-24,2,480,0.04563,3.75035e-05,0.03605,0.2414,0.2524,7.338,14.65,15.49,0.8363,0,backfill
,2024-06-25,2,481,0.04546,3.76518e-05,0.03716,0.2421,0.2474,9.214,14.51,14.88,0.3721,0,backfill
,2024-06-26,2,482,0.04542,3.76851e-05,0.03747,0.2424,0.2459,12.78,14.51,14.88,0.3702,0,backfill
,2024-06-27,2,482,0.04553,3.76797e-05,0.03761,0.2425,0.2463,14.44,14.51,15.01,0.5,0,backfill
,2024-06-28,2,482,0.04541,3.77323e-05,0.03738,0.2426,0.2457,8.515,13.61,14.72,1.11,0,backfill
,2024-07-01,2,480,0.04556,3.77375e-05,0.03777,0.2432,0.2449,8.398,13.6,14.86,1.256,0,backfill
,2024-07-02,2,481,0.0457,3.77499e-05,0.03809,0.2462,0.2401,7.629,13.48,14.35,0.8701,0,backfill
,2024-07-03,2,482,0.04561,3.77506e-05,0.0379,0.2447,0.2425,15.71,13.92,14.89,0.9696,0,backfill
,2024-07-05,2,482,0.04564,3.7718e-05,0.03903,0.2426,0.2441,18.24,14.29,15.62,1.333,0,backfill
,2024-07-08,2,480,0.04573,3.78355e-05,0.03883,0.2428,0.2447,16.43,14.56,15.13,0.568,0,backfill
,2024-07-09,2,481,0.04558,3.78735e-05,0.03823,0.2446,0.2416,8.981,14.28,14.64,0.3613,0,backfill
,2024-07-10,2,482,0.04553,3.78871e-05,0.03899,0.2448,0.2393,9.487,14.33,14.89,0.5639,0,backfill
,2024-07-11,2,482,0.04545,3.79283e-05,0.03705,0.2449,0.2438,21.26,14.68,15.74,1.055,0,backfill
,2024-07-12,2,482,0.04526,3.79089e-05,0.03548,0.2445,0.2462,10.72,13.88,15.12,1.244,0,backfill
,2024-07-15,2,480,0.04514,3.81203e-05,0.03607,0.2439,0.245,15.29,14.03,15.98,1.946,0,backfill
,2024-07-16,2,481,0.04501,3.83528e-05,0.03647,0.2439,0.2436,19.46,14.82,17.15,2.332,0,backfill
,2024-07-17,2,482,0.04493,3.82998e-05,0.03605,0.2435,0.2445,12.69,14.66,16.7,2.041,0,backfill
,2024-07-18,2,482,0.04481,3.83183e-05,0.03611,0.2428,0.2448,13.79,14.25,16.25,2.004,0,backfill
,2024-07-19,2,482,0.04452,3.87128e-05,0.03583,0.2434,0.2428,20.74,15.21,16.34,1.134,0,backfill
,2024-07-22,2,480,0.04391,3.8896e-05,0.03454,0.2421,0.2435,11.6,14.69,15.74,1.045,0,backfill
,2024-07-23,2,481,0.04376,3.88222e-05,0.03544,0.2398,0.2446,9.647,14.08,15.44,1.358,0,backfill
,2024-07-24,2,482,0.04376,3.88255e-05,0.03542,0.2398,0.2446,14.21,14.18,15.98,1.796,0,backfill
,2024-07-25,2,482,0.04336,3.9307e-05,0.03562,0.2398,0.2414,19.62,14.88,15.54,0.6635,0,backfill
,2024-07-26,2,482,0.04298,3.95262e-05,0.03521,0.2391,0.2403,14.11,14.32,15.2,0.8828,0,backfill
,2024-07-29,2,480,0.04295,3.94555e-05,0.03534,0.2395,0.2404,13.91,14.42,15.64,1.222,0,backfill
,2024-07-30,2,481,0.04294,3.94509e-05,0.03535,0.2395,0.2403,14.15,14.6,16.3,1.701,0,backfill
,2024-07-31,2,482,0.043,3.95082e-05,0.03514,0.2403,0.24,17.61,15,17.88,2.879,0,backfill
,2024-08-01,2,482,0.04264,3.9695e-05,0.03485,0.2397,0.2387,12.48,14.47,17.61,3.135,0,backfill
,2024-08-02,2,482,0.0424,3.97925e-05,0.03329,0.24,0.2438,26.6,16.15,18.7,2.555,0,backfill
,2024-08-05,2,480,0.04584,3.84496e-05,0.05945,0.2291,0.2556,37.71,19.69,21.95,2.256,0,backfill
,2024-08-06,2,481,0.04477,3.89117e-05,0.05145,0.228,0.2574,14.73,17.75,19.1,1.353,0,backfill
,2024-08-07,2,482,0.04365,3.93492e-05,0.05522,0.213,0.2614,11.17,17.17,18.12,0.9468,0,backfill
,2024-08-08,2,482,0.04427,3.92143e-05,0.05403,0.2167,0.2609,18.61,17.88,18.45,0.5724,0,backfill
,2024-08-09,2,482,0.04246,3.99696e-05,0.05706,0.2002,0.2633,7.886,16.48,17.8,1.32,0,backfill
,2024-08-12,2,480,0.04352,3.95474e-05,0.05658,0.2038,0.2659,19.43,15.72,20.61,4.887,0,backfill
,2024-08-13,2,481,0.04295,3.99392e-05,0.0549,0.2087,0.2558,7.261,14.84,19.18,4.34,0,backfill
,2024-08-14,2,482,0.04301,3.98391e-05,0.0545,0.2078,0.2589,16.6,15.48,18.49,3.01,0,backfill
,2024-08-15,2,482,0.04364,3.92282e-05,0.05666,0.204,0.2649,14.86,15.15,18.16,3.01,0,backfill
,2024-08-16,2,482,0.04397,3.86863e-05,0.05674,0.1976,0.2806,22.75,16.46,20.09,3.631,0,backfill
,2024-08-19,2,480,0.04354,3.89759e-05,0.05486,0.2014,0.2726,9.846,15.29,18.77,3.481,0,backfill
,2024-08-20,2,481,0.04344,3.90947e-05,0.05528,0.2019,0.2696,13.18,15.47,18.47,3.001,0,backfill
,2024-08-21,2,482,0.04319,3.9287e-05,0.05576,0.2023,0.2652,11.17,15.16,18.63,3.474,0,backfill
,2024-08-22,2,482,0.04317,3.91298e-05,0.05505,0.201,0.2691,16.96,15.62,17.89,2.266,0,backfill
,2024-08-23,2,482,0.04288,3.90434e-05,0.05417,0.2004,0.2682,13.04,14.92,17.49,2.572,0,backfill
,2024-08-26,2,480,0.04199,3.92972e-05,0.05886,0.1892,0.2644,7.168,14.43,17.9,3.471,0,backfill
,2024-08-27,2,481,0.04193,3.94743e-05,0.0596,0.1919,0.2575,8.562,14.25,17.69,3.439,0,backfill
,2024-08-28,2,482,0.04193,3.94928e-05,0.05966,0.1923,0.2566,13.67,14.56,17.18,2.618,0,backfill
,2024-08-29,2,482,0.04229,3.95277e-05,0.06181,0.1966,0.2496,9.611,14.02,17.22,3.202,0,backfill
,2024-08-30,2,482,0.04285,3.94478e-05,0.06012,0.2041,0.246,12.56,14.06,16.4,2.338,0,backfill
,2024-09-03,2,480,0.0416,3.97681e-05,0.06326,0.1962,0.2423,13.27,14.26,16.55,2.287,0,backfill
,2024-09-04,2,481,0.04159,3.98381e-05,0.06305,0.1986,0.2384,10.91,13.95,16.19,2.237,0,backfill
,2024-09-05,2,482,0.04163,3.98434e-05,0.06313,0.1998,0.2364,11.38,13.37,16.48,3.105,0,backfill
,2024-09-06,2,482,0.04178,3.98126e-05,0.06269,0.1995,0.24,17.25,14.11,16.49,2.384,0,backfill
,2024-09-09,2,480,0.04158,3.96699e-05,0.06279,0.1985,0.241,8.419,13.43,16.16,2.729,0,backfill
,2024-09-10,2,481,0.0418,3.94733e-05,0.06344,0.1986,0.2414,6.986,13.05,16.08,3.03,0,backfill
,2024-09-11,2,482,0.04196,3.93746e-05,0.06369,0.1987,0.2417,10.87,13.23,15.52,2.286,0,backfill
,2024-09-12,2,482,0.04185,3.94568e-05,0.06331,0.1959,0.2468,18.52,14.07,16.74,2.668,0,backfill
,2024-09-13,2,482,0.04174,3.98108e-05,0.06422,0.201,0.2325,10.85,13.29,16.88,3.589,0,backfill
,2024-09-16,2,480,0.04206,3.93142e-05,0.0628,0.2033,0.2375,5.443,12.91,17.03,4.124,0,backfill
,2024-09-17,2,481,0.04229,3.91629e-05,0.06322,0.2034,0.2381,9.678,13.07,17.49,4.421,0,backfill
,2024-09-18,2,482,0.0417,3.96732e-05,0.06259,0.2031,0.2351,20.06,14.18,17.13,2.947,0,backfill
,2024-09-19,2,482,0.04162,3.98855e-05,0.06371,0.2029,0.232,16.59,13.88,16.76,2.88,0,backfill
,2024-09-20,2,482,0.04168,3.98851e-05,0.06385,0.2029,0.2328,15.33,13.99,17.08,3.092,0,backfill
,2024-09-23,2,480,0.04117,4.02134e-05,0.06416,0.2068,0.2198,7.629,13.58,17.72,4.14,0,backfill
,2024-09-24,2,481,0.04112,4.03043e-05,0.06377,0.2076,0.2186,15.11,14.16,19.26,5.101,0,backfill
,2024-09-25,2,482,0.04109,4.00127e-05,0.06389,0.2051,0.2232,7.636,13.18,19.13,5.948,0,backfill
,2024-09-26,2,482,0.04124,3.98456e-05,0.06411,0.2048,0.2251,11.04,13.12,18.82,5.7,0,backfill
,2024-09-27,2,482,0.04181,3.94909e-05,0.06355,0.206,0.2299,11.24,12.98,18.59,5.612,0,backfill
,2024-09-30,2,480,0.04185,3.96031e-05,0.06537,0.2031,0.2306,14.84,13.48,18.08,4.598,0,backfill
,2024-10-01,2,481,0.04182,3.9666e-05,0.06548,0.2029,0.2302,14.58,13.49,18.57,5.08,0,backfill
,2024-10-02,2,482,0.04197,3.94468e-05,0.06508,0.2037,0.2313,8.095,13.09,18.07,4.978,0,backfill
,2024-10-03,2,482,0.04204,3.94558e-05,0.06477,0.2076,0.2246,9.139,13.02,18.28,5.26,0,backfill
,2024-10-04,2,482,0.04203,3.94944e-05,0.0649,0.2073,0.2247,13.92,13.43,17.48,4.052,0,backfill
,2024-10-07,2,480,0.042,4.02122e-05,0.08587,0.1742,0.2141,7.825,12.72,17.71,4.991,0,backfill
,2024-10-08,2,481,0.0416,4.05341e-05,0.08531,0.1737,0.2127,17.64,13.68,17.64,3.96,0,backfill
,2024-10-09,2,482,0.04167,4.02625e-05,0.08404,0.1754,0.2142,7.278,12.82,17.62,4.805,0,backfill
,2024-10-10,2,482,0.04347,3.95728e-05,0.08889,0.1806,0.2147,10.9,13.09,17.27,4.18,0,backfill
,2024-10-11,2,482,0.04097,4.10035e-05,0.1013,0.1429,0.2145,12.07,13.13,17.27,4.137,0,backfill
,2024-10-14,2,480,0.04339,3.94364e-05,0.1008,0.162,0.2192,8.634,12.74,17.47,4.725,0,backfill
,2024-10-15,2,481,0.04352,3.93524e-05,0.101,0.162,0.2198,11.25,12.71,17.38,4.665,0,backfill
,2024-10-16,2,482,0.04373,3.91973e-05,0.1009,0.1628,0.2204,9.787,12.66,17.31,4.646,0,backfill
,2024-10-17,2,482,0.04452,3.85847e-05,0.09941,0.1654,0.2279,8.649,12.51,17.57,5.064,0,backfill
,2024-10-18,2,482,0.0449,3.82753e-05,0.09828,0.1671,0.2318,10.68,12.49,17.77,5.277,0,backfill
,2024-10-21,2,480,0.04539,3.75034e-05,0.09847,0.1568,0.2539,9.353,12.32,18.19,5.867,0,backfill
,2024-10-22,2,481,0.04562,3.73738e-05,0.09852,0.1571,0.2548,10.34,12.31,18.73,6.423,0,backfill
,2024-10-23,2,482,0.0451,3.78461e-05,0.09858,0.1559,0.2515,17.52,13.47,18.98,5.515,0,backfill
,2024-10-24,2,482,0.04543,3.78665e-05,0.09823,0.1637,0.2407,9.595,12.6,18.66,6.057,0,backfill
,2024-10-25,2,482,0.04605,3.75072e-05,0.1005,0.1576,0.2504,11.04,12.75,18.88,6.132,0,backfill
,2024-10-28,2,480,0.04647,3.70567e-05,0.1007,0.1545,0.2592,7.425,12.39,18.34,5.946,0,backfill
,2024-10-29,2,481,0.04655,3.70493e-05,0.1007,0.1545,0.2592,12.29,12.84,18.51,5.669,0,backfill
,2024-10-30,2,482,0.04684,3.67172e-05,0.1007,0.1542,0.2625,6.624,11.98,18.68,6.703,0,backfill
,2024-10-31,2,482,0.04552,3.77293e-05,0.09994,0.1553,0.2506,20.43,13.94,19.46,5.518,0,backfill
,2024-11-01,2,482,0.04553,3.74554e-05,0.0989,0.1553,0.2545,10.3,12.77,19.29,6.525,0,backfill
,2024-11-04,2,480,0.0466,3.71656e-05,0.1021,0.1569,0.2515,6.278,12.43,19.91,7.477,0,backfill
,2024-11-05,2,481,0.04688,3.69696e-05,0.1026,0.1561,0.2536,9.06,12.46,19.59,7.132,0,backfill
,2024-11-06,2,482,0.04189,3.99065e-05,0.09885,0.1616,0.2247,34.52,17.82,17.63,-0.1945,0,backfill
,2024-11-07,2,482,0.04533,4.00321e-05,0.1102,0.1624,0.2155,24.15,16.47,17.37,0.9016,0,backfill
,2024-11-08,2,482,0.04458,3.99009e-05,0.1079,0.1567,0.2244,10.76,14.82,15.91,1.095,0,backfill
,2024-11-11,2,480,0.0466,4.01418e-05,0.1008,0.1983,0.1906,27.4,18.09,16.02,-2.066,0,backfill
,2024-11-12,2,481,0.04584,4.0207e-05,0.09926,0.1901,0.198,13.75,16.49,16.25,-0.2426,0,backfill
,2024-11-13,2,482,0.04621,4.01987e-05,0.09875,0.1923,0.1967,17.19,15.84,17.05,1.211,0,backfill
,2024-11-14,2,482,0.04672,3.99208e-05,0.0997,0.1919,0.1976,16.47,15.41,17.39,1.98,0,backfill
,2024-11-15,2,482,0.04644,4.01139e-05,0.1011,0.1888,0.1962,8.125,14.63,17.17,2.539,0,backfill
,2024-11-18,2,480,0.04728,4.00406e-05,0.1024,0.1895,0.1976,18.74,15.2,16.97,1.768,0,backfill
,2024-11-19,2,481,0.04698,4.01474e-05,0.1016,0.1907,0.1945,10.59,14.26,17.85,3.59,0,backfill
,2024-11-20,2,482,0.04696,4.01664e-05,0.1017,0.1907,0.1939,13.4,14.37,18.34,3.971,0,backfill
,2024-11-21,2,482,0.04708,4.01534e-05,0.1036,0.1902,0.1894,8.911,13.7,17.59,3.893,0,backfill
,2024-11-22,2,482,0.04734,4.01139e-05,0.1048,0.1865,0.1953,17.13,14.81,17.54,2.731,0,backfill
,2024-11-25,2,481,0.0472,3.90002e-05,0.1131,0.1669,0.2341,38.07,20.17,17.8,-2.366,0,backfill
,2024-11-26,2,482,0.04542,3.96725e-05,0.1008,0.1743,0.2281,13.59,16.35,17,0.6458,0,backfill
,2024-11-27,2,483,0.04483,4.00865e-05,0.1028,0.1685,0.2251,11.08,16.06,16.54,0.4845,0,backfill
,2024-11-29,2,482,0.04472,4.02611e-05,0.1016,0.1678,0.2273,15.73,16.67,16.37,-0.2979,0,backfill
,2024-12-02,2,480,0.0443,4.05076e-05,0.1023,0.166,0.2222,12.18,16.19,16.33,0.1375,0,backfill
,2024-12-03,2,481,0.04345,4.11226e-05,0.1052,0.1588,0.2165,7.791,14.23,16.21,1.984,0,backfill
,2024-12-04,2,482,0.04341,4.13707e-05,0.1056,0.1618,0.2088,9.934,14.22,15.92,1.7,0,backfill
,2024-12-05,2,482,0.04335,4.13478e-05,0.104,0.1671,0.2024,12.06,14.4,15.93,1.531,0,backfill
,2024-12-06,2,482,0.04363,4.16504e-05,0.1054,0.1695,0.1955,11.61,14.21,15.04,0.829,0,backfill
,2024-12-09,2,480,0.04365,4.14649e-05,0.1041,0.1679,0.2033,17.93,14.86,15.75,0.8899,0,backfill
,2024-12-10,2,481,0.04364,4.14817e-05,0.104,0.1683,0.2027,14.47,14.51,16.34,1.827,0,backfill
,2024-12-11,2,482,0.04364,4.14927e-05,0.1039,0.1685,0.2023,14.13,14.62,16.86,2.24,0,backfill
,2024-12-12,2,482,0.04383,4.11509e-05,0.1039,0.1649,0.2132,22.57,16.03,15.43,-0.5983,0,backfill
,2024-12-13,2,482,0.04434,4.10778e-05,0.1053,0.1635,0.2155,18.82,15.81,15.63,-0.1847,0,backfill
,2024-12-16,2,480,0.04391,4.129e-05,0.1051,0.1631,0.2114,7.848,14.42,15.38,0.9624,0,backfill
,2024-12-17,2,481,0.04383,4.13587e-05,0.1061,0.1618,0.2098,10.64,14.43,15.64,1.21,0,backfill
,2024-12-18,2,482,0.04383,4.1134e-05,0.1032,0.165,0.2168,25.17,16.84,16.54,-0.2956,0,backfill
,2024-12-19,2,482,0.04388,4.12171e-05,0.1025,0.1655,0.2162,16.09,15.35,15.83,0.4806,0,backfill
,2024-12-20,2,482,0.04413,4.11378e-05,0.1023,0.166,0.2182,18.17,15.64,15.73,0.08746,0,backfill
,2024-12-23,2,480,0.0436,4.14591e-05,0.1022,0.1656,0.2133,8.539,14.73,15.54,0.8076,0,backfill
,2024-12-24,2,481,0.04331,4.17057e-05,0.1044,0.163,0.2086,4.205,14.36,14.71,0.346,0,backfill
,2024-12-26,2,482,0.04322,4.18688e-05,0.1062,0.1612,0.2049,7.786,13.76,15.19,1.434,0,backfill
,2024-12-27,2,482,0.04308,4.21075e-05,0.1059,0.1627,0.2013,10.62,13.33,14.67,1.342,0,backfill
,2024-12-30,2,480,0.04351,4.13811e-05,0.1037,0.1673,0.2022,11.73,13.11,15.02,1.906,0,backfill
,2024-12-31,2,481,0.04367,4.13106e-05,0.1034,0.1692,0.2006,10.05,12.98,14.62,1.637,0,backfill
,2025-01-02,2,482,0.04366,4.13296e-05,0.1035,0.1688,0.201,13.68,13.52,15.07,1.552,0,backfill
,2025-01-03,2,482,0.0421,4.10612e-05,0.09243,0.1765,0.2008,11.2,13.31,14.49,1.176,0,backfill
,2025-01-06,2,480,0.04393,4.09094e-05,0.09253,0.1921,0.1923,14.13,13.74,14.76,1.021,0,backfill
,2025-01-07,2,481,0.04396,4.08824e-05,0.09244,0.1925,0.192,12.54,13.64,14.68,1.041,0,backfill
,2025-01-08,2,482,0.04402,4.08174e-05,0.09242,0.1933,0.1912,10.2,13.44,14.82,1.379,0,backfill
,2025-01-09,2,482,0.04408,4.06987e-05,0.09341,0.192,0.1913,8.201,13.1,14.82,1.719,0,backfill
,2025-01-10,2,482,0.04409,4.08346e-05,0.09293,0.1925,0.192,16.92,14.08,15.77,1.685,0,backfill
,2025-01-13,2,480,0.04404,4.09127e-05,0.09326,0.1914,0.1927,17.16,14.28,15.27,0.994,0,backfill
,2025-01-14,2,481,0.04394,4.07988e-05,0.09238,0.1928,0.1922,7.711,13.29,15,1.708,0,backfill
,2025-01-15,2,482,0.04396,4.07948e-05,0.0924,0.1928,0.1922,13.15,13.67,15.23,1.56,0,backfill
,2025-01-16,2,483,0.04398,4.07714e-05,0.0924,0.1928,0.1923,13.05,13.75,15.4,1.654,0,backfill
,2025-01-17,2,483,0.0441,4.0674e-05,0.09304,0.191,0.1951,10.42,13.3,14.98,1.682,0,backfill
,2025-01-21,2,481,0.04387,4.09011e-05,0.09266,0.1898,0.1963,16.15,13.84,15.5,1.661,0,backfill
,2025-01-22,2,482,0.0439,4.06905e-05,0.0918,0.1914,0.1966,6.275,12.83,15.24,2.408,0,backfill
,2025-01-23,2,482,0.04405,4.05879e-05,0.09228,0.1897,0.1994,9.035,12.78,14.95,2.166,0,backfill
,2025-01-24,2,482,0.04401,4.05742e-05,0.09224,0.1887,0.2011,11.6,12.85,14.85,1.996,0,backfill
,2025-01-27,2,480,0.04365,4.09012e-05,0.09249,0.1866,0.2008,15.95,13.56,15.23,1.666,0,backfill
,2025-01-28,2,481,0.04368,4.08461e-05,0.09237,0.1867,0.2013,12.66,13.14,15.46,2.317,0,backfill
,2025-01-29,2,482,0.04393,4.05423e-05,0.0922,0.1874,0.2032,5.886,12.66,14.84,2.178,0,backfill
,2025-01-30,2,482,0.04297,4.12663e-05,0.09101,0.1852,0.2015,20.26,14.52,16.09,1.575,0,backfill
,2025-01-31,2,482,0.04277,4.11668e-05,0.08998,0.1851,0.2034,11.49,13.61,15.82,2.215,0,backfill
,2025-02-03,2,480,0.04281,4.18049e-05,0.09168,0.1872,0.1954,23.46,15.47,16.81,1.336,0,backfill
,2025-02-04,2,481,0.04268,4.17362e-05,0.09068,0.1872,0.1966,13.25,14.33,17.11,2.777,0,backfill
,2025-02-05,2,482,0.04264,4.16573e-05,0.091,0.1858,0.198,11.85,14.36,17.19,2.835,0,backfill
,2025-02-06,2,482,0.04256,4.16308e-05,0.09126,0.1848,0.1988,13,14.12,16.27,2.153,0,backfill
,2025-02-07,2,482,0.0433,4.06954e-05,0.09179,0.182,0.2087,11.37,13.93,16.23,2.297,0,backfill
,2025-02-10,2,480,0.04378,3.98394e-05,0.09289,0.1732,0.2227,19.07,14.51,17.59,3.08,0,backfill
,2025-02-11,2,481,0.04391,4.00213e-05,0.0946,0.1716,0.2222,19.96,15.02,17.48,2.464,0,backfill
,2025-02-12,2,482,0.04403,4.0043e-05,0.09496,0.1715,0.2221,16.37,14.75,17.34,2.594,0,backfill
,2025-02-13,2,482,0.04429,4.00453e-05,0.09668,0.1728,0.2191,10.69,14.11,17.13,3.02,0,backfill
,2025-02-14,2,482,0.04365,3.97659e-05,0.1056,0.1281,0.2522,24.17,16.18,17.23,1.049,0,backfill
,2025-02-18,2,480,0.03849,4.05703e-05,0.1061,0.09326,0.2723,22.48,15.97,18.03,2.064,0,backfill
,2025-02-19,2,481,0.03785,4.0649e-05,0.1049,0.08942,0.2746,9.925,14.31,16.76,2.453,0,backfill
,2025-02-20,2,482,0.03778,4.06654e-05,0.1059,0.08685,0.2751,11,14.29,16.45,2.163,0,backfill
,2025-02-21,2,482,0.03695,4.0819e-05,0.1068,0.08064,0.277,11.19,14.22,16.55,2.33,0,backfill
,2025-02-24,2,480,0.03699,4.06355e-05,0.1074,0.08421,0.2752,12,14.08,16.73,2.647,0,backfill
,2025-02-25,2,481,0.03692,4.06065e-05,0.1063,0.08302,0.2817,23.85,15.87,16.72,0.8501,0,backfill
,2025-02-26,2,482,0.03662,4.06804e-05,0.1044,0.08559,0.2791,12.62,14.47,16.36,1.888,0,backfill
,2025-02-27,2,482,0.03734,4.01136e-05,0.1027,0.08706,0.2898,18.63,15.34,16.45,1.113,0,backfill
,2025-02-28,2,482,0.03761,4.0009e-05,0.1029,0.08692,0.292,17.27,15.34,15.82,0.4778,0,backfill
,2025-03-03,2,480,0.03622,4.10241e-05,0.1002,0.09994,0.2646,13.25,14.96,16.81,1.849,0,backfill
,2025-03-04,2,481,0.03629,4.10029e-05,0.1001,0.1002,0.2649,15.46,14.89,17.25,2.363,0,backfill
,2025-03-05,2,482,0.03616,4.10777e-05,0.1001,0.1004,0.263,12.36,14.59,16.92,2.331,0,backfill
,2025-03-06,2,482,0.03693,4.05442e-05,0.103,0.09468,0.2737,12.52,14.33,16.83,2.502,0,backfill
,2025-03-07,2,482,0.03729,4.00805e-05,0.1021,0.09402,0.2818,10.93,14.07,16.19,2.12,0,backfill
,2025-03-10,2,480,0.03815,3.90626e-05,0.1002,0.09027,0.3036,13.52,14.38,17.06,2.676,0,backfill
,2025-03-11,2,481,0.03818,3.90474e-05,0.1002,0.08981,0.3045,15.26,14.59,17.14,2.552,0,backfill
,2025-03-12,2,482,0.0381,3.90885e-05,0.09996,0.09112,0.3022,12.33,14.31,16.82,2.511,0,backfill
,2025-03-13,2,482,0.03805,3.90959e-05,0.0997,0.09043,0.3043,19.02,15.16,17.41,2.253,0,backfill
,2025-03-14,2,482,0.03658,4.03961e-05,0.09535,0.1128,0.2633,9.048,13.95,17.13,3.183,0,backfill
,2025-03-17,2,480,0.03647,4.02999e-05,0.098,0.1107,0.2628,6.194,13.56,17.6,4.045,0,backfill
,2025-03-18,2,481,0.03649,4.03003e-05,0.09822,0.1108,0.2621,12.37,13.91,17.53,3.616,0,backfill
,2025-03-19,2,482,0.03647,4.03092e-05,0.09822,0.1125,0.2592,9.482,13.41,16.74,3.331,0,backfill
,2025-03-20,2,482,0.03707,3.99976e-05,0.09865,0.1151,0.2608,10.13,13.05,16.45,3.401,0,backfill
,2025-03-21,2,482,0.03681,4.01731e-05,0.09929,0.112,0.2614,16.02,13.84,15.98,2.136,0,backfill
,2025-03-24,2,480,0.03715,3.99454e-05,0.09897,0.1126,0.2652,9.682,13.29,15.8,2.51,0,backfill
,2025-03-25,2,481,0.03725,3.98715e-05,0.09917,0.1133,0.2644,9.954,13.24,15.23,1.986,0,backfill
,2025-03-26,2,482,0.03743,3.97305e-05,0.0994,0.1152,0.2626,5.764,12.88,15.04,2.164,0,backfill
,2025-03-27,2,482,0.03731,3.9811e-05,0.09906,0.1149,0.2626,15.33,13.6,16.08,2.479,0,backfill
,2025-03-28,2,482,0.03744,3.96605e-05,0.09879,0.115,0.2648,8.695,12.81,16.45,3.643,0,backfill
,2025-03-31,2,480,0.03726,3.97106e-05,0.09808,0.1177,0.2599,14.26,13.3,17.84,4.537,0,backfill
,2025-04-01,2,481,0.03725,3.97487e-05,0.09816,0.1175,0.2597,14.06,13.33,17.95,4.624,0,backfill
,2025-04-02,2,482,0.03693,4.0172e-05,0.09873,0.1165,0.257,19.83,14.44,17.92,3.483,0,backfill
,2025-04-03,2,482,0.03614,4.21411e-05,0.1098,0.1208,0.2261,37.44,19.09,18.36,-0.7297,0,backfill
,2025-04-04,2,482,0.05102,4.18272e-05,0.1649,0.1238,0.1801,39.26,22.43,22.03,-0.3966,0,backfill
,2025-04-07,2,481,0.07331,3.96241e-05,0.1958,0.185,0.1288,35.9,23.95,19.68,-4.273,0,backfill
,2025-04-08,2,482,0.06985,4.08273e-05,0.1922,0.1456,0.1529,15.6,18.53,23.73,5.201,0,backfill
,2025-04-09,2,483,0.08625,3.62011e-05,0.1352,0.3824,0.04726,42.25,28.83,24.53,-4.296,0,backfill
,2025-04-10,2,483,0.1076,3.48804e-05,0.1399,0.4141,0.03062,33.06,27.34,26.59,-0.7515,0,backfill
,2025-04-11,2,483,0.1059,3.66422e-05,0.1428,0.3754,0.04131,20.56,23.12,28.44,5.316,0,backfill
,2025-04-14,2,481,0.1035,3.81741e-05,0.1512,0.3457,0.04165,15.59,20.34,23.8,3.456,0,backfill
,2025-04-15,2,482,0.1003,4.01904e-05,0.16,0.3237,0.02554,7.478,18.84,21.54,2.701,0,backfill
,2025-04-16,2,483,0.1061,3.63952e-05,0.1384,0.3669,0.05931,32.69,21.93,26.73,4.798,0,backfill
,2025-04-17,2,483,0.1079,3.65249e-05,0.1386,0.3656,0.05992,21.59,18.78,24.14,5.362,0,backfill
,2025-04-21,2,480,0.1116,3.33984e-05,0.14,0.3552,0.1141,27.62,20.93,28.14,7.211,0,backfill
,2025-04-22,2,481,0.122,2.62908e-05,0.1514,0.3283,0.2297,36.21,25.38,28.44,3.064,0,backfill
,2025-04-23,2,482,0.14,2.07342e-05,0.1687,0.3132,0.3042,35.81,27.8,25.23,-2.567,0,backfill
,2025-04-24,2,482,0.1391,2.33836e-05,0.1648,0.3081,0.277,21.61,24.19,24.93,0.7448,0,backfill
,2025-04-25,2,482,0.1492,1.99393e-05,0.1578,0.3188,0.3208,31.3,27.16,23.36,-3.804,0,backfill
,2025-04-28,2,480,0.1524,2.11992e-05,0.1581,0.3157,0.3081,24.63,25.86,23.25,-2.607,0,backfill
,2025-04-29,2,481,0.1468,2.5312e-05,0.1644,0.3064,0.2554,14.33,22.39,22.1,-0.2911,0,backfill
,2025-04-30,2,482,0.1462,2.6889e-05,0.168,0.3072,0.2294,17.88,21.22,21.52,0.3012,0,backfill
,2025-05-01,2,482,0.1503,2.45526e-05,0.1669,0.2951,0.2744,26.71,23.62,21.51,-2.107,0,backfill
,2025-05-02,2,482,0.1471,2.75855e-05,0.1629,0.3164,0.2144,13.92,19.86,21.35,1.495,0,backfill
,2025-05-05,2,480,0.1517,2.37442e-05,0.1606,0.2878,0.3001,29.98,23.98,23.2,-0.7782,0,backfill
,2025-05-06,2,481,0.1612,2.04463e-05,0.1699,0.2558,0.3677,31.63,25.78,24.72,-1.061,0,backfill
,2025-05-07,2,482,0.1626,2.14707e-05,0.1672,0.2624,0.3498,22.72,23.83,22.99,-0.8433,0,backfill
,2025-05-08,2,482,0.1751,1.69342e-05,0.1629,0.2562,0.4222,36.55,27.73,22.58,-5.151,0,backfill
,2025-05-09,2,482,0.1735,1.89329e-05,0.1555,0.2634,0.3971,21.22,25.12,21.86,-3.261,0,backfill
,2025-05-12,2,480,0.1766,1.91482e-05,0.156,0.2629,0.395,24.7,24.87,21.38,-3.492,0,backfill
,2025-05-13,2,481,0.1725,2.10213e-05,0.1588,0.257,0.3724,14.78,22.09,19.58,-2.505,0,backfill
,2025-05-14,2,482,0.1764,2.00725e-05,0.1549,0.2592,0.3875,26.86,24.28,20.78,-3.498,0,backfill
,2025-05-15,2,482,0.1884,1.68033e-05,0.1577,0.2541,0.4334,36.24,26.89,21.63,-5.261,0,backfill
,2025-05-16,2,482,0.1963,1.63017e-05,0.1629,0.2468,0.4443,29.56,26.41,21.47,-4.938,0,backfill
,2025-05-19,2,480,0.1894,1.89645e-05,0.1604,0.2521,0.4064,12.92,22.92,21.37,-1.552,0,backfill
,2025-05-20,2,481,0.1933,1.81807e-05,0.1566,0.254,0.4192,26.7,25.46,21.95,-3.512,0,backfill
,2025-05-21,2,482,0.1871,2.03542e-05,0.1572,0.2528,0.3903,11.59,22.38,22.23,-0.1504,0,backfill
,2025-05-22,2,482,0.1874,2.06994e-05,0.1594,0.2516,0.3839,19.86,21.82,21.55,-0.2728,0,backfill
,2025-05-23,2,482,0.1889,2.06939e-05,0.1597,0.2489,0.3884,23.22,21.71,22.28,0.5701,0,backfill
,2025-05-27,2,480,0.1888,2.10876e-05,0.159,0.2495,0.3857,20.97,21.63,21.12,-0.5086,0,backfill
,2025-05-28,2,481,0.1873,2.1806e-05,0.1588,0.2557,0.3691,14.74,19.72,19.69,-0.02709,0,backfill
,2025-05-29,2,482,0.189,2.12227e-05,0.1578,0.2492,0.3857,25.07,22,19.65,-2.354,0,backfill
,2025-05-30,2,482,0.1867,2.201e-05,0.1552,0.2571,0.3689,13.63,19.97,19.1,-0.8675,0,backfill
,2025-06-02,2,480,0.1879,2.15817e-05,0.1535,0.2528,0.3827,25.14,21.96,20.6,-1.356,0,backfill
,2025-06-03,2,481,0.187,2.20634e-05,0.1516,0.259,0.3712,17.06,20.28,20.1,-0.1834,0,backfill
,2025-06-04,2,482,0.1855,2.26555e-05,0.1525,0.2643,0.3559,12.04,19.49,19.82,0.3334,0,backfill
,2025-06-05,2,482,0.1855,2.27483e-05,0.1528,0.265,0.3535,18.37,19.59,19.69,0.09871,0,backfill
,2025-06-06,2,482,0.1856,2.29195e-05,0.1529,0.2646,0.3529,19.7,19.81,19.16,-0.6514,0,backfill
,2025-06-09,2,480,0.1836,2.36082e-05,0.1526,0.2688,0.3411,13.12,18.07,19.45,1.379,0,backfill
,2025-06-10,2,481,0.1832,2.37934e-05,0.153,0.2722,0.3341,13.99,17.48,19,1.517,0,backfill
,2025-06-11,2,482,0.1829,2.39167e-05,0.1532,0.2752,0.3284,13.31,17.29,19.16,1.867,0,backfill
,2025-06-12,2,482,0.1824,2.40912e-05,0.1529,0.275,0.3278,17.24,17.63,19.7,2.075,0,backfill
,2025-06-13,2,482,0.182,2.42005e-05,0.1529,0.2734,0.3294,18.99,17.93,21.16,3.229,0,backfill
,2025-06-16,2,480,0.1819,2.42017e-05,0.1542,0.2696,0.3334,20.91,18.56,19.87,1.309,0,backfill
,2025-06-17,2,481,0.1809,2.43692e-05,0.1527,0.2743,0.3263,10.73,16.47,20.41,3.936,0,backfill
,2025-06-18,2,482,0.1806,2.43965e-05,0.1537,0.2747,0.3232,10.91,16.03,19.58,3.551,0,backfill
,2025-06-20,2,482,0.1801,2.45307e-05,0.1541,0.2745,0.3217,13.82,16.2,19.27,3.073,0,backfill
,2025-06-23,2,480,0.1784,2.49681e-05,0.1539,0.2745,0.3187,14.75,15.86,19.02,3.162,0,backfill
,2025-06-24,2,481,0.1782,2.50386e-05,0.154,0.272,0.3223,21.85,17.31,18.28,0.9742,0,backfill
,2025-06-25,2,482,0.1775,2.50126e-05,0.1513,0.2775,0.3176,7.368,15.02,17.33,2.311,0,backfill
,2025-06-26,2,482,0.1789,2.43685e-05,0.1521,0.2788,0.3192,11.81,15.27,16.65,1.385,0,backfill
,2025-06-27,2,482,0.1783,2.47097e-05,0.1526,0.2765,0.3205,21.61,17.31,16.49,-0.816,0,backfill
,2025-06-30,2,480,0.1779,2.49047e-05,0.1535,0.2756,0.3202,20.63,17.56,17.31,-0.2453,0,backfill
,2025-07-01,2,481,0.1778,2.48922e-05,0.1533,0.2757,0.32,16.2,16.31,16.76,0.4537,0,backfill
,2025-07-02,2,482,0.1776,2.48082e-05,0.1533,0.2758,0.3192,9.607,15.5,16.87,1.373,0,backfill
,2025-07-03,2,482,0.1771,2.50994e-05,0.1529,0.2771,0.3165,15.8,16.28,16.19,-0.09318,0,backfill
,2025-07-04,2,483,0.1767,2.49511e-05,0.1534,0.2754,0.3174,6.329,14.33,16.19,1.861,0,backfill
,2025-07-07,2,481,0.1759,2.51467e-05,0.1539,0.2752,0.3159,13.89,14.72,16.91,2.185,0,backfill
,2025-07-08,2,482,0.1758,2.52146e-05,0.154,0.2743,0.3167,17.26,15.32,16.2,0.8843,0,backfill
,2025-07-09,2,483,0.1757,2.51075e-05,0.1533,0.2761,0.3155,10.2,14.18,15.86,1.682,0,backfill
,2025-07-10,2,483,0.1755,2.50434e-05,0.1537,0.2768,0.314,5.784,13.26,16.04,2.778,0,backfill
,2025-07-11,2,483,0.1751,2.51649e-05,0.1536,0.2765,0.3137,14,14.48,16.94,2.46,0,backfill
,2025-07-14,2,481,0.1733,2.55943e-05,0.1532,0.2766,0.3108,11.55,14.02,16.99,2.972,0,backfill
,2025-07-15,2,482,0.1733,2.55843e-05,0.1532,0.2767,0.3107,13.68,14.04,16.37,2.332,0,backfill
,2025-07-16,2,483,0.1732,2.56857e-05,0.1535,0.2755,0.3115,16.96,14.89,17.27,2.375,0,backfill
,2025-07-17,2,483,0.1726,2.57489e-05,0.1531,0.2759,0.3107,12.54,14.31,16.91,2.601,0,backfill
,2025-07-18,2,483,0.1724,2.56584e-05,0.1533,0.2757,0.3108,8.759,13.6,16.73,3.127,0,backfill
,2025-07-21,2,481,0.1699,2.63855e-05,0.1526,0.2745,0.3084,18.57,15.55,17.78,2.229,0,backfill
,2025-07-22,2,482,0.1699,2.63552e-05,0.1525,0.2746,0.3085,14.66,14.96,19.08,4.12,0,backfill
,2025-07-23,2,483,0.1698,2.64306e-05,0.1525,0.2746,0.3083,17.03,15.38,18.44,3.06,0,backfill
,2025-07-24,2,483,0.1695,2.63223e-05,0.1523,0.2749,0.3086,12.95,14.63,17.82,3.192,0,backfill
,2025-07-25,2,483,0.1689,2.65529e-05,0.1525,0.2743,0.3075,14.54,15.18,17.05,1.87,0,backfill
,2025-07-28,2,481,0.1676,2.66707e-05,0.1526,0.2735,0.3071,13.03,14.66,16.79,2.127,0,backfill
,2025-07-29,2,482,0.1677,2.64825e-05,0.1529,0.2732,0.3077,7.612,13.54,16.61,3.073,0,backfill
,2025-07-30,2,483,0.1671,2.67685e-05,0.1519,0.2739,0.3069,19.63,15.44,16.48,1.045,0,backfill
,2025-07-31,2,483,0.1665,2.6847e-05,0.1512,0.2744,0.306,11.32,13.97,16.04,2.068,0,backfill
,2025-08-01,2,483,0.1642,2.76681e-05,0.15,0.2755,0.3018,24.16,17.09,17.3,0.2075,0,backfill
,2025-08-04,2,481,0.1623,2.77976e-05,0.148,0.2764,0.3013,11.6,14.88,17.07,2.189,0,backfill
,2025-08-05,2,482,0.1624,2.76855e-05,0.1485,0.2753,0.3023,11.58,15.05,16.68,1.627,0,backfill
,2025-08-06,2,483,0.1625,2.74857e-05,0.1494,0.2731,0.3043,8.014,14.01,16.42,2.412,0,backfill
,2025-08-07,2,483,0.1616,2.77891e-05,0.1492,0.2731,0.3025,14.84,14.96,16.95,1.989,0,backfill
,2025-08-08,2,483,0.1599,2.84616e-05,0.1488,0.2745,0.2982,24.34,16.96,16.36,-0.5956,0,backfill
,2025-08-11,2,481,0.1578,2.91021e-05,0.1506,0.2721,0.2948,20.38,16.81,16.94,0.1302,0,backfill
,2025-08-12,2,482,0.1574,2.89233e-05,0.1496,0.272,0.2962,8.902,15.07,16.35,1.279,0,backfill
,2025-08-13,2,483,0.1575,2.87609e-05,0.1509,0.2699,0.2973,8.365,14.99,15.95,0.9639,0,backfill
,2025-08-14,2,483,0.1567,2.89067e-05,0.1511,0.2691,0.2966,13.54,15.48,15.33,-0.1526,0,backfill
,2025-08-15,2,483,0.1562,2.86871e-05,0.1519,0.2673,0.2981,4.814,13.45,15.22,1.775,0,backfill
,2025-08-18,2,481,0.1543,2.91335e-05,0.1523,0.267,0.2944,10.02,13.24,14.9,1.66,0,backfill
,2025-08-19,2,482,0.1547,2.90034e-05,0.1522,0.2685,0.2934,8.929,13.11,14.82,1.713,0,backfill
,2025-08-20,2,483,0.155,2.89515e-05,0.1523,0.2691,0.2931,11.56,13.43,15.4,1.967,0,backfill
,2025-08-21,2,483,0.1549,2.88737e-05,0.1522,0.2707,0.2916,7.614,12.64,15.44,2.802,0,backfill
,2025-08-22,2,483,0.1536,2.93637e-05,0.1521,0.2687,0.2907,17.03,14.5,15.15,0.6505,0,backfill
,2025-08-25,2,481,0.1528,2.90094e-05,0.1507,0.2715,0.291,4.469,12.74,15.09,2.348,0,backfill
,2025-08-26,2,482,0.1529,2.90269e-05,0.1507,0.2715,0.291,13.16,13.79,15.88,2.094,0,backfill
,2025-08-27,2,483,0.1533,2.88388e-05,0.1505,0.2725,0.291,8.404,13.02,15.9,2.88,0,backfill
,2025-08-28,2,483,0.1534,2.88022e-05,0.1508,0.2728,0.2905,9.973,13.29,16.34,3.053,0,backfill
,2025-08-29,2,483,0.1539,2.84342e-05,0.1507,0.2722,0.294,15.16,13.8,17.39,3.59,0,backfill
,2025-09-02,2,481,0.1507,2.98466e-05,0.1525,0.2688,0.2873,25.86,17.37,19.81,2.441,0,backfill
,2025-09-03,2,482,0.1504,2.96698e-05,0.1501,0.2705,0.2886,12.58,14.74,19.53,4.789,0,backfill
,2025-09-04,2,483,0.1505,2.9581e-05,0.1503,0.2699,0.2894,12.69,14.93,18.33,3.403,0,backfill
,2025-09-05,2,483,0.1499,2.98005e-05,0.1499,0.2709,0.2874,15.8,15.69,18.3,2.612,0,backfill
,2025-09-08,2,481,0.1487,3.01832e-05,0.15,0.2711,0.2846,16.7,16.01,19.09,3.076,0,backfill
,2025-09-09,2,482,0.1487,3.0075e-05,0.1501,0.27,0.286,13.31,14.62,17.99,3.369,0,backfill
,2025-09-10,2,483,0.1488,2.99711e-05,0.1502,0.2699,0.2865,11.96,14.21,17.37,3.164,0,backfill
,2025-09-11,2,483,0.1486,2.98853e-05,0.1504,0.2693,0.2871,9.484,13.62,16.48,2.858,0,backfill
,2025-09-12,2,483,0.1484,2.98041e-05,0.1509,0.2684,0.2877,7.303,13,16.38,3.383,0,backfill
,2025-09-15,2,481,0.1562,2.82367e-05,0.158,0.2671,0.2938,16.03,14.13,17.9,3.772,0,backfill
,2025-09-16,2,482,0.1565,2.79707e-05,0.1573,0.2683,0.2947,7.19,12.58,18.37,5.788,0,backfill
,2025-09-17,2,483,0.1562,2.81939e-05,0.157,0.2679,0.2941,16.57,14.29,17.41,3.124,0,backfill
,2025-09-18,2,483,0.1567,2.77444e-05,0.1581,0.2641,0.2993,12.11,13.68,16.45,2.773,0,backfill
,2025-09-19,2,483,0.1568,2.77908e-05,0.1581,0.2643,0.2989,14.25,14.34,16.76,2.42,0,backfill
,2025-09-22,2,481,0.1564,2.82572e-05,0.1573,0.2683,0.2934,16.57,14.85,18.43,3.582,0,backfill
,2025-09-23,2,482,0.1565,2.81812e-05,0.1571,0.2684,0.2937,13.1,14.56,19.06,4.496,0,backfill
,2025-09-24,2,483,0.1565,2.8241e-05,0.157,0.2686,0.2934,15.86,14.93,18.3,3.366,0,backfill
,2025-09-25,2,483,0.1565,2.81693e-05,0.1567,0.269,0.2936,10.21,14.09,19.07,4.976,0,backfill
,2025-09-26,2,483,0.1564,2.82444e-05,0.1568,0.2687,0.2935,12.68,14.32,18.59,4.266,0,backfill
,2025-09-29,2,481,0.1558,2.85691e-05,0.1572,0.2682,0.2921,19.49,15.81,19.19,3.382,0,backfill
,2025-09-30,2,482,0.1557,2.87332e-05,0.1581,0.2674,0.2914,19.41,16.26,19.95,3.687,0,backfill
,2025-10-01,2,483,0.1555,2.85548e-05,0.1573,0.2675,0.2925,10.36,14.57,19.05,4.48,0,backfill
,2025-10-02,2,483,0.155,2.8824e-05,0.1565,0.2685,0.2914,19.76,16.4,18.05,1.652,0,backfill
,2025-10-03,2,483,0.1546,2.8978e-05,0.1562,0.2675,0.2918,13.65,15.45,17.66,2.207,0,backfill
,2025-10-06,2,481,0.1532,2.96154e-05,0.1549,0.2689,0.2886,20.58,16.81,19.51,2.704,0,backfill
,2025-10-07,2,482,0.153,2.94616e-05,0.1543,0.2683,0.2903,12.24,15.04,19.94,4.899,0,backfill
,2025-10-08,2,483,0.1528,2.95794e-05,0.1539,0.2691,0.2895,17.78,16.24,21.81,5.568,0,backfill
,2025-10-09,2,483,0.1516,3.0304e-05,0.1543,0.2736,0.2821,28.48,19.31,21.85,2.538,0,backfill
,2025-10-10,2,483,0.1514,3.03626e-05,0.1538,0.273,0.2827,18.45,17.64,23.78,6.139,0,backfill
,2025-10-13,2,481,0.1516,3.07071e-05,0.1528,0.285,0.2724,29.46,20.73,24.53,3.801,0,backfill
,2025-10-14,2,482,0.1519,3.07014e-05,0.1522,0.2846,0.2732,19.74,19.34,26.11,6.765,0,backfill
,2025-10-15,2,483,0.1519,3.06961e-05,0.1526,0.2825,0.2745,17.83,19.07,27.12,8.053,0,backfill
,2025-10-16,2,483,0.1532,3.09694e-05,0.1486,0.3015,0.2617,29.45,21.54,32.78,11.24,0,backfill
,2025-10-17,2,483,0.1587,3.0172e-05,0.1663,0.3207,0.243,43.52,27.75,31.2,3.448,0,backfill
,2025-10-20,2,481,0.1738,2.95547e-05,0.1898,0.3285,0.2234,37.2,27.59,31.43,3.839,0,backfill
,2025-10-21,2,482,0.1954,2.14878e-05,0.2426,0.4892,0.1137,67.57,46.06,29.82,-16.24,0,backfill
,2025-10-22,2,483,0.2004,2.46344e-05,0.1835,0.4779,0.1514,35.78,36.88,27.19,-9.692,0,backfill
,2025-10-23,2,483,0.19,2.84395e-05,0.213,0.3431,0.2166,21.24,31.34,26.68,-4.664,0,backfill
,2025-10-24,2,483,0.1885,3.01286e-05,0.2305,0.2883,0.237,23.98,29.33,24.75,-4.584,0,backfill
,2025-10-27,2,481,0.1944,2.9656e-05,0.2248,0.3055,0.2316,32.43,31.26,23.94,-7.321,0,backfill
,2025-10-28,2,482,0.2012,2.94915e-05,0.2242,0.3081,0.2314,31.94,27.63,24.03,-3.604,0,backfill
,2025-10-29,2,483,0.2041,2.94499e-05,0.2243,0.3081,0.2319,27.78,26.1,24.7,-1.397,0,backfill
,2025-10-30,2,483,0.2065,2.92282e-05,0.2248,0.3059,0.2374,27.86,26.63,24.82,-1.81,0,backfill
,2025-10-31,2,483,0.2039,3.13622e-05,0.2248,0.3097,0.2112,18.4,24.17,22.66,-1.511,0,backfill
,2025-11-03,2,481,0.2363,2.75734e-05,0.2558,0.2996,0.2073,17.08,22.7,21.38,-1.323,0,backfill
,2025-11-04,2,482,0.2361,2.82612e-05,0.2569,0.3018,0.1962,19.39,22.22,21.43,-0.7913,0,backfill
,2025-11-05,2,483,0.2351,2.94967e-05,0.2574,0.3095,0.1743,15.62,20.34,20.15,-0.1888,0,backfill
,2025-11-06,2,483,0.2355,3.10397e-05,0.2538,0.3311,0.1416,13.22,18.44,20.13,1.692,0,backfill
,2025-11-07,2,483,0.236,3.21863e-05,0.2491,0.3512,0.1158,12.89,17.61,20.36,2.746,0,backfill
,2025-11-10,2,481,0.2361,3.0541e-05,0.2469,0.3379,0.1532,28.1,22.85,23.34,0.4889,0,backfill
,2025-11-11,2,482,0.2341,3.21326e-05,0.2411,0.3572,0.1221,12.05,18.13,23.33,5.203,0,backfill
,2025-11-12,2,483,0.2341,3.08082e-05,0.2402,0.3453,0.1499,26.14,22.44,25.82,3.382,0,backfill
,2025-11-13,2,483,0.2368,3.02142e-05,0.2416,0.3462,0.1494,23.04,22.18,24.82,2.645,0,backfill
,2025-11-14,2,483,0.2393,2.5791e-05,0.2496,0.3075,0.2319,42.2,31.04,24.13,-6.912,0,backfill
,2025-11-17,2,481,0.2375,2.77516e-05,0.2366,0.3228,0.2115,23.69,25.15,24.07,-1.08,0,backfill
,2025-11-18,2,482,0.237,2.8565e-05,0.2375,0.3238,0.2007,20.36,24.4,23.9,-0.4971,0,backfill
,2025-11-19,2,483,0.236,2.93828e-05,0.2401,0.3215,0.1912,18.32,23.2,23.89,0.6907,0,backfill
,2025-11-20,2,483,0.235,3.01583e-05,0.2418,0.3199,0.1839,17.7,21.88,22.93,1.045,0,backfill
,2025-11-21,2,483,0.2345,3.04205e-05,0.2425,0.3172,0.1839,19.47,19.94,21.93,1.994,0,backfill
,2025-11-24,2,481,0.2339,3.04815e-05,0.2425,0.3127,0.1908,23.75,21.11,22.55,1.44,0,backfill
,2025-11-25,2,482,0.2327,3.08342e-05,0.2409,0.3174,0.1824,11.45,17.8,22.4,4.601,0,backfill
,2025-11-26,2,483,0.2324,3.10149e-05,0.2421,0.3188,0.1766,9.995,16.87,21.95,5.081,0,backfill
,2025-11-28,2,482,0.2315,3.11406e-05,0.2416,0.3153,0.1817,20,18.95,22.87,3.918,0,backfill
,2025-12-01,2,480,0.2308,3.13477e-05,0.2417,0.3155,0.1793,13.06,16.89,23.34,6.453,0,backfill
,2025-12-02,2,481,0.2308,3.13475e-05,0.2417,0.3155,0.1793,16.94,17.08,22.49,5.405,0,backfill
,2025-12-03,2,482,0.2307,3.13493e-05,0.2413,0.3181,0.1758,10.81,15.72,21.96,6.239,0,backfill
,2025-12-04,2,482,0.2313,3.11516e-05,0.2421,0.3207,0.172,10.78,15.66,20.57,4.91,0,backfill
,2025-12-05,2,482,0.2312,3.12204e-05,0.2423,0.3206,0.1716,15.48,16.24,19.92,3.678,0,backfill
,2025-12-08,2,480,0.231,3.13571e-05,0.2419,0.3237,0.1672,9.904,14.93,19.58,4.652,0,backfill
,2025-12-09,2,481,0.2312,3.13364e-05,0.242,0.3245,0.1658,12.16,15.01,20.35,5.341,0,backfill
,2025-12-10,2,482,0.2313,3.13262e-05,0.242,0.3251,0.165,13.72,15.48,20.2,4.721,0,backfill
,2025-12-11,2,482,0.2311,3.13595e-05,0.2422,0.3231,0.1675,19.2,17.24,20.97,3.73,0,backfill
,2025-12-12,2,482,0.2309,3.13533e-05,0.2431,0.3202,0.1708,22.38,18.7,21.46,2.76,0,backfill
,2025-12-15,2,480,0.2301,3.18663e-05,0.2416,0.3238,0.1654,14.99,16.95,21.2,4.254,0,backfill
,2025-12-16,2,481,0.2302,3.18489e-05,0.2416,0.324,0.165,15.51,17.17,20.18,3.013,0,backfill
,2025-12-17,2,482,0.2301,3.1776e-05,0.2419,0.3241,0.1641,11.57,15.9,21.22,5.323,0,backfill
,2025-12-18,2,482,0.2296,3.20006e-05,0.2416,0.3246,0.1628,15.59,16.4,21.31,4.915,0,backfill
,2025-12-19,2,482,0.2292,3.20296e-05,0.2415,0.3246,0.1623,11.52,14.7,20.72,6.019,0,backfill
,2025-12-22,2,480,0.2266,3.29212e-05,0.2407,0.3231,0.1613,25.12,19.13,23.8,4.668,0,backfill
,2025-12-23,2,481,0.2264,3.28013e-05,0.2395,0.3242,0.1615,15.51,16.47,24.53,8.059,0,backfill
,2025-12-24,2,482,0.2264,3.28232e-05,0.2394,0.3243,0.1615,17.06,17.12,23.81,6.692,0,backfill
,2025-12-26,2,482,0.2258,3.28452e-05,0.2394,0.3237,0.1617,13.83,16.21,25.78,9.565,0,backfill
,2025-12-29,2,480,0.1946,3.65468e-05,0.2296,0.3439,0.1403,56.87,34.69,25.71,-8.978,0,backfill
,2025-12-30,2,481,0.1851,3.72073e-05,0.1793,0.3679,0.1559,17.78,22.92,24.83,1.911,0,backfill
,2025-12-31,2,482,0.1854,3.7207e-05,0.1798,0.3663,0.1567,22.13,23.97,23.92,-0.048,0,backfill
,2026-01-02,2,482,0.1852,3.72498e-05,0.1814,0.3602,0.1601,20.76,23.93,23.8,-0.1258,0,backfill
,2026-01-05,2,480,0.1852,3.7892e-05,0.1806,0.3618,0.1563,24.42,25.2,24.25,-0.9522,0,backfill
,2026-01-06,2,481,0.1829,3.80185e-05,0.1848,0.3434,0.167,15,18.69,24.82,6.132,0,backfill
,2026-01-07,2,482,0.1828,3.80221e-05,0.185,0.3432,0.1665,16.95,18.97,24.13,5.162,0,backfill
,2026-01-08,2,482,0.1823,3.82425e-05,0.185,0.3433,0.1645,15.91,18.36,24.07,5.71,0,backfill
,2026-01-09,2,482,0.1816,3.84777e-05,0.1852,0.3435,0.1618,13.83,17.59,23.43,5.84,0,backfill
,2026-01-12,2,480,0.1815,3.84688e-05,0.1859,0.3414,0.1657,24.91,19.89,25.03,5.14,0,backfill
,2026-01-13,2,481,0.1811,3.85431e-05,0.1844,0.3446,0.162,13.92,17.7,23.76,6.06,0,backfill
,2026-01-14,2,482,0.181,3.85877e-05,0.1848,0.3457,0.1588,11.59,17,23.57,6.565,0,backfill
,2026-01-15,2,483,0.181,3.86122e-05,0.1853,0.3467,0.1559,11,16.55,22.06,5.509,0,backfill
,2026-01-16,2,483,0.1805,3.88195e-05,0.1849,0.3466,0.1557,17.98,17.93,22.23,4.299,0,backfill
,2026-01-20,2,481,0.1783,3.95202e-05,0.1851,0.3413,0.1614,30.31,21.44,24.79,3.345,0,backfill
,2026-01-21,2,482,0.1792,3.93964e-05,0.1886,0.3361,0.1658,26.48,21.46,26.27,4.811,0,backfill
,2026-01-22,2,482,0.18,3.91572e-05,0.193,0.3297,0.175,33.68,24.92,28.11,3.187,0,backfill
,2026-01-23,2,482,0.1784,3.94798e-05,0.1891,0.3315,0.1722,17.39,21.75,30.01,8.255,0,backfill
,2026-01-26,2,480,0.1768,4.02899e-05,0.1884,0.3318,0.1691,23.49,23.13,32.7,9.567,0,backfill
,2026-01-27,2,481,0.1797,3.95896e-05,0.1859,0.3419,0.1716,34.85,26.3,33.13,6.831,0,backfill
,2026-01-28,2,482,0.1885,3.72514e-05,0.2021,0.344,0.1821,46.98,32.15,39.67,7.525,0,backfill
,2026-01-29,2,482,0.203,2.1292e-05,0.3722,0.3269,0.1966,87.28,62.16,46.02,-16.14,0,backfill
,2026-01-30,2,482,0.5174,-4.39881e-05,1.561,-0.1185,0.00859,146.3,180.4,44.08,-136.3,0,backfill
,2026-02-02,2,480,0.4122,-7.50162e-07,0.6446,-0.01984,0.5211,98.69,85.35,37.38,-47.97,0,backfill
,2026-02-03,2,481,0.4192,1.38904e-05,0.7332,-0.4162,0.7112,64.42,32.34,41.04,8.695,0,backfill
,2026-02-04,2,482,0.4211,1.05222e-05,0.7019,-0.3164,0.6704,47.04,20.07,36.93,16.86,0,backfill
,2026-02-05,2,482,0.4209,5.7671e-06,0.657,-0.1921,0.631,51.52,43.06,35.53,-7.534,0,backfill
,2026-02-06,2,482,0.4267,-3.33147e-06,0.6295,-0.1274,0.6684,64.26,62.15,33.96,-28.19,0,backfill
,2026-02-09,2,480,0.4135,3.12933e-05,0.6287,-0.0621,0.3137,23.13,33.46,32.84,-0.6209,0,backfill
,2026-02-10,2,481,0.4128,3.97679e-05,0.6315,-0.04091,0.2176,17.29,28.56,28.86,0.3023,0,backfill
,2026-02-11,2,482,0.4126,4.3394e-05,0.6321,-0.0301,0.1753,20.27,28.48,29.38,0.8972,0,backfill
,2026-02-12,2,482,0.413,3.59997e-05,0.6318,-0.05463,0.2637,42.39,43.59,30.23,-13.36,0,backfill
,2026-02-13,2,482,0.4121,4.25334e-05,0.6288,-0.0304,0.1883,30.97,35.06,30.84,-4.223,0,backfill
,2026-02-17,2,480,0.413,3.93063e-05,0.63,-0.04392,0.2284,42.29,43.09,33.24,-9.849,0,backfill
,2026-02-18,2,481,0.4124,4.38064e-05,0.6273,-0.02548,0.1751,31.47,35.03,33.75,-1.278,0,backfill
,2026-02-19,2,482,0.4111,4.84866e-05,0.6265,-0.008555,0.1197,13.58,24.21,33.56,9.345,0,backfill
,2026-02-20,2,482,0.4112,4.80343e-05,0.6264,-0.008847,0.1217,24.79,29.34,36.44,7.098,0,backfill
,2026-02-23,2,480,0.4112,4.94526e-05,0.6266,-0.005762,0.1105,25.15,29.08,38.46,9.384,0,backfill
,2026-02-24,2,481,0.4113,4.93957e-05,0.6266,-0.005989,0.1112,29.38,31.48,37.55,6.067,0,backfill
,2026-02-25,2,482,0.4108,5.12993e-05,0.6256,0.002571,0.08765,18.64,24.66,34.96,10.3,0,backfill
,2026-02-26,2,482,0.4106,5.25718e-05,0.6254,0.007472,0.07349,14.18,21.89,33.07,11.18,0,backfill
,2026-02-27,2,482,0.4106,5.24309e-05,0.6254,0.007718,0.07287,21.12,25.05,33.23,8.179,0,backfill
,2026-03-02,2,480,0.4106,5.23281e-05,0.6256,0.005608,0.078,28.71,29.55,34.83,5.28,0,backfill
,2026-03-03,2,481,0.4051,4.36475e-05,0.6318,-0.03654,0.1876,71.39,61.59,38.77,-22.82,0,backfill
,2026-03-04,2,481,0.3915,5.0584e-05,0.6012,0.006536,0.1197,23.21,25.98,36.48,10.5,0,backfill
,2026-03-05,2,481,0.3919,5.00215e-05,0.6013,0.006368,0.1211,27.01,27.24,35.31,8.071,0,backfill
,2026-03-06,2,481,0.3918,5.02528e-05,0.6019,0.005619,0.1192,21.19,23.46,34.26,10.8,0,backfill
,2026-03-09,2,480,0.3916,5.04634e-05,0.6004,0.008058,0.1215,35.26,32.07,33.52,1.445,0,backfill
,2026-03-10,2,481,0.3912,5.04977e-05,0.6007,0.006796,0.1198,22.35,23.67,32.11,8.439,0,backfill
,2026-03-11,2,481,0.3911,5.03217e-05,0.6008,0.007122,0.118,13.77,18.72,30.68,11.96,0,backfill
,2026-03-12,2,481,0.3917,4.92697e-05,0.6004,0.00664,0.1212,25.95,25.33,31.09,5.759,0,backfill
,2026-03-13,2,481,0.3919,4.961e-05,0.6013,0.006327,0.1199,22.23,23.13,32.31,9.179,0,backfill
,2026-03-16,2,480,0.3919,4.98768e-05,0.6015,0.006967,0.1179,14.17,18.84,30.56,11.72,0,backfill
,2026-03-17,2,481,0.3919,4.98228e-05,0.6015,0.007194,0.1171,13.77,18.4,27.98,9.575,0,backfill
,2026-03-18,2,481,0.3906,5.05575e-05,0.6009,0.005564,0.1224,41.26,35.48,29.42,-6.064,0,backfill
,2026-03-19,2,481,0.3875,5.16474e-05,0.612,-0.007636,0.1375,74.02,60.1,31.05,-29.05,0,backfill
,2026-03-20,2,481,0.3917,5.14522e-05,0.6054,-0.003182,0.1362,53.76,44.99,35.25,-9.743,0,backfill
,2026-03-23,2,480,0.3855,5.12739e-05,0.6215,0.01056,0.1425,96.58,78.64,43.36,-35.28,0,backfill
,2026-03-24,2,481,0.3626,5.53866e-05,0.5656,0.02221,0.1467,38.89,36.31,41.9,5.593,0,backfill
,2026-03-25,2,481,0.3625,5.55848e-05,0.5678,0.01611,0.1476,30.06,30.85,38.65,7.805,0,backfill
,2026-03-26,2,481,0.3629,5.54479e-05,0.5632,0.0271,0.1463,41.49,37.88,45.07,7.188,0,backfill
,2026-03-27,2,481,0.3636,5.55265e-05,0.5629,0.02791,0.1464,39.12,36.47,45.51,9.038,0,backfill
,2026-03-30,2,481,0.3641,5.54158e-05,0.5632,0.02735,0.1461,35.14,33.53,42.71,9.179,0,backfill
,2026-03-31,2,482,0.3645,5.52864e-05,0.5632,0.02708,0.148,36.41,34.39,38.89,4.497,0,backfill
,2026-04-01,2,482,0.3642,5.56829e-05,0.5631,0.02791,0.1432,26.26,28.57,36.11,7.537,0,backfill
,2026-04-02,2,482,0.3639,5.47518e-05,0.5614,0.02653,0.1592,49.78,42.76,37.85,-4.906,0,backfill
,2026-04-06,2,480,0.3617,5.5957e-05,0.5582,0.03042,0.1482,21.78,26.18,37.04,10.86,0,backfill
,2026-04-07,2,481,0.3617,5.60268e-05,0.5584,0.03046,0.1469,23.14,26.69,37.43,10.74,0,backfill
,2026-04-08,2,481,0.3616,5.60332e-05,0.5579,0.03007,0.1503,33.22,32.21,34.21,2.001,0,backfill
,2026-04-09,2,481,0.3612,5.62737e-05,0.5577,0.03147,0.145,21.46,25.79,31.66,5.869,0,backfill
,2026-04-10,2,481,0.361,5.66579e-05,0.5582,0.03198,0.1407,13.41,22.06,30.46,8.405,0,backfill
,2026-04-13,2,480,0.3607,5.68121e-05,0.5579,0.03047,0.1449,30.1,30.09,30,-0.0891,0,backfill
,2026-04-14,2,481,0.3604,5.70386e-05,0.5576,0.03248,0.1399,20.32,24.92,31.04,6.116,0,backfill
,2026-04-15,2,481,0.3603,5.71698e-05,0.5577,0.03352,0.1367,17.19,23.34,29.97,6.625,0,backfill
,2026-04-16,2,481,0.3602,5.75323e-05,0.5577,0.0348,0.1328,13.67,21.85,28.65,6.798,0,backfill
,2026-04-17,2,481,0.3601,5.73058e-05,0.5577,0.0341,0.1349,25.9,27.5,28.95,1.449,0,backfill
,2026-04-20,2,480,0.3599,5.78331e-05,0.5575,0.03563,0.1306,19.05,23.83,28.46,4.634,0,backfill
,2026-04-21,2,481,0.3598,5.76446e-05,0.5576,0.03339,0.1362,33.78,31.42,29.31,-2.106,0,backfill
,2026-04-22,2,481,0.3591,5.75881e-05,0.5565,0.03674,0.13,11.55,20.02,27.09,7.073,0,backfill
,2026-04-23,2,481,0.3591,5.74547e-05,0.5565,0.03688,0.1298,18.4,21.5,27.87,6.367,0,backfill
,2026-04-24,2,481,0.3592,5.7829e-05,0.5567,0.03698,0.1286,17.17,20.69,25.88,5.188,0,backfill
,2026-04-27,2,480,0.359,5.79277e-05,0.5567,0.03727,0.1276,13.07,18.79,25.37,6.58,0,backfill
,2026-04-28,2,481,0.3587,5.82654e-05,0.5564,0.03689,0.129,30.58,27.82,26.19,-1.631,0,backfill
,2026-04-29,2,481,0.3585,5.82315e-05,0.556,0.03764,0.128,21.29,22.39,27.77,5.383,0,backfill
,2026-04-30,2,481,0.3584,5.82979e-05,0.556,0.03764,0.128,22.36,22.9,26.64,3.742,0,backfill
,2026-05-01,2,481,0.3584,5.82754e-05,0.5559,0.03767,0.1278,21.25,22.21,26.43,4.219,0,backfill
,2026-05-04,2,480,0.3582,5.88268e-05,0.5559,0.03754,0.1278,29.25,26.93,27.92,0.9906,0,backfill
,2026-05-05,2,481,0.358,5.84875e-05,0.5557,0.03769,0.1276,15.64,19.15,26.61,7.464,0,backfill
,2026-05-06,2,481,0.3573,5.95292e-05,0.5551,0.03814,0.1272,36.64,31.47,26.34,-5.129,0,backfill
,2026-05-07,2,481,0.3582,5.72129e-05,0.5546,0.03854,0.1298,16.49,19.71,27.03,7.319,0,backfill
,2026-05-08,2,481,0.3594,5.82173e-05,0.5572,0.0368,0.1279,18.07,20.36,26.48,6.116,0,backfill
,2026-05-11,2,480,0.3592,5.85313e-05,0.557,0.03714,0.1274,20.92,21.77,27.48,5.707,0,backfill
,2026-05-12,2,481,0.3592,5.87949e-05,0.5569,0.03722,0.1274,27.95,25.95,27.16,1.21,0,backfill
,2026-05-13,2,481,0.3589,5.85068e-05,0.5567,0.03732,0.1273,11.91,17.41,26.56,9.146,0,backfill
,2026-05-14,2,481,0.3588,5.85434e-05,0.5567,0.0374,0.1271,15.56,18.92,25.79,6.873,0,backfill
,2026-05-15,2,481,0.3584,5.93946e-05,0.5564,0.03725,0.127,32.45,28.65,26.34,-2.312,0,backfill
,2026-05-18,2,480,0.3581,5.92438e-05,0.5561,0.03754,0.1269,22.09,22.54,26.2,3.66,0,backfill
,2026-05-19,2,481,0.3581,5.9405e-05,0.556,0.03756,0.1269,26.54,25.07,26.63,1.562,0,backfill
,2026-05-20,2,481,0.3581,5.91436e-05,0.556,0.03768,0.127,21.87,22.48,25.17,2.688,0,backfill
,2026-05-21,2,481,0.3581,5.94305e-05,0.5562,0.03737,0.1266,17.7,20.24,24.59,4.349,0,backfill
,2026-05-22,2,481,0.358,5.93661e-05,0.5563,0.03715,0.1265,12.45,17.74,23.86,6.115,0,backfill
,2026-05-26,2,480,0.3578,5.96729e-05,0.5561,0.03719,0.1263,21.73,22.2,24.27,2.074,0,backfill
,2026-05-27,2,481,0.3577,5.99065e-05,0.5562,0.03709,0.1264,27.68,25.69,24.47,-1.22,0,backfill
,2026-05-28,2,481,0.3577,6.04753e-05,0.5564,0.0367,0.1262,32.03,28.54,24.83,-3.713,0,backfill
,2026-05-29,2,481,0.3574,6.04273e-05,0.556,0.03696,0.1259,22.43,22.86,24.91,2.054,0,backfill
,2026-06-01,2,480,0.3572,6.05389e-05,0.556,0.03689,0.1257,21.34,22.32,25.64,3.322,0,backfill
,2026-06-02,2,481,0.3572,6.03594e-05,0.5561,0.03675,0.1258,16.62,19.88,24.44,4.557,0,backfill
,2026-06-03,2,481,0.3572,6.02096e-05,0.5562,0.03661,0.1258,15.1,19.05,24.49,5.441,0,backfill
,2026-06-04,2,481,0.3572,6.03527e-05,0.5562,0.03656,0.1257,19.74,21.11,23.87,2.757,0,backfill
,2026-06-05,2,481,0.3566,6.14638e-05,0.5562,0.03602,0.1256,37.1,31.78,28.89,-2.892,0,backfill
,2026-06-08,2,480,0.356,6.0892e-05,0.5551,0.03709,0.1255,18.58,20.7,27.17,6.467,0,backfill
,2026-06-09,2,481,0.3559,6.12165e-05,0.555,0.03723,0.1254,28.38,26.3,28.04,1.741,0,backfill
,2026-06-10,2,481,0.3556,6.25827e-05,0.5555,0.03711,0.1245,43.51,36.34,32.18,-4.161,0,backfill
,2026-06-11,2,481,0.3566,6.30553e-05,0.5569,0.03669,0.124,44.9,37.59,28.33,-9.256,0,backfill
,2026-06-12,2,481,0.3551,6.23637e-05,0.5551,0.03603,0.1253,17.29,21.07,26.85,5.782,0,backfill
,2026-06-15,2,480,0.355,6.2858e-05,0.5549,0.03639,0.1245,23.76,24.42,26.47,2.05,0,backfill
,2026-06-16,2,481,0.3549,6.25455e-05,0.5554,0.03522,0.1248,10.91,18.49,25.18,6.694,0,backfill
,2026-06-17,2,481,0.3542,6.30697e-05,0.5538,0.03781,0.1248,36.68,31.97,28.45,-3.518,0,backfill
,2026-06-18,2,481,0.3542,6.33233e-05,0.5536,0.03785,0.1241,28.9,27.07,27.9,0.8322,0,backfill
,2026-06-22,2,480,0.3538,6.33819e-05,0.5534,0.03813,0.1233,19.71,21.99,26.15,4.155,0,backfill
,2026-06-23,2,481,0.3538,6.34658e-05,0.5533,0.03818,0.1234,24.69,24.65,27.41,2.759,0,backfill
,2026-06-24,2,481,0.3536,6.38456e-05,0.5533,0.03815,0.1243,36.85,32.23,31.6,-0.6288,0,backfill
,2026-06-25,2,481,0.3531,6.37594e-05,0.5527,0.03833,0.1235,19.86,22.33,29.58,7.252,0,backfill
,2026-06-26,2,481,0.353,6.40231e-05,0.5525,0.03842,0.1235,26.66,25.97,27.18,1.207,0,backfill
,2026-06-29,2,480,0.3528,6.40245e-05,0.5525,0.03849,0.123,21.36,23.07,27.7,4.629,0,backfill
,2026-06-30,2,481,0.3527,6.42117e-05,0.5524,0.03859,0.1234,29.12,27.39,27.2,-0.1936,0,backfill
,2026-07-01,2,481,0.3527,6.48409e-05,0.5525,0.03849,0.1237,37.18,32.44,27.12,-5.321,0,backfill
,2026-07-02,2,481,0.3528,6.41446e-05,0.5522,0.03891,0.1239,26.58,26.1,26,-0.1032,0,backfill
,2026-07-06,2,480,0.3536,6.38068e-05,0.553,0.03861,0.1233,17.09,21.17,25.33,4.162,0,backfill
,2026-07-07,2,481,0.3536,6.37941e-05,0.553,0.0386,0.1233,20.62,22.86,26.21,3.352,0,backfill
,2026-07-08,2,481,0.3535,6.41271e-05,0.5528,0.03897,0.123,26.16,25.83,27.6,1.773,0,backfill
,2026-07-09,2,481,0.3534,6.3919e-05,0.5528,0.03898,0.1227,19.74,22.13,25.33,3.195,0,backfill
,2026-07-10,2,481,0.3533,6.41563e-05,0.5527,0.03959,0.1213,14.58,19.68,23.95,4.269,0,backfill
,2026-07-13,2,480,0.3531,6.46616e-05,0.5527,0.03893,0.122,27.93,26.57,26.93,0.3562,0,backfill
,2026-07-14,2,481,0.3532,6.47288e-05,0.5528,0.03876,0.1223,28.73,27,25.02,-1.978,0,backfill
,2026-07-15,2,481,0.3529,6.43796e-05,0.5526,0.03921,0.1217,15.47,19.76,24.88,5.124,0,backfill
,2026-07-16,2,481,0.3528,6.46578e-05,0.5525,0.03916,0.1216,23.35,23.72,26.65,2.934,0,backfill
,2026-07-17,2,481,0.3528,6.42076e-05,0.5525,0.03937,0.1216,15.72,19.88,25.6,5.716,0,backfill
,2026-07-20,2,480,0.3528,6.46156e-05,0.5527,0.03913,0.1208,14.12,19.12,25.37,6.254,0,backfill
,2026-07-21,2,481,0.3528,6.46734e-05,0.5527,0.0391,0.1209,21.01,22.17,23.94,1.775,0,backfill
,2026-07-22,2,481,0.3527,6.48416e-05,0.5526,0.03916,0.1206,20.89,22.09,24.02,1.927,0,backfill
,2026-07-23,2,481,0.3526,6.48865e-05,0.5526,0.03911,0.1207,23.64,23.6,25.14,1.538,0,backfill
,2026-07-24,2,481,0.3525,6.48362e-05,0.5525,0.0394,0.1202,14.39,18.97,24.33,5.363,0,backfill
,2026-07-27,2,480,0.3523,6.51405e-05,0.5525,0.03933,0.1196,12.16,17.9,24.13,6.229,0,backfill
,2026-07-28,2,481,0.3523,6.51296e-05,0.5525,0.03933,0.1196,17.57,20.19,24.62,4.427,0,backfill
,2026-07-29,2,481,0.3521,6.55723e-05,0.5525,0.0391,0.1196,28.55,26.31,24.64,-1.667,0,backfill
,2026-07-30,2,481,0.3519,6.56136e-05,0.5523,0.03927,0.1194,21.06,22.04,24.48,2.437,0,backfill
,2026-07-31,2,481,0.3518,6.57209e-05,0.5522,0.03922,0.1193,21.8,22.44,23.31,0.8674,0,backfill
,2026-08-03,2,480,0.3516,6.58695e-05,0.5522,0.03912,0.119,16.59,19.7,23.65,3.946,0,backfill
,2026-08-04,2,481,0.3516,6.57104e-05,0.5523,0.03905,0.1191,15.14,18.96,23.5,4.544,0,backfill
,2026-08-05,2,481,0.3496,6.77539e-05,0.5514,0.03991,0.1172,46.63,38.17,25.59,-12.58,0,backfill
,2026-08-06,2,481,0.3481,6.68267e-05,0.548,0.04221,0.1182,18.2,20.93,24.86,3.927,0,backfill
,2026-08-07,2,481,0.3477,6.77244e-05,0.5476,0.04286,0.117,31.55,28.47,25.64,-2.825,0,backfill
,2026-08-10,2,480,0.3472,6.76796e-05,0.5473,0.04259,0.117,17.26,20.67,27.9,7.227,0,backfill
,2026-08-11,2,481,0.3472,6.75522e-05,0.5475,0.04232,0.1172,16.97,20.55,25.99,5.436,0,backfill
,2026-08-12,2,481,0.3472,6.7331e-05,0.5476,0.0421,0.1175,17.37,20.28,25.58,5.303,0,backfill
,2026-08-13,2,481,0.3471,6.78166e-05,0.5476,0.04202,0.1169,23.35,23.36,23.87,0.5095,0,backfill
,2026-08-14,2,481,0.3469,6.79669e-05,0.5476,0.04201,0.1165,19.26,21.12,23.92,2.803,0,backfill
,2026-08-17,2,480,0.3468,6.767e-05,0.5476,0.04213,0.1166,13.74,18.51,25.12,6.608,0,backfill
,2026-08-18,2,481,0.3468,6.78804e-05,0.5475,0.0421,0.1166,23.59,23.42,23.98,0.5643,0,backfill
,2026-08-19,2,481,0.3459,6.9349e-05,0.5479,0.04123,0.116,43.59,36.19,26.68,-9.512,0,backfill
,2026-08-20,2,481,0.3448,6.88019e-05,0.5456,0.04286,0.1161,19.08,21.57,27.28,5.706,0,backfill
,2026-08-21,2,481,0.3446,6.93439e-05,0.5455,0.04306,0.1153,25.73,25.15,27.29,2.136,0,backfill
,2026-08-24,2,480,0.3443,6.94581e-05,0.5455,0.04292,0.1148,17.61,20.98,28.28,7.298,0,backfill
,2026-08-25,2,481,0.3444,6.94008e-05,0.5456,0.04282,0.1148,19.34,21.78,27.69,5.909,0,backfill
,2026-08-26,2,481,0.3442,6.94538e-05,0.5456,0.04271,0.1146,18.87,21.27,26.96,5.692,0,backfill
,2026-08-27,2,481,0.3441,6.95025e-05,0.5456,0.04278,0.1142,16.73,20.24,26.8,6.556,0,backfill
,2026-08-28,2,481,0.3431,7.05949e-05,0.5453,0.04233,0.1147,40.08,33.88,25.17,-8.713,0,backfill
,2026-08-31,2,480,0.3421,7.04638e-05,0.5434,0.04402,0.1136,16.14,20.3,24.4,4.095,0,backfill
,2026-09-01,2,481,0.3418,7.08771e-05,0.5431,0.04427,0.1136,30.23,27.85,25.43,-2.418,0,backfill
,2026-09-02,2,482,0.3418,7.07658e-05,0.543,0.0443,0.1136,25.04,24.97,26.14,1.172,0,backfill
,2026-09-03,2,482,0.3416,7.11037e-05,0.543,0.0444,0.1133,27.97,26.75,27.18,0.4261,0,backfill
,2026-09-04,2,482,0.3415,7.11833e-05,0.543,0.0444,0.1131,26.8,25.8,26.63,0.8274,0,backfill
,2026-09-08,2,481,0.3413,7.13233e-05,0.5429,0.04436,0.1127,23.17,23.89,27.26,3.366,0,backfill
,2026-09-09,2,481,0.3412,7.16505e-05,0.5431,0.04413,0.112,20.42,22.33,27.79,5.461,0,backfill
,2026-09-10,2,481,0.341,7.20109e-05,0.5429,0.04425,0.1117,27.02,25.93,28.48,2.546,0,backfill
,2026-09-11,2,481,0.3408,7.21232e-05,0.5429,0.04425,0.1114,24.31,24.43,25.68,1.249,0,backfill
,2026-09-14,2,480,0.3405,7.25339e-05,0.5428,0.04423,0.1106,22.78,23.61,26.54,2.927,0,backfill
2026-09-14T11:32:16.007848+00:00,,2,480,0.3275,5.87494e-05,0.574,-0.008731,0.016,17.4,18.04,25.68,7.643,1,live_v1
2026-09-14T11:42:11.678149+00:00,,2,480,0.3275,5.87494e-05,0.574,-0.008731,0.016,17.4,18.04,25.68,7.643,1,live_v1
,2026-09-15,2,481,0.3405,7.22164e-05,0.5429,0.04429,0.1105,12.46,18.82,26.9,8.084,0,backfill
,2026-09-16,2,481,0.34,7.29659e-05,0.5425,0.04437,0.1103,30.69,28.11,26.55,-1.557,0,backfill
2026-09-16T14:40:41.156659+00:00,,2,482,0.3405,7.2228e-05,0.5429,0.04429,0.1105,19.18,21.66,26.99,5.332,1,live_v1
,2026-09-17,2,481,0.3399,7.32339e-05,0.5424,0.04434,0.1099,28.17,26.71,24.98,-1.733,0,backfill
2026-09-17T05:55:03.124539+00:00,,2,482,0.3397,7.2514e-05,0.542,0.04485,0.1101,13.6,19.32,26.55,7.226,1,live_v1
,2026-09-18,2,481,0.3395,7.30645e-05,0.5422,0.0446,0.1093,14.63,19.83,23.31,3.477,0,backfill
2026-09-18T05:41:41.500725+00:00,,2,482,0.3396,7.27655e-05,0.5422,0.0447,0.1095,8.055,17.6,24.98,7.377,1,live_v1
2026-09-19T05:35:53.237188+00:00,,2,481,0.3395,7.30645e-05,0.5422,0.0446,0.1093,14.63,19.83,23.31,3.477,0,live_v1
2026-09-20T05:55:02.513533+00:00,,2,480,0.3393,7.33272e-05,0.5422,0.04456,0.1088,14.63,19.84,23.31,3.468,0,live_v1
,2026-09-21,2,480,0.3393,7.33726e-05,0.5423,0.0445,0.1084,13.42,19.07,23.38,4.312,0,backfill
2026-09-21T06:01:24.356082+00:00,,2,480,0.3393,7.32743e-05,0.5424,0.04448,0.1083,7.489,17.16,23.31,6.152,1,live_v1
,2026-09-22,2,481,0.3393,7.33658e-05,0.5423,0.0445,0.1084,18.87,21.47,23.59,2.125,0,backfill
2026-09-22T05:57:14.385953+00:00,,2,481,0.3394,7.32059e-05,0.5424,0.04447,0.1083,13.35,19.01,23.38,4.365,1,live_v1
,2026-09-23,2,481,0.3393,7.32848e-05,0.5423,0.04451,0.1085,21.17,22.48,22.77,0.2933,0,backfill
2026-09-23T05:41:50.931964+00:00,,2,482,0.3393,7.30167e-05,0.5424,0.04449,0.1083,8.146,17.09,,,1,live_v1
,2026-09-24,2,481,0.3392,7.34004e-05,0.5423,0.04461,0.1077,13.21,18.72,22.58,3.859,0,backfill
2026-09-24T05:57:23.339432+00:00,,2,482,0.3393,7.2872e-05,0.5423,0.04479,0.1084,6.616,16.64,22.77,6.132,1,live_v1
,2026-09-25,2,481,0.3391,7.34506e-05,0.5423,0.04474,0.1072,13.77,18.91,22.44,3.534,0,backfill
2026-09-25T05:59:17.098755+00:00,,2,482,0.3393,7.31509e-05,0.5424,0.0448,0.1075,9.001,17.22,22.58,5.361,1,live_v1
2026-09-26T05:58:46.297251+00:00,,2,481,0.3391,7.34506e-05,0.5423,0.04474,0.1072,13.77,18.91,22.44,3.534,0,live_v1
2026-09-27T06:25:53.638376+00:00,,2,480,0.3389,7.37754e-05,0.5423,0.04475,0.1066,13.77,18.92,22.44,3.52,0,live_v1
,2026-09-28,2,480,0.3378,7.49937e-05,0.542,0.04391,0.1069,38.89,33.09,24.83,-8.264,0,backfill
2026-09-28T06:31:49.615881+00:00,,2,480,0.3387,7.41303e-05,0.5422,0.04458,0.1065,24.46,24.19,22.44,-1.75,1,live_v1
,2026-09-29,2,481,0.3371,7.43638e-05,0.5404,0.04555,0.1067,16.62,20.57,24.37,3.799,0,backfill
2026-09-29T06:41:47.401740+00:00,,2,480,0.3389,7.36237e-05,0.5424,0.04498,0.1063,7.856,16.9,24.83,7.93,1,live_v1
,2026-09-30,2,481,0.337,7.46028e-05,0.5405,0.04551,0.106,16.49,20.32,23.74,3.418,0,backfill
2026-09-30T06:28:23.818880+00:00,,2,482,0.3372,7.40217e-05,0.5406,0.04546,0.1067,5.006,16.58,24.37,7.787,1,live_v1
,2026-10-01,2,481,0.3371,7.40629e-05,0.5406,0.04546,0.1066,12.13,18.54,23.32,4.78,0,backfill
2026-10-01T07:01:46.982308+00:00,,2,482,0.3371,7.43518e-05,0.5406,0.04545,0.1061,12.13,18.55,23.74,5.188,1,live_v1
,2026-10-02,2,481,0.337,7.47673e-05,0.5406,0.04542,0.1056,23.84,23.97,23.23,-0.7395,0,backfill
2026-10-02T06:50:40.887620+00:00,,2,482,0.3372,7.39352e-05,0.5407,0.0454,0.1067,14.52,19.36,23.32,3.964,1,live_v1
2026-10-03T06:14:43.234363+00:00,,2,481,0.337,7.47673e-05,0.5406,0.04542,0.1056,23.84,23.97,23.23,-0.7395,0,live_v1
2026-10-04T06:41:30.695433+00:00,,2,480,0.3368,7.51117e-05,0.5405,0.04545,0.105,23.84,23.98,23.23,-0.7507,0,live_v1
,2026-10-05,2,480,0.3365,7.49049e-05,0.5405,0.04543,0.1049,11.08,17.84,23.18,5.335,0,backfill
2026-10-05T06:41:56.240552+00:00,,2,480,0.3365,7.48622e-05,0.5405,0.04543,0.1049,8.844,17.14,23.23,6.093,1,live_v1
,2026-10-06,2,481,0.3366,7.49359e-05,0.5405,0.04542,0.1049,18.67,20.96,22.97,2.012,0,backfill
2026-10-06T07:22:35.338637+00:00,,2,481,0.3367,7.47072e-05,0.5406,0.04551,0.1049,11.22,17.75,23.18,5.426,1,live_v1
2026-10-07T07:01:36.907701+00:00,,2,482,0.3367,7.45888e-05,0.5405,0.04565,0.105,10.18,17.37,22.97,5.604,1,live_v1
